date,symb,clos,stge,wrsi,ws30,volu,DlPer,rvol,vspk,ascr,arnk,chan,g200,zone,rsi,delt,bbup,vtrd,bbbw,bbsq,g050,g020,adx,open,bbdn,shgh,slw,high,low,eqb,s020,s050,s100,s200,h52h,l52l,vrnk,rrnk,tren,tstr,vola,mpat,pcon,psta,pend,ppnt,xpat,patt,obv,sect
2024-08-29,TATAMTRDVR,768.65,Unknown,74.93,,11092778,80.79,1.92,False,852.65,1.0,3.06,False,Near Premium,62.27,4.43,False,Increasing,0.1132,False,True,True,13.74,745.8,False,793.0,603.05,774.45,740.6,698.02,738.75,709.57,,,804.3,560.35,9.0,81.0,Sideways,Weak,35.23,Insufficient Data,0,,,,,Insufficient Data,49123846,NO DATA
2024-10-09,IDFC,107.97,Unknown,38.3,,65270372,68.91,5.41,True,704.72,2.0,-1.88,False,Discount,41.64,13.28,False,Increasing,0.0468,False,False,False,22.76,110.04,False,123.73,104.87,110.63,107.36,114.3,110.38,110.27,,,124.5,104.5,1.0,14.0,Sideways,Moderate,20.24,Rounding Top,75,13-08-2024,09-10-2024,Start:13-08-2024@106.28 ; Q1:28-08-2024@111.95 ; Mid:11-09-2024@108.08 ; Q3:25-09-2024@109.87 ; End:09-10-2024@107.97,,Rounding Top(75),-111204265,NO DATA
2025-08-26,KSB,840.3,Stage 2 (Uptrend),56.12,768.12,7958826,7.57,17.62,True,668.78,3.0,4.19,True,Equilibrium,55.73,12.29,False,Increasing,0.1014,False,True,True,19.07,806.5,False,1005.33,599.1,912.0,790.25,802.21,820.19,833.43,805.29,768.58,958.0,582.25,13.0,1.0,Sideways,Moderate,26.06,Double Top,82,06-06-2025,11-07-2025,P1:06-06-2025@862.65 ; P2:11-07-2025@879.75,Rounding Top(75),Double Top(82) | Rounding Top(75),18891301,"Machinery, Equipment & Components"
2025-08-26,APOLLO,243.3,Stage 2 (Uptrend),77.21,155.05,21913532,19.94,1.64,False,533.16,4.0,-3.25,True,Premium,77.48,4.59,False,Increasing,0.482,False,True,True,36.0,251.48,False,250.74,91.22,253.2,241.01,170.98,193.21,190.11,167.39,140.46,255.0,87.99,7.0,99.0,Uptrend,Strong,63.57,Flag Pattern (Bull Flag),84,17-12-2024,28-01-2025,PoleS:17-12-2024@96.61 ; PoleE:08-01-2025@133.55 ; Consol:28-01-2025@118.93,Rounding Bottom(79),Flag Pattern (Bull Flag)(84) | Rounding Bottom(79),654222711,Aerospace & Defense
2025-08-26,EDELWEISS,107.92,Stage 1/3 (Neutral),54.35,97.62,46648297,29.02,4.93,True,503.43,5.0,3.77,True,Near Premium,60.76,25.84,True,Increasing,0.1551,False,True,True,31.57,104.0,False,142.05,60.52,111.0,102.6,101.29,98.54,106.84,99.33,104.32,145.53,73.5,2.0,18.0,Downtrend,Strong,46.31,Rounding Top,78,13-05-2025,26-08-2025,Start:13-05-2025@86.44 ; Q1:06-06-2025@105.6 ; Mid:03-07-2025@115.85 ; Q3:30-07-2025@103.95 ; End:26-08-2025@107.92,,Rounding Top(78),500413471,Investment Banking & Investment Services
2025-03-21,ISEC,896.2,Stage 2 (Uptrend),62.36,845.35,5383172,78.34,7.03,True,482.44,6.0,1.38,True,Premium,77.62,2.85,False,Increasing,0.1484,False,True,True,28.05,884.0,False,898.15,687.25,899.1,878.4,792.7,828.27,827.65,844.02,822.48,922.45,672.05,20.0,12.0,Uptrend,Strong,21.69,Double Bottom,82,24-01-2025,07-03-2025,P1:24-01-2025@804.2 ; P2:07-03-2025@796.0,Falling Wedge(81) | Rounding Bottom(75) | Descending Channel(73),Double Bottom(82) | Falling Wedge(81) | Rounding Bottom(75) | Descending Channel(73),26312827,NO DATA
2025-08-26,IZMO,700.05,Stage 2 (Uptrend),78.23,348.47,3169096,12.84,5.43,True,221.85,7.0,8.7,True,Premium,86.47,1.53,False,Increasing,0.8935,False,True,True,39.72,644.0,False,700.05,241.75,710.9,616.3,470.9,430.31,406.57,353.23,388.45,710.9,229.7,28.0,13.0,Uptrend,Strong,119.75,Symmetrical Triangle,78,09-05-2025,01-08-2025,H1:16-05-2025@327.8 ; H2:18-07-2025@421.9 ; L1:09-05-2025@275.6 ; L2:01-08-2025@360.75,,Symmetrical Triangle(78),15970762,Software & IT Services
2025-08-26,SHK,240.65,Stage 2 (Uptrend),54.22,212.19,7934311,15.58,9.89,True,190.94,8.0,7.43,True,Equilibrium,54.9,28.43,False,Increasing,0.2421,False,True,True,23.27,224.0,False,327.3,162.91,252.1,224.0,245.1,235.89,239.07,226.69,227.26,336.25,156.61,14.0,6.0,Sideways,Moderate,40.58,Flag Pattern (Bear Flag),80,17-12-2024,28-01-2025,PoleS:17-12-2024@271.55 ; PoleE:08-01-2025@227.72 ; Consol:28-01-2025@201.32,Broadening Formation(72),Flag Pattern (Bear Flag)(80) | Broadening Formation(72),51051966,Chemicals
2025-08-26,FORCEMOT,19952.0,Stage 2 (Uptrend),80.22,12079.17,72783,32.64,0.71,False,145.22,9.0,-1.23,True,Near Premium,58.62,9.27,False,Decreasing,0.3046,False,True,True,53.29,20200.0,False,21897.0,6209.5,20294.0,19559.0,14053.25,18947.3,17004.94,13729.42,10341.77,21990.0,6125.0,388.0,390.0,Uptrend,Strong,54.69,No Clear Pattern,0,,,,,No Clear Pattern,5630229,Automobiles & Auto Parts
2024-10-15,TV18BRDCST,45.27,Unknown,51.76,,31095065,39.47,3.3,True,140.77,10.0,6.02,False,Equilibrium,52.03,16.61,False,Increasing,0.1857,False,False,True,17.11,42.7,False,51.59,40.59,45.95,42.7,46.09,44.25,46.46,,,54.29,38.65,4.0,36.0,Sideways,Moderate,48.48,Rounding Top,75,22-07-2024,15-10-2024,Start:22-07-2024@41.22 ; Q1:12-08-2024@46.3 ; Mid:03-09-2024@49.53 ; Q3:24-09-2024@45.13 ; End:15-10-2024@45.27,,Rounding Top(75),196467336,NO DATA
2024-07-05,IBREALEST,150.35,Unknown,,,9300816,33.11,0.51,False,139.84,11.0,0.78,False,Near Premium,57.05,8.52,False,Decreasing,0.2352,False,False,True,13.47,149.19,False,160.35,116.8,153.0,148.6,138.57,145.49,,,,164.36,109.0,12.0,554.0,Sideways,Weak,56.85,Insufficient Data,0,,,,,Insufficient Data,220120105,NO DATA
2024-12-20,HBLPOWER,652.65,Unknown,59.25,587.84,2102883,36.32,0.49,False,137.24,12.0,-3.58,False,Near Premium,53.9,11.76,False,Decreasing,0.2339,False,True,True,36.62,676.9,False,704.9,439.95,682.9,648.0,572.42,650.74,599.79,610.67,,739.65,411.25,40.0,575.0,Uptrend,Strong,42.51,Cup and Handle,79,03-10-2024,05-12-2024,RimL:03-10-2024@640.65 ; Btm:13-11-2024@518.6 ; RimR:04-12-2024@642.0 ; Hdl:05-12-2024@633.15,Symmetrical Triangle(74) | Rounding Bottom(71),Cup and Handle(79) | Symmetrical Triangle(74) | Rounding Bottom(71),103562352,NO DATA
2025-08-26,JKPAPER,378.3,Stage 1/3 (Neutral),53.83,342.74,3484097,15.19,2.2,True,131.8,13.0,-6.36,True,Near Discount,55.15,27.72,False,Increasing,0.1506,False,True,True,21.48,404.0,False,633.75,285.05,404.0,375.0,459.4,357.81,370.13,356.3,368.26,523.35,275.75,27.0,63.0,Sideways,Moderate,73.31,Double Bottom,82,20-06-2025,01-08-2025,P1:20-06-2025@354.85 ; P2:01-08-2025@349.55,Rounding Top(75) | Ascending Channel(73) | Broadening Formation(72),Double Bottom(82) | Rounding Top(75) | Ascending Channel(73) | Broadening Formation(72),102127066,Paper & Forest Products
2025-05-16,SUVENPHAR,1079.2,Stage 4 (Downtrend),45.57,1172.0,1177218,85.55,4.81,True,127.05,14.0,1.81,False,Near Premium,43.71,20.65,False,Increasing,0.1875,False,False,False,17.78,1060.0,False,1334.2,610.5,1090.0,1051.0,972.35,1128.06,1136.97,1122.49,1147.62,1360.0,598.0,74.0,20.0,Sideways,Moderate,33.04,Diamond Top,76,06-09-2024,18-04-2025,H1:20-09-2024@1215.3 ; H2:29-11-2024@1305.8 ; H3:18-04-2025@1168.1 ; L1:06-09-2024@1200.15 ; L2:15-11-2024@1274.7 ; L3:04-04-2025@1088.0,Broadening Formation(72),Diamond Top(76) | Broadening Formation(72),32606625,NO DATA
2025-08-26,LUMAXTECH,1136.8,Stage 2 (Uptrend),69.25,789.04,1008563,64.64,4.48,True,114.65,15.0,-0.27,True,Near Premium,55.28,9.35,False,Increasing,0.213,False,True,True,18.79,1139.9,False,1196.6,453.95,1205.0,1088.2,825.28,1097.35,1112.97,892.04,724.19,1254.0,449.0,88.0,21.0,Sideways,Moderate,65.6,Broadening Formation,72,07-02-2025,08-08-2025,H1:07-02-2025@561.15 ; H2:04-07-2025@1152.0 ; L1:28-02-2025@500.15 ; L2:08-08-2025@992.0,,Broadening Formation(72),18561883,Automobiles & Auto Parts
2025-08-26,PRICOLLTD,454.15,Stage 1/3 (Neutral),52.2,440.79,2513855,23.11,4.12,True,114.17,16.0,-0.96,False,Near Discount,57.77,24.16,False,Increasing,0.0952,False,True,True,20.12,458.55,False,576.05,397.85,475.0,445.8,486.95,436.88,443.33,442.07,464.29,598.8,367.85,34.0,26.0,Sideways,Moderate,28.32,Triple Top,74,18-04-2025,04-07-2025,P1:18-04-2025@445.8 ; P2:30-05-2025@449.75 ; P3:04-07-2025@458.75,Rectangle Pattern(74) | Broadening Formation(72),Triple Top(74) | Rectangle Pattern(74) | Broadening Formation(72),12554304,Automobiles & Auto Parts
2025-08-26,LUMAXIND,4067.4,Stage 2 (Uptrend),69.39,2927.86,272554,12.07,7.67,True,110.86,17.0,7.25,True,Premium,64.41,1.99,False,Increasing,0.2611,False,True,True,32.05,3792.4,False,4067.4,2078.75,4125.0,3767.4,3073.08,3685.04,3621.44,3147.52,2749.82,4149.9,1960.0,191.0,11.0,Uptrend,Strong,65.36,Broadening Formation,72,10-01-2025,15-08-2025,H1:10-01-2025@2448.55 ; H2:18-07-2025@3900.9 ; L1:14-03-2025@2171.3 ; L2:15-08-2025@3295.3,,Broadening Formation(72),1117778,Automobiles & Auto Parts
2025-08-26,GUJAPOLLO,511.55,Stage 2 (Uptrend),69.24,371.02,1970488,11.44,12.21,True,100.8,18.0,5.04,True,Premium,64.98,7.99,False,Increasing,0.1818,False,True,True,32.52,487.0,False,511.55,220.8,556.0,465.0,366.18,471.1,428.42,390.38,357.39,556.0,246.55,44.0,4.0,Uptrend,Strong,56.41,Inverse Head and Shoulders,92,20-12-2024,09-05-2025,LS:20-12-2024@328.55 ; H:14-03-2025@258.85 ; RS:09-05-2025@325.75,Symmetrical Triangle(78),Inverse Head and Shoulders(92) | Symmetrical Triangle(78),7776243,Metals & Mining
2024-09-02,TCNSBRANDS,583.95,Unknown,67.78,,1640199,69.9,1.77,False,95.78,19.0,0.74,False,Near Premium,58.47,5.65,False,Increasing,0.0617,True,True,True,8.54,579.65,False,608.15,449.4,589.0,562.45,528.78,569.1,560.8,,,618.9,423.6,54.0,88.0,Sideways,Weak,27.01,Insufficient Data,0,,,,,Insufficient Data,-7189877,NO DATA
2025-08-26,RELIGARE,237.7,Stage 1/3 (Neutral),47.31,237.38,3978682,51.22,3.3,True,94.57,20.0,-3.18,False,Near Discount,37.56,25.72,False,Increasing,0.1136,False,False,False,18.26,245.5,True,309.45,205.05,247.7,232.8,257.25,255.02,249.03,236.09,246.59,320.0,202.52,25.0,36.0,Sideways,Moderate,35.79,Broadening Formation,75,21-02-2025,25-07-2025,H1:21-02-2025@263.89 ; H2:25-07-2025@275.32 ; L1:28-02-2025@224.76 ; L2:27-06-2025@221.37,,Broadening Formation(75),106490020,Insurance
2025-08-26,SUMMITSEC,2340.8,Stage 1/3 (Neutral),59.51,1957.65,395022,10.77,13.54,True,92.47,21.0,7.87,True,Equilibrium,79.87,36.3,False,Increasing,0.1972,False,True,True,21.78,2170.0,False,3565.75,1257.7,2448.7,2150.0,2411.72,2025.26,2050.7,2037.54,2255.51,3675.0,1380.0,156.0,3.0,Sideways,Moderate,40.25,Symmetrical Triangle,78,20-06-2025,15-08-2025,H1:27-06-2025@2104.6 ; H2:25-07-2025@2078.6 ; L1:20-06-2025@2018.1 ; L2:15-08-2025@1923.7,,Symmetrical Triangle(78),1848757,Banking Services
2024-07-25,IBULHSGFIN,164.4,Unknown,,,4986459,40.23,0.72,False,81.98,22.0,-0.36,False,Equilibrium,44.09,10.31,False,Decreasing,0.0469,False,False,False,6.41,165.0,False,178.61,145.4,168.74,164.01,162.0,167.82,,,,183.3,131.65,21.0,380.0,Sideways,Weak,22.35,Insufficient Data,0,,,,,Insufficient Data,57972643,NO DATA
2025-08-26,PRIVISCL,2403.6,Stage 2 (Uptrend),63.62,2079.71,318753,65.47,1.78,False,76.62,23.0,0.11,True,Near Premium,47.5,9.64,False,Increasing,0.1227,False,False,False,12.06,2400.9,False,2568.3,1074.5,2462.7,2370.0,1821.4,2445.08,2416.94,2269.9,1997.01,2660.0,1368.15,177.0,85.0,Sideways,Weak,51.11,Triple Top,94,13-06-2025,25-07-2025,P1:13-06-2025@2404.5 ; P2:04-07-2025@2469.7 ; P3:25-07-2025@2479.7,Double Bottom(86),Triple Top(94) | Double Bottom(86),2396593,Chemicals
2025-08-26,GOKEX,688.85,Stage 4 (Downtrend),35.87,867.55,1046567,49.45,1.49,False,72.09,24.0,-3.12,False,Discount,31.67,45.42,False,Increasing,0.3338,False,False,False,37.01,711.0,False,1249.9,688.85,713.1,685.25,969.38,759.12,849.96,881.29,923.36,1262.15,679.0,82.0,117.0,Downtrend,Strong,51.61,Symmetrical Triangle,74,11-04-2025,18-07-2025,H1:16-05-2025@1014.75 ; H2:18-07-2025@935.7 ; L1:11-04-2025@783.45 ; L2:20-06-2025@867.6,,Symmetrical Triangle(74),19815803,Textiles & Apparel
2025-08-26,CSBBANK,389.55,Stage 2 (Uptrend),54.11,357.48,1788433,58.75,2.53,True,69.67,25.0,0.91,True,Near Premium,41.54,12.58,False,Increasing,0.1835,False,False,False,26.45,386.05,False,435.2,274.65,400.7,384.5,354.92,410.58,409.53,382.95,343.09,445.6,272.75,51.0,54.0,Uptrend,Strong,40.7,Broadening Formation,72,27-12-2024,15-08-2025,H1:27-12-2024@326.45 ; H2:08-08-2025@432.0 ; L1:10-01-2025@308.35 ; L2:15-08-2025@376.5,,Broadening Formation(72),17363936,Banking Services
2024-12-10,GMRINFRA,85.13,Unknown,46.95,,7434198,44.45,0.39,False,63.29,26.0,-1.24,False,Equilibrium,58.61,17.95,False,Decreasing,0.1466,False,True,True,20.48,86.2,False,101.73,76.01,86.4,84.51,88.87,81.18,83.61,89.45,,103.75,70.65,16.0,663.0,Sideways,Moderate,29.18,Falling Wedge,77,12-07-2024,15-11-2024,UL1:12-07-2024@97.74 ; UL2:09-08-2024@99.48 ; UL3:13-09-2024@96.03 ; UL4:08-11-2024@80.29 ; LL1:19-07-2024@91.94 ; LL2:06-09-2024@91.03 ; LL3:25-10-2024@78.82 ; LL4:15-11-2024@76.81,Flag Pattern (Bull Flag)(76) | Descending Channel(69),Falling Wedge(77) | Flag Pattern (Bull Flag)(76) | Descending Channel(69),1035100314,NO DATA
2025-08-26,NAM-INDIA,825.7,Stage 2 (Uptrend),61.88,685.84,699149,60.09,0.95,False,57.73,27.0,-1.14,True,Near Premium,50.31,7.01,False,Decreasing,0.1114,False,True,True,20.0,835.25,False,869.4,513.3,842.5,813.1,691.35,823.09,811.92,744.72,692.88,887.9,498.05,109.0,251.0,Sideways,Moderate,26.21,Long-term Cup and Handle,83,10-12-2024,19-06-2025,RimL:10-12-2024@805.9 ; Btm:28-02-2025@513.3 ; RimR:09-06-2025@806.45 ; Hdl:19-06-2025@734.75,Ascending Channel(73) | Broadening Formation(68),Long-term Cup and Handle(83) | Ascending Channel(73) | Broadening Formation(68),44483032,Investment Banking & Investment Services
2025-08-26,SMLISUZU,4467.4,Stage 2 (Uptrend),80.74,2222.15,125518,38.48,0.91,False,56.07,28.0,-5.65,True,Near Premium,66.81,5.81,False,Decreasing,0.4274,False,True,True,44.8,4735.0,False,4696.8,1055.8,4742.0,4462.0,2876.3,3917.9,3208.5,2464.65,1942.35,4743.0,1028.4,302.0,272.0,Uptrend,Strong,61.27,Flag Pattern (Bear Flag),84,17-12-2024,28-01-2025,PoleS:17-12-2024@1530.8 ; PoleE:08-01-2025@1389.05 ; Consol:28-01-2025@1338.5,,Flag Pattern (Bear Flag)(84),8474417,NO DATA
2025-08-26,PCJEWELLER,13.04,Stage 4 (Downtrend),47.01,13.4,42163183,45.09,0.72,False,54.98,29.0,-4.89,False,Near Premium,38.51,33.64,False,Decreasing,0.2344,False,False,False,15.25,13.71,False,19.54,4.86,13.75,12.95,12.2,13.91,14.5,13.6,14.23,19.65,10.25,3.0,380.0,Sideways,Moderate,40.97,Broadening Formation,68,21-03-2025,15-08-2025,H1:21-03-2025@14.3 ; H2:11-07-2025@17.35 ; L1:28-03-2025@13.06 ; L2:15-08-2025@12.94,Rounding Top(59),Broadening Formation(68) | Rounding Top(59),990748331,Textiles & Apparel
2025-08-26,INDIAGLYCO,816.2,Stage 2 (Uptrend),53.52,735.25,642656,57.85,3.02,True,52.45,30.0,-0.84,True,Near Premium,43.16,19.07,False,Increasing,0.1207,False,False,False,21.71,823.1,False,996.13,334.83,842.8,810.5,665.48,836.63,886.28,819.2,700.82,1008.49,475.02,116.0,44.0,Sideways,Moderate,57.63,Rounding Top,83,13-05-2025,26-08-2025,Start:13-05-2025@774.76 ; Q1:06-06-2025@874.67 ; Mid:03-07-2025@981.18 ; Q3:30-07-2025@814.58 ; End:26-08-2025@816.2,Diamond Bottom(80) | Broadening Formation(72),Rounding Top(83) | Diamond Bottom(80) | Broadening Formation(72),19420226,Chemicals
2025-08-26,JISLJALEQS,47.36,Stage 4 (Downtrend),38.02,55.83,10982820,73.94,1.99,False,52.01,31.0,-1.74,False,Discount,40.31,43.21,False,Increasing,0.1658,False,False,False,30.87,48.2,False,81.84,46.0,48.2,47.0,63.92,49.38,53.61,55.06,61.27,83.4,45.1,10.0,75.0,Downtrend,Strong,64.97,No Clear Pattern,0,,,,,No Clear Pattern,236392569,"Machinery, Equipment & Components"
2025-08-26,GOLDIAM,350.35,Stage 4 (Downtrend),47.89,367.64,1470447,48.53,1.45,False,51.52,32.0,-2.4,False,Equilibrium,47.28,38.43,False,Decreasing,0.1202,False,True,False,10.49,358.95,False,542.55,149.1,358.95,348.55,345.82,353.42,349.46,356.99,382.97,569.0,242.65,57.0,122.0,Sideways,Weak,33.16,Flag Pattern (Bull Flag),84,17-12-2024,28-01-2025,PoleS:17-12-2024@433.6 ; PoleE:08-01-2025@478.95 ; Consol:28-01-2025@428.85,Rounding Bottom(79) | Symmetrical Triangle(74) | Double Top(66) | Long-term Rounding Top(59),Flag Pattern (Bull Flag)(84) | Rounding Bottom(79) | Symmetrical Triangle(74) | Double Top(66) | Long-term Rounding Top(59),70034213,Textiles & Apparel
2025-08-26,TDPOWERSYS,498.9,Stage 2 (Uptrend),55.67,442.83,1019353,58.02,1.11,False,50.86,33.0,-4.2,True,Near Premium,47.81,9.74,False,Increasing,0.088,False,False,False,12.32,520.75,False,540.15,293.25,522.75,495.6,416.7,506.75,502.18,478.19,438.5,552.75,293.0,85.0,192.0,Sideways,Weak,46.8,Rounding Bottom,75,17-06-2025,26-08-2025,Start:17-06-2025@518.85 ; Q1:03-07-2025@493.7 ; Mid:22-07-2025@489.6 ; Q3:07-08-2025@508.0 ; End:26-08-2025@498.9,,Rounding Bottom(75),45724393,"Machinery, Equipment & Components"
2025-08-26,RELINFRA,267.05,Stage 4 (Downtrend),44.01,293.48,1901769,,0.96,False,50.79,34.0,0.39,False,Near Discount,36.5,36.93,False,Increasing,0.3219,False,False,False,45.47,266.0,False,417.4,149.95,287.0,265.0,283.67,287.94,344.42,317.85,292.35,423.4,195.0,46.0,247.0,Downtrend,Strong,62.53,Broadening Formation,68,28-03-2025,15-08-2025,H1:28-03-2025@258.64 ; H2:18-07-2025@390.3 ; L1:11-04-2025@250.15 ; L2:15-08-2025@259.8,,Broadening Formation(68),389705886,Electrical Utilities & IPPs
2025-08-26,VIMTALABS,631.25,Stage 2 (Uptrend),59.59,530.43,727637,21.4,0.16,False,45.93,35.0,-2.43,True,Near Premium,51.29,13.34,False,Decreasing,0.1757,False,True,False,25.23,647.0,False,712.2,226.9,654.0,627.1,469.55,659.92,554.28,530.79,502.38,728.45,254.87,104.0,823.0,Uptrend,Strong,86.35,Broadening Formation,68,28-02-2025,01-08-2025,H1:25-04-2025@558.51 ; H2:01-08-2025@688.4 ; L1:28-02-2025@443.79 ; L2:27-06-2025@438.2,,Broadening Formation(68),86187258,Professional & Commercial Services
2025-08-26,FIEMIND,2041.2,Stage 2 (Uptrend),65.77,1650.48,222824,16.53,3.21,True,45.48,36.0,2.57,True,Premium,59.02,5.38,False,Increasing,0.191,False,True,True,26.79,1990.0,False,2092.0,1161.0,2075.0,1972.1,1626.5,1935.94,1936.72,1758.33,1611.54,2157.2,1255.1,211.0,40.0,Uptrend,Strong,43.72,Double Bottom,86,27-06-2025,08-08-2025,P1:27-06-2025@1833.9 ; P2:08-08-2025@1807.2,Diamond Bottom(80) | Ascending Channel(77) | Broadening Formation(72),Double Bottom(86) | Diamond Bottom(80) | Ascending Channel(77) | Broadening Formation(72),8085511,Automobiles & Auto Parts
2025-08-26,SFL,720.7,Stage 1/3 (Neutral),51.6,695.08,622007,24.77,5.34,True,44.83,37.0,0.95,False,Near Discount,66.54,31.93,True,Increasing,0.0997,False,True,True,23.66,713.95,False,1044.45,623.4,743.0,696.2,833.92,684.82,694.82,677.06,763.74,1058.7,618.75,119.0,15.0,Sideways,Moderate,26.81,Cup and Handle,94,24-03-2025,25-07-2025,RimL:24-03-2025@763.45 ; Btm:03-06-2025@623.4 ; RimR:25-06-2025@758.95 ; Hdl:25-07-2025@660.95,Rounding Bottom(86) | Symmetrical Triangle(81),Cup and Handle(94) | Rounding Bottom(86) | Symmetrical Triangle(81),7126545,Household Goods
2025-08-26,KIOCL,411.5,Stage 2 (Uptrend),64.99,288.5,1072046,14.2,0.19,False,44.11,38.0,-3.17,True,Near Premium,62.56,14.77,False,Decreasing,0.4156,False,True,True,37.55,424.95,False,444.25,220.42,427.0,406.3,332.34,369.85,328.17,298.88,312.99,482.8,209.84,80.0,807.0,Uptrend,Strong,105.88,Broadening Formation,68,07-03-2025,15-08-2025,H1:07-03-2025@258.95 ; H2:01-08-2025@362.05 ; L1:09-05-2025@235.55 ; L2:15-08-2025@328.7,,Broadening Formation(68),141078353,Metals & Mining
2025-08-26,KOLTEPATIL,460.3,Stage 2 (Uptrend),62.42,376.78,898938,27.86,4.08,True,41.38,39.0,3.92,True,Near Premium,68.95,7.49,False,Increasing,0.1288,False,True,True,29.88,442.95,False,492.4,249.9,468.3,436.0,371.15,414.61,442.12,408.61,368.54,497.55,239.0,93.0,27.0,Downtrend,Strong,38.5,Broadening Formation,72,14-03-2025,08-08-2025,H1:14-03-2025@346.65 ; H2:04-07-2025@481.55 ; L1:28-03-2025@323.8 ; L2:08-08-2025@403.85,,Broadening Formation(72),23588981,Real Estate Operations
2025-08-26,BBL,2981.9,Stage 1/3 (Neutral),47.63,2933.78,135555,42.1,3.34,True,40.42,40.0,2.35,False,Near Discount,56.43,45.49,False,Increasing,0.0973,True,False,True,26.53,2913.3,False,5502.4,2483.15,3058.8,2845.0,3992.77,2862.03,2987.68,2995.04,3170.58,5470.0,2350.0,285.0,35.0,Downtrend,Strong,28.56,Falling Wedge,89,03-01-2025,18-07-2025,UL1:03-01-2025@3815.2 ; UL2:28-03-2025@2882.85 ; UL3:16-05-2025@3457.0 ; LL1:18-07-2025@3349.6 ; LL2:24-01-2025@3093.35 ; LL3:14-03-2025@2483.15 ; LL4:20-06-2025@2817.0,Rounding Top(63),Falling Wedge(89) | Rounding Top(63),-648601,"Machinery, Equipment & Components"
2025-08-26,SHREERAMA,52.2,Stage 2 (Uptrend),68.36,39.09,7710395,15.47,9.78,True,40.25,41.0,1.16,True,Premium,76.98,10.0,False,Increasing,0.2659,False,True,True,19.65,51.6,False,53.34,23.0,58.0,51.06,38.17,43.59,42.68,40.29,40.55,58.0,25.3,15.0,7.0,Sideways,Moderate,76.17,Double Bottom,86,04-07-2025,01-08-2025,P1:04-07-2025@41.06 ; P2:01-08-2025@40.73,Rounding Bottom(79),Double Bottom(86) | Rounding Bottom(79),21386479,Containers & Packaging
2025-08-26,WABAG,1522.2,Stage 2 (Uptrend),51.19,1462.86,263541,46.9,1.1,False,40.12,42.0,-2.73,True,Near Premium,44.18,21.7,False,Decreasing,0.0949,True,False,False,19.54,1565.0,False,1905.9,903.5,1571.8,1512.2,1404.7,1565.22,1526.4,1490.14,1514.77,1944.0,1114.0,198.0,197.0,Sideways,Moderate,27.63,Head and Shoulders,84,21-02-2025,18-04-2025,LS:21-02-2025@1434.1 ; H:21-03-2025@1513.25 ; RS:18-04-2025@1433.5,Double Top(78) | Diamond Top(72) | Ascending Channel(69),Head and Shoulders(84) | Double Top(78) | Diamond Top(72) | Ascending Channel(69),29736971,Water Utilities
2025-08-26,BORORENEW,549.95,Stage 2 (Uptrend),50.13,538.59,714221,29.32,2.01,True,39.28,43.0,-2.16,True,Equilibrium,37.34,16.66,False,Increasing,0.1397,False,False,False,24.22,562.1,False,649.4,411.55,564.75,542.0,530.48,587.57,566.51,546.38,534.82,659.9,402.8,107.0,74.0,Sideways,Moderate,21.05,Broadening Formation,72,28-03-2025,25-07-2025,H1:18-04-2025@521.05 ; H2:25-07-2025@625.0 ; L1:28-03-2025@478.45 ; L2:04-07-2025@497.1,,Broadening Formation(72),81939222,Renewable Energy
2025-08-26,GABRIEL,1120.5,Stage 2 (Uptrend),72.87,709.32,347039,43.01,0.64,False,38.89,44.0,-1.45,True,Near Premium,58.62,7.01,False,Decreasing,0.2573,False,True,True,41.51,1137.0,False,1200.0,357.25,1147.4,1111.1,778.62,1080.08,958.41,778.26,629.01,1205.0,387.0,171.0,431.0,Uptrend,Strong,46.86,Diamond Bottom,76,20-12-2024,25-07-2025,H1:20-12-2024@489.1 ; H2:21-03-2025@589.15 ; H3:11-07-2025@1083.2 ; L1:24-01-2025@424.35 ; L2:11-04-2025@532.0 ; L3:25-07-2025@992.8,Broadening Formation(68),Diamond Bottom(76) | Broadening Formation(68),60483774,Automobiles & Auto Parts
2025-08-26,BFUTILITIE,833.65,Stage 1/3 (Neutral),56.56,745.29,459183,20.05,1.83,False,38.28,45.0,0.8,True,Equilibrium,65.28,26.17,False,Decreasing,0.2178,False,True,True,34.34,827.0,False,1112.2,586.2,869.0,812.0,849.2,750.23,778.03,764.93,800.37,1129.1,573.0,141.0,84.0,Uptrend,Strong,57.19,No Clear Pattern,0,,,,,No Clear Pattern,26730339,Construction & Engineering
2025-08-26,ASTRAMICRO,1000.25,Stage 2 (Uptrend),56.99,883.63,370764,51.02,1.06,False,37.09,46.0,-3.64,True,Near Premium,50.33,16.36,False,Decreasing,0.1041,False,False,True,21.72,1038.0,False,1178.6,605.15,1038.0,994.25,891.88,985.36,1015.9,978.46,852.55,1195.9,584.2,166.0,213.0,Sideways,Moderate,36.5,No Clear Pattern,0,,,,,No Clear Pattern,40848105,Electronic Equipment & Parts
2025-08-26,DELTACORP,86.22,Stage 4 (Downtrend),43.16,89.02,4223487,33.78,0.9,False,36.41,47.0,1.11,False,Near Discount,47.85,39.36,False,Decreasing,0.1495,False,False,True,17.43,85.27,False,147.41,78.96,87.3,83.6,113.18,85.86,88.03,88.83,97.11,142.18,76.66,24.0,280.0,Sideways,Moderate,49.58,Symmetrical Triangle,74,02-05-2025,08-08-2025,H1:02-05-2025@93.78 ; H2:04-07-2025@90.4 ; L1:20-06-2025@87.56 ; L2:08-08-2025@82.86,Rounding Top(59),Symmetrical Triangle(74) | Rounding Top(59),199458665,Hotels & Entertainment Services
2025-08-26,SANGHVIMOV,345.75,Stage 2 (Uptrend),61.57,277.28,1045311,34.19,0.95,False,36.14,48.0,3.81,True,Near Discount,71.39,27.36,False,Increasing,0.426,False,True,True,44.28,333.05,False,570.32,210.3,358.75,327.7,390.31,306.6,287.92,288.26,287.55,475.95,206.0,83.0,251.0,Uptrend,Strong,50.16,Double Bottom,78,09-05-2025,25-07-2025,P1:09-05-2025@260.05 ; P2:25-07-2025@259.95,Rising Wedge(77) | Rounding Bottom(71) | Ascending Channel(69),Double Bottom(78) | Rising Wedge(77) | Rounding Bottom(71) | Ascending Channel(69),9254669,Professional & Commercial Services
2025-08-26,TI,473.85,Stage 2 (Uptrend),63.43,339.2,729803,45.37,0.31,False,34.58,49.0,-1.84,True,Near Premium,50.39,10.58,False,Decreasing,0.1217,False,True,False,37.92,482.75,False,527.35,218.91,485.55,470.0,373.13,495.5,426.2,368.77,356.07,529.9,199.53,102.0,723.0,Uptrend,Strong,40.48,No Clear Pattern,0,,,,,No Clear Pattern,232761048,Beverages
2025-08-26,RSYSTEMS,465.4,Stage 1/3 (Neutral),61.25,383.24,735993,17.28,0.53,False,34.25,50.0,-2.43,True,Near Premium,62.16,15.86,False,Decreasing,0.1441,False,True,True,30.31,477.0,False,547.65,293.6,478.0,462.0,420.62,431.78,439.73,396.62,411.6,553.1,283.0,100.0,532.0,Uptrend,Strong,40.16,Broadening Formation,68,28-02-2025,08-08-2025,H1:18-04-2025@330.45 ; H2:18-07-2025@447.75 ; L1:28-02-2025@317.35 ; L2:08-08-2025@418.5,,Broadening Formation(68),30819065,Software & IT Services
2025-08-26,RALLIS,366.25,Stage 2 (Uptrend),65.25,283.9,934703,44.9,0.87,False,34.23,51.0,-3.64,True,Near Premium,50.33,5.09,False,Increasing,0.0748,True,True,False,29.72,380.1,False,381.05,202.06,381.8,361.05,291.56,373.41,349.59,307.56,288.36,385.9,196.0,92.0,292.0,Uptrend,Strong,36.42,Long-term Rounding Bottom,75,21-08-2024,26-08-2025,Start:21-08-2024@349.05 ; Q1:22-11-2024@318.35 ; Mid:20-02-2025@209.68 ; Q3:29-05-2025@287.01 ; End:26-08-2025@366.25,Broadening Formation(68),Long-term Rounding Bottom(75) | Broadening Formation(68),65069145,Chemicals
2025-08-26,PAISALO,30.39,Stage 4 (Downtrend),37.8,33.15,10837776,61.82,1.86,False,32.94,52.0,-1.97,False,Near Discount,45.45,53.5,False,Increasing,0.0482,True,False,False,27.41,31.0,False,79.31,29.5,31.0,29.86,54.4,30.67,30.96,31.77,38.42,65.36,29.38,11.0,83.0,Downtrend,Strong,21.03,Triple Top,74,06-06-2025,25-07-2025,P1:06-06-2025@31.74 ; P2:27-06-2025@31.76 ; P3:25-07-2025@32.52,,Triple Top(74),146320246,Banking Services
2025-08-26,ITDCEM,725.4,Stage 2 (Uptrend),52.94,661.27,446021,53.71,0.71,False,32.35,53.0,-4.8,True,Near Premium,39.03,23.16,False,Increasing,0.109,False,False,False,15.02,762.0,False,934.5,383.5,762.0,720.0,659.0,764.14,811.83,716.81,622.51,944.0,466.6,145.0,390.0,Sideways,Moderate,49.51,Broadening Formation,68,03-01-2025,08-08-2025,H1:03-01-2025@540.1 ; H2:04-07-2025@902.3 ; L1:24-01-2025@513.6 ; L2:08-08-2025@725.65,,Broadening Formation(68),88162002,NO DATA
2025-08-26,SKIPPER,524.3,Stage 2 (Uptrend),56.58,467.86,615799,40.2,0.36,False,32.29,54.0,-4.32,True,Near Premium,52.7,21.16,False,Decreasing,0.1569,False,True,True,35.61,548.0,False,637.85,277.6,549.5,522.2,457.72,519.94,500.34,485.42,488.84,665.0,342.5,121.0,684.0,Uptrend,Strong,50.58,No Clear Pattern,0,,,,,No Clear Pattern,98390862,Construction & Engineering
2025-08-26,PTC,178.79,Stage 2 (Uptrend),50.83,171.63,1792196,66.17,1.34,False,32.04,55.0,-4.74,True,Equilibrium,42.7,27.57,False,Increasing,0.1277,False,False,False,20.04,187.68,False,242.16,128.69,187.75,177.99,185.42,185.01,183.56,180.55,167.35,246.85,127.69,50.0,146.0,Sideways,Moderate,42.14,Triple Bottom,86,09-05-2025,08-08-2025,P1:09-05-2025@171.34 ; P2:20-06-2025@169.69 ; P3:08-08-2025@174.38,,Triple Bottom(86),45687417,Electrical Utilities & IPPs
2025-08-26,STAR,860.25,Stage 2 (Uptrend),57.42,749.45,368686,56.59,0.81,False,31.72,56.0,-4.73,True,Near Premium,48.81,11.5,False,Increasing,0.2086,False,False,False,20.74,902.95,False,954.55,373.9,902.95,849.1,664.22,860.47,873.18,787.1,725.87,972.0,513.05,168.0,320.0,Sideways,Moderate,52.1,Head and Shoulders,92,03-01-2025,21-03-2025,LS:03-01-2025@698.0 ; H:07-02-2025@748.6 ; RS:21-03-2025@702.2,Triple Top(90) | Double Top(86) | Broadening Formation(68),Head and Shoulders(92) | Triple Top(90) | Double Top(86) | Broadening Formation(68),38899307,Pharmaceuticals
2025-08-26,KRBL,447.05,Stage 2 (Uptrend),65.31,340.96,704452,29.34,0.23,False,31.49,57.0,-1.11,True,Near Premium,56.08,9.69,False,Decreasing,0.3937,False,True,True,32.82,452.05,False,487.15,248.25,464.95,442.55,367.7,429.81,400.53,364.34,324.66,495.0,241.25,108.0,777.0,Uptrend,Strong,69.65,Ascending Channel,73,28-02-2025,01-08-2025,UL1:21-03-2025@282.45 ; UL2:25-04-2025@307.3 ; UL3:06-06-2025@372.3 ; UL4:18-07-2025@406.8 ; LL1:28-02-2025@253.2 ; LL2:09-05-2025@300.95 ; LL3:20-06-2025@342.35 ; LL4:01-08-2025@369.95,Broadening Formation(68),Ascending Channel(73) | Broadening Formation(68),108774235,Food & Tobacco
2024-10-09,CENTURYTEX,2714.05,Unknown,67.79,,115737,29.97,0.18,False,31.41,58.0,0.33,False,Near Premium,53.24,7.57,False,Decreasing,0.11,True,True,False,30.13,2705.0,False,2896.1,1842.3,2749.0,2697.3,2369.2,2770.25,2482.67,,,2936.45,1691.5,311.0,814.0,Uptrend,Strong,48.96,Double Bottom,78,12-07-2024,16-08-2024,P1:12-07-2024@2141.45 ; P2:16-08-2024@2130.7,Flag Pattern (Bull Flag)(76),Double Bottom(78) | Flag Pattern (Bull Flag)(76),22547839,NO DATA
2025-08-26,HIKAL,255.75,Stage 4 (Downtrend),27.31,359.83,1217392,60.64,2.04,True,31.13,59.0,-0.02,False,Discount,24.9,44.97,False,Increasing,0.4069,False,False,False,62.14,255.8,False,444.75,249.3,258.65,249.0,347.02,282.96,322.5,358.62,370.04,464.75,245.0,71.0,73.0,Downtrend,Strong,39.29,Broadening Formation,72,14-02-2025,15-08-2025,H1:21-03-2025@410.45 ; H2:13-06-2025@375.8 ; L1:14-02-2025@341.75 ; L2:15-08-2025@249.3,,Broadening Formation(72),33806608,Pharmaceuticals
2025-08-26,RTNPOWER,11.93,Stage 2 (Uptrend),46.8,11.54,25957646,27.88,0.77,False,30.97,60.0,-1.4,False,Near Discount,35.82,30.6,False,Increasing,0.1276,False,False,False,28.59,12.1,False,20.1,8.74,12.2,11.9,14.42,12.38,13.76,12.36,12.12,17.19,8.44,6.0,348.0,Downtrend,Strong,30.89,Broadening Formation,68,28-02-2025,08-08-2025,H1:07-03-2025@10.26 ; H2:11-07-2025@16.12 ; L1:28-02-2025@8.91 ; L2:08-08-2025@11.85,,Broadening Formation(68),1016955637,Electrical Utilities & IPPs
2025-08-26,GENUSPOWER,351.05,Stage 2 (Uptrend),50.74,323.66,870529,59.56,0.86,False,30.56,61.0,-1.94,True,Equilibrium,41.75,27.77,False,Increasing,0.1353,False,False,False,19.44,358.0,False,465.8,243.2,359.15,348.5,354.5,363.53,364.75,346.9,347.6,486.05,236.85,95.0,297.0,Sideways,Moderate,31.14,Triple Top,82,27-06-2025,08-08-2025,P1:27-06-2025@373.65 ; P2:18-07-2025@366.75 ; P3:08-08-2025@372.05,Symmetrical Triangle(74),Triple Top(82) | Symmetrical Triangle(74),46615762,"Machinery, Equipment & Components"
2025-08-26,UJJIVANSFB,42.79,Stage 2 (Uptrend),49.42,41.8,6795556,70.51,1.2,False,29.08,62.0,-1.63,True,Equilibrium,41.02,17.51,False,Increasing,0.0563,True,False,False,30.97,43.5,False,51.35,31.38,43.62,42.27,41.36,43.38,46.18,44.73,39.67,51.87,30.88,17.0,174.0,Downtrend,Strong,26.92,Ascending Triangle,84,30-05-2025,15-08-2025,H1:18-07-2025@48.87 ; H2:08-08-2025@44.1 ; L1:30-05-2025@43.03 ; L2:15-08-2025@41.67,Rounding Top(79) | Diamond Bottom(76),Ascending Triangle(84) | Rounding Top(79) | Diamond Bottom(76),-171657862,Banking Services
2025-08-26,STARCEMENT,282.8,Stage 2 (Uptrend),73.5,224.65,1027780,30.61,0.58,False,29.07,63.0,0.86,True,Near Premium,64.56,5.73,False,Decreasing,0.2857,False,True,True,48.86,280.4,False,293.56,172.61,291.69,276.92,233.08,270.35,238.44,229.17,218.97,300.0,171.55,84.0,485.0,Uptrend,Strong,52.01,Triple Bottom,86,09-05-2025,11-07-2025,P1:09-05-2025@214.35 ; P2:20-06-2025@211.34 ; P3:11-07-2025@211.34,Cup and Handle(83) | Broadening Formation(68),Triple Bottom(86) | Cup and Handle(83) | Broadening Formation(68),105467740,Construction Materials
2025-08-26,GSFC,199.82,Stage 2 (Uptrend),49.61,194.46,1449580,65.43,0.63,False,28.97,64.0,-3.65,True,Near Discount,43.99,19.07,False,Increasing,0.0848,False,False,False,15.62,207.4,False,262.66,167.22,207.71,199.1,214.94,205.8,203.78,199.77,198.67,246.9,158.3,58.0,444.0,Sideways,Moderate,42.99,Triple Top,82,06-06-2025,08-08-2025,P1:06-06-2025@209.59 ; P2:04-07-2025@208.39 ; P3:08-08-2025@213.2,Rising Wedge(77) | Diamond Bottom(72),Triple Top(82) | Rising Wedge(77) | Diamond Bottom(72),194528410,Chemicals
2025-08-26,FOSECOIND,6488.5,Stage 2 (Uptrend),73.94,4341.4,44249,14.2,0.94,False,28.71,65.0,2.18,True,Premium,77.01,2.87,False,Decreasing,0.4254,False,True,True,33.81,6350.0,False,6499.5,3320.25,6645.0,6323.5,4909.88,5310.0,5044.6,4568.21,4262.08,6680.0,3205.0,477.0,256.0,Uptrend,Strong,87.88,Long-term Rounding Bottom,75,21-08-2024,26-08-2025,Start:21-08-2024@4921.45 ; Q1:22-11-2024@4396.85 ; Mid:20-02-2025@3422.15 ; Q3:29-05-2025@4618.6 ; End:26-08-2025@6488.5,,Long-term Rounding Bottom(75),732816,Chemicals
2025-08-26,ROHLTD,502.1,Stage 2 (Uptrend),69.96,392.35,563059,26.99,0.74,False,28.27,66.0,1.43,True,Premium,81.97,0.7,False,Decreasing,0.3051,False,True,True,28.33,495.0,False,502.25,306.5,505.15,488.8,404.38,424.32,409.17,393.16,374.21,505.65,301.1,130.0,367.0,Uptrend,Strong,56.55,Cup and Handle,83,21-03-2025,01-08-2025,RimL:21-03-2025@420.1 ; Btm:09-05-2025@343.3 ; RimR:21-07-2025@437.8 ; Hdl:01-08-2025@390.6,,Cup and Handle(83),17495005,Hotels & Entertainment Services
2025-08-26,MSTCLTD,438.4,Stage 4 (Downtrend),35.27,508.0,642536,62.12,3.42,True,28.17,67.0,-1.04,False,Discount,29.7,48.3,False,Increasing,0.1245,False,False,False,32.47,443.0,True,965.7,429.25,456.0,431.35,697.48,468.85,502.63,517.65,560.48,848.0,411.1,117.0,33.0,Downtrend,Strong,33.35,Triple Bottom,97,11-04-2025,20-06-2025,P1:11-04-2025@500.0 ; P2:09-05-2025@488.85 ; P3:20-06-2025@502.6,Double Top(73),Triple Bottom(97) | Double Top(73),9482816,Software & IT Services
2025-08-26,ZUARI,382.75,Stage 2 (Uptrend),81.16,229.75,732003,26.22,0.17,False,28.02,68.0,-0.33,True,Premium,69.82,2.74,False,Decreasing,0.3941,False,True,True,52.09,384.0,False,383.6,161.15,389.35,363.15,272.38,348.88,265.1,240.92,224.46,393.55,169.2,101.0,821.0,Uptrend,Strong,108.62,Triple Bottom,86,30-05-2025,11-07-2025,P1:30-05-2025@209.03 ; P2:20-06-2025@203.56 ; P3:11-07-2025@202.41,,Triple Bottom(86),78086465,Chemicals
2025-08-26,PGIL,1277.9,Stage 4 (Downtrend),47.57,1325.56,218091,66.05,1.66,False,27.87,69.0,-4.5,False,Near Premium,38.76,25.57,False,Increasing,0.2773,False,False,False,15.57,1338.1,False,1691.35,614.45,1349.9,1270.0,1152.9,1361.1,1453.94,1317.03,1329.67,1717.0,858.05,215.0,98.0,Sideways,Moderate,60.55,Inverse Head and Shoulders,88,28-02-2025,13-06-2025,LS:28-02-2025@1342.05 ; H:02-05-2025@943.3 ; RS:13-06-2025@1346.2,Diamond Top(76) | Broadening Formation(72),Inverse Head and Shoulders(88) | Diamond Top(76) | Broadening Formation(72),7978337,Textiles & Apparel
2025-08-26,DATAMATICS,998.25,Stage 2 (Uptrend),75.21,690.5,271620,27.09,0.51,False,27.11,70.0,0.83,True,Near Premium,59.12,10.87,False,Decreasing,0.2209,False,True,True,36.68,990.0,False,1083.8,483.35,1009.0,970.3,783.58,985.65,812.36,708.88,661.99,1120.0,515.05,192.0,554.0,Uptrend,Strong,70.95,Long-term Cup and Handle,83,28-08-2024,19-06-2025,RimL:28-08-2024@707.15 ; Btm:21-11-2024@517.2 ; RimR:07-02-2025@684.7 ; Hdl:19-06-2025@591.75,Diamond Bottom(76),Long-term Cup and Handle(83) | Diamond Bottom(76),41796764,Software & IT Services
2025-08-26,FINEORG,4660.5,Stage 2 (Uptrend),48.72,4460.31,56850,75.22,3.45,True,26.49,71.0,-1.52,True,Equilibrium,31.3,18.21,False,Increasing,0.1679,False,False,False,39.21,4732.5,False,5872.65,3503.15,4824.5,4602.5,4687.9,4977.42,5037.94,4726.63,4578.06,5698.0,3407.0,430.0,32.0,Downtrend,Strong,23.76,Rounding Top,83,17-06-2025,26-08-2025,Start:17-06-2025@4669.0 ; Q1:03-07-2025@5273.7 ; Mid:22-07-2025@5358.4 ; Q3:07-08-2025@5002.0 ; End:26-08-2025@4660.5,Broadening Formation(72),Rounding Top(83) | Broadening Formation(72),1593687,Chemicals
2025-08-26,SHREDIGCEM,96.98,Stage 2 (Uptrend),66.6,77.96,2731313,36.61,2.16,True,26.49,71.0,-3.02,True,Near Premium,63.62,9.95,False,Increasing,0.3028,False,True,True,29.25,100.0,False,104.08,64.17,100.8,96.0,84.12,87.14,83.18,80.69,79.72,107.7,63.55,31.0,65.0,Uptrend,Strong,60.99,No Clear Pattern,0,,,,,No Clear Pattern,31326902,Construction Materials
2025-08-26,BCG,15.77,Stage 2 (Uptrend),66.13,10.11,16290778,50.17,0.66,False,25.69,73.0,-4.31,False,Near Premium,54.97,28.32,False,Increasing,0.3009,True,True,True,19.04,16.48,False,20.71,6.86,16.48,15.56,13.78,15.28,13.03,,,22.0,6.8,8.0,417.0,Sideways,Moderate,79.71,Insufficient Data,0,,,,,Insufficient Data,-18714740,Media & Publishing
2025-08-26,BAJAJCON,229.51,Stage 2 (Uptrend),63.43,187.71,1050841,42.03,2.2,True,24.12,74.0,0.57,True,Near Premium,54.06,20.57,False,Increasing,0.0484,True,True,True,27.64,228.2,False,281.15,155.54,234.99,225.1,218.34,226.54,222.09,196.85,192.82,288.95,151.0,81.0,63.0,Uptrend,Strong,21.22,No Clear Pattern,0,,,,,No Clear Pattern,73904549,Personal & Household Products & Services
2025-08-26,RAIN,140.55,Stage 4 (Downtrend),44.6,142.56,1709855,58.71,0.56,False,24.03,75.0,-3.94,False,Near Discount,31.82,28.65,False,Increasing,0.1273,False,False,False,21.75,146.31,False,193.75,121.57,146.85,139.81,157.66,154.54,150.96,147.52,149.18,197.0,117.06,53.0,499.0,Sideways,Moderate,37.65,Broadening Formation,68,25-04-2025,08-08-2025,H1:25-04-2025@145.68 ; H2:08-08-2025@160.31 ; L1:09-05-2025@136.91 ; L2:11-07-2025@146.0,,Broadening Formation(68),110833986,Chemicals
2025-08-26,THANGAMAYL,2224.0,Stage 2 (Uptrend),65.67,1926.22,107972,38.71,2.3,True,24.01,76.0,2.63,True,Near Premium,82.03,16.08,False,Increasing,0.1966,False,True,True,34.18,2167.0,False,2595.7,1200.65,2270.0,2167.0,1898.18,1997.08,1932.14,1953.11,1925.39,2650.0,1523.1,320.0,60.0,Uptrend,Strong,23.79,Double Bottom,82,13-06-2025,25-07-2025,P1:13-06-2025@1852.2 ; P2:25-07-2025@1833.6,Rising Wedge(81) | Rounding Bottom(75) | Ascending Channel(73),Double Bottom(82) | Rising Wedge(81) | Rounding Bottom(75) | Ascending Channel(73),1548661,Specialty Retailers
2025-08-26,BOMDYEING,173.6,Stage 2 (Uptrend),55.66,149.03,1376603,30.47,0.79,False,23.9,77.0,-4.03,True,Near Discount,54.02,32.29,False,Decreasing,0.1239,False,True,True,19.74,180.89,False,249.63,123.43,181.0,172.6,186.53,169.47,166.11,153.67,163.4,256.4,117.5,60.0,336.0,Sideways,Moderate,42.92,Double Bottom,78,11-07-2025,08-08-2025,P1:11-07-2025@159.88 ; P2:08-08-2025@159.56,Symmetrical Triangle(74),Double Bottom(78) | Symmetrical Triangle(74),245882671,Textiles & Apparel
2024-10-09,LAXMIMACH,17324.6,Unknown,60.48,,13700,48.39,1.56,False,23.73,78.0,1.26,False,Near Premium,57.45,9.77,False,Increasing,0.1905,False,True,True,31.94,17108.6,False,18421.3,14552.4,17876.95,17070.0,16486.85,16817.56,15888.58,,,19199.95,14325.0,654.0,110.0,Uptrend,Strong,46.11,No Clear Pattern,0,,,,,No Clear Pattern,39266,NO DATA
2025-08-26,GRINDWELL,1560.8,Stage 4 (Downtrend),42.37,1657.56,150762,85.79,2.54,True,23.53,79.0,-0.53,False,Near Discount,48.78,40.7,False,Increasing,0.0942,False,False,True,31.66,1569.1,False,2950.95,1406.05,1577.7,1546.2,2178.5,1515.02,1639.74,1679.77,1772.94,2632.0,1356.05,269.0,53.0,Downtrend,Strong,22.21,Pennant Pattern,77,17-12-2024,28-01-2025,PoleS:17-12-2024@2215.1 ; PoleE:08-01-2025@1850.3 ; Consol:28-01-2025@1772.15,Broadening Formation(72),Pennant Pattern(77) | Broadening Formation(72),1673926,"Machinery, Equipment & Components"
2025-08-26,WSTCSTPAPR,520.1,Stage 1/3 (Neutral),53.06,475.73,452225,16.95,1.49,False,23.52,80.0,-1.37,True,Near Discount,52.13,19.2,False,Decreasing,0.146,False,False,True,27.83,527.35,False,738.7,391.2,548.9,515.2,564.95,508.52,522.98,493.64,504.18,643.7,385.1,142.0,117.0,Downtrend,Strong,57.19,Rounding Top,71,03-06-2025,26-08-2025,Start:03-06-2025@484.15 ; Q1:24-06-2025@508.95 ; Mid:15-07-2025@551.3 ; Q3:05-08-2025@517.05 ; End:26-08-2025@520.1,,Rounding Top(71),9480887,Paper & Forest Products
2025-08-26,EQUITASBNK,52.24,Stage 4 (Downtrend),35.8,61.3,4444013,56.56,1.32,False,23.22,81.0,-2.57,False,Discount,28.26,39.88,False,Increasing,0.1569,False,False,False,32.44,53.62,False,107.29,52.24,53.62,51.75,79.76,55.89,61.26,62.67,63.28,86.9,51.75,23.0,152.0,Downtrend,Strong,31.87,Symmetrical Triangle,74,09-05-2025,04-07-2025,H1:13-06-2025@68.42 ; H2:04-07-2025@67.93 ; L1:09-05-2025@60.4 ; L2:20-06-2025@64.44,Triple Top(70) | Double Top(66) | Rounding Top(59),Symmetrical Triangle(74) | Triple Top(70) | Double Top(66) | Rounding Top(59),-159281472,Banking Services
2025-08-26,DCBBANK,122.12,Stage 1/3 (Neutral),41.29,128.37,1892306,67.53,1.11,False,23.11,82.0,-0.09,False,Equilibrium,30.95,19.01,False,Increasing,0.1821,False,False,False,34.57,122.23,False,149.47,101.92,124.34,121.17,125.7,127.26,136.97,136.12,126.3,150.79,101.41,48.0,192.0,Downtrend,Strong,31.61,Flag Pattern (Bear Flag),76,17-12-2024,28-01-2025,PoleS:17-12-2024@126.8 ; PoleE:08-01-2025@116.51 ; Consol:28-01-2025@116.65,Broadening Formation(68),Flag Pattern (Bear Flag)(76) | Broadening Formation(68),34899235,Banking Services
2025-08-26,MARKSANS,173.27,Stage 4 (Downtrend),32.26,226.21,1329881,48.97,0.68,False,23.04,83.0,-2.86,False,Discount,18.61,51.7,False,Decreasing,0.4235,False,False,False,50.48,178.37,False,353.4,173.27,178.37,171.8,263.33,201.55,230.8,232.46,250.17,358.7,171.0,65.0,403.0,Downtrend,Strong,47.18,Double Top,66,30-05-2025,04-07-2025,P1:30-05-2025@261.42 ; P2:04-07-2025@263.05,Rounding Top(59),Double Top(66) | Rounding Top(59),116762548,Pharmaceuticals
2025-08-26,WEBELSOLAR,1253.2,Stage 4 (Downtrend),47.75,1266.34,180598,57.65,0.7,False,22.63,84.0,-2.77,False,Near Premium,41.09,32.8,False,Decreasing,0.1821,False,False,False,16.89,1288.9,False,1837.0,537.3,1297.4,1250.0,1187.15,1324.36,1322.71,1336.09,1346.45,1865.0,803.5,245.0,396.0,Sideways,Moderate,55.63,Double Top,78,25-07-2025,15-08-2025,P1:25-07-2025@1380.4 ; P2:15-08-2025@1358.4,Symmetrical Triangle(74),Double Top(78) | Symmetrical Triangle(74),7290701,Renewable Energy
2025-08-26,VSTTILLERS,5386.6,Stage 2 (Uptrend),70.71,3978.23,41252,36.01,0.85,False,22.22,85.0,0.37,True,Premium,75.39,2.41,False,Decreasing,0.2864,False,True,True,46.15,5367.0,False,5386.6,3170.0,5519.7,5301.0,4278.3,4922.33,4439.57,4076.34,4212.19,5519.7,3082.0,486.0,300.0,Uptrend,Strong,40.9,No Clear Pattern,0,,,,,No Clear Pattern,1518811,"Machinery, Equipment & Components"
2025-08-26,GREAVESCOT,202.18,Stage 4 (Downtrend),47.93,212.27,1073045,42.71,0.19,False,21.69,86.0,-2.33,False,Equilibrium,43.06,36.72,False,Decreasing,0.1091,False,False,False,27.23,207.0,False,296.49,115.7,207.11,201.1,206.1,210.96,206.01,203.44,219.06,319.5,154.5,79.0,807.0,Uptrend,Strong,45.11,Triple Bottom,82,30-05-2025,25-07-2025,P1:30-05-2025@199.49 ; P2:20-06-2025@195.15 ; P3:25-07-2025@200.15,Cup and Handle(79) | Double Top(78) | Symmetrical Triangle(74),Triple Bottom(82) | Cup and Handle(79) | Double Top(78) | Symmetrical Triangle(74),539009130,"Machinery, Equipment & Components"
2025-08-26,ASHAPURMIN,485.2,Stage 2 (Uptrend),56.7,418.72,442435,22.74,0.81,False,21.47,87.0,0.51,True,Near Premium,42.64,17.34,False,Decreasing,0.169,False,False,False,25.81,482.75,False,569.5,216.85,493.2,476.15,393.18,518.98,490.45,433.2,411.63,587.0,200.45,147.0,320.0,Uptrend,Strong,47.12,Flag Pattern (Bull Flag),80,17-12-2024,28-01-2025,PoleS:17-12-2024@432.4 ; PoleE:08-01-2025@484.65 ; Consol:28-01-2025@471.2,Broadening Formation(68),Flag Pattern (Bull Flag)(80) | Broadening Formation(68),20069846,Metals & Mining
2025-08-26,AURIONPRO,1312.1,Stage 4 (Downtrend),43.38,1428.51,161174,74.27,1.56,False,21.15,88.0,-1.24,False,Discount,35.69,34.12,False,Increasing,0.1294,False,False,False,18.92,1328.6,False,1951.95,1279.7,1337.0,1292.2,1615.82,1398.19,1442.34,1432.99,1498.69,1991.75,1249.05,261.0,110.0,Sideways,Moderate,41.53,Symmetrical Triangle,78,20-06-2025,15-08-2025,H1:11-07-2025@1611.0 ; H2:15-08-2025@1478.9 ; L1:20-06-2025@1296.4 ; L2:01-08-2025@1362.1,Rounding Top(63),Symmetrical Triangle(78) | Rounding Top(63),-693032,Software & IT Services
2025-08-26,RICOAUTO,88.14,Stage 1/3 (Neutral),58.48,71.82,2391949,30.83,0.25,False,21.08,89.0,-6.23,True,Near Discount,58.41,30.95,False,Decreasing,0.5788,False,True,True,40.41,94.0,False,144.69,57.26,94.02,87.26,100.98,80.35,77.36,73.44,77.35,127.65,54.0,36.0,766.0,Uptrend,Strong,79.79,Symmetrical Triangle,74,06-06-2025,08-08-2025,H1:06-06-2025@81.98 ; H2:11-07-2025@77.95 ; L1:20-06-2025@73.7 ; L2:08-08-2025@67.45,,Symmetrical Triangle(74),125832448,Automobiles & Auto Parts
2025-08-26,VIPIND,413.5,Stage 2 (Uptrend),52.54,363.44,508355,70.56,1.31,False,21.02,90.0,-1.08,True,Equilibrium,41.33,29.89,False,Increasing,0.1665,False,False,False,22.71,418.0,False,579.75,260.0,422.9,410.55,419.88,432.93,436.23,384.52,395.33,589.75,248.35,135.0,154.0,Sideways,Moderate,38.16,Rounding Top,71,17-06-2025,26-08-2025,Start:17-06-2025@419.5 ; Q1:03-07-2025@413.05 ; Mid:22-07-2025@455.55 ; Q3:07-08-2025@450.1 ; End:26-08-2025@413.5,Broadening Formation(68),Rounding Top(71) | Broadening Formation(68),82265465,Textiles & Apparel
2025-08-26,ARIES,428.8,Stage 2 (Uptrend),74.17,309.19,490017,26.99,1.09,False,21.01,91.0,-0.41,True,Premium,62.32,6.76,False,Decreasing,0.2006,False,True,True,31.92,430.55,False,436.4,202.15,456.6,423.0,319.27,392.91,363.76,328.6,307.06,459.9,220.11,136.0,203.0,Uptrend,Strong,71.27,Symmetrical Triangle,74,07-02-2025,20-06-2025,H1:07-02-2025@271.1 ; H2:16-05-2025@306.85 ; L1:30-05-2025@298.4 ; L2:20-06-2025@314.95,,Symmetrical Triangle(74),18166376,Chemicals
2025-08-26,AVANTIFEED,639.95,Stage 4 (Downtrend),38.8,769.23,309855,49.86,0.66,False,19.83,92.0,1.24,False,Near Discount,35.98,33.63,False,Decreasing,0.1033,False,False,False,19.69,632.1,False,933.9,491.3,643.0,624.25,712.6,659.5,703.9,768.82,729.33,964.2,541.5,180.0,417.0,Sideways,Moderate,32.29,Broadening Formation,68,03-01-2025,08-08-2025,H1:03-01-2025@678.05 ; H2:18-07-2025@750.85 ; L1:14-02-2025@659.0 ; L2:08-08-2025@637.6,,Broadening Formation(68),126873110,Food & Tobacco
2025-08-26,SHARDACROP,967.3,Stage 2 (Uptrend),62.36,715.65,200039,52.96,0.56,False,19.35,93.0,-1.19,True,Near Premium,49.77,18.09,False,Increasing,0.2755,False,True,False,23.19,978.9,False,1155.35,357.85,981.0,943.5,756.6,1023.79,916.64,771.67,727.81,1181.0,452.25,230.0,499.0,Sideways,Moderate,48.19,Long-term Cup and Handle,83,07-01-2025,26-06-2025,RimL:07-01-2025@854.15 ; Btm:09-04-2025@456.05 ; RimR:11-06-2025@822.95 ; Hdl:26-06-2025@772.65,Ascending Channel(73) | Broadening Formation(68),Long-term Cup and Handle(83) | Ascending Channel(73) | Broadening Formation(68),55877053,Chemicals
2025-08-26,HCG,686.2,Stage 2 (Uptrend),73.35,562.12,281507,53.09,1.06,False,19.32,94.0,0.03,True,Premium,72.89,2.13,False,Increasing,0.1981,False,True,True,40.77,686.0,False,686.2,341.7,695.0,673.35,513.95,645.6,590.37,576.72,538.09,701.1,352.45,188.0,213.0,Uptrend,Strong,33.52,Triple Bottom,86,09-05-2025,20-06-2025,P1:09-05-2025@550.3 ; P2:30-05-2025@542.4 ; P3:20-06-2025@535.25,Cup and Handle(83) | Broadening Formation(68),Triple Bottom(86) | Cup and Handle(83) | Broadening Formation(68),25750850,Healthcare Providers & Services
2025-08-26,GEPIL,359.45,Stage 2 (Uptrend),60.53,277.07,536230,38.23,0.56,False,19.27,95.0,-3.36,True,Near Discount,59.15,26.39,False,Decreasing,0.3434,False,True,True,44.62,371.95,False,634.9,218.12,379.65,356.25,426.51,336.2,320.0,287.91,307.41,488.3,205.25,132.0,499.0,Uptrend,Strong,69.07,Symmetrical Triangle,74,18-04-2025,25-07-2025,H1:18-04-2025@260.61 ; H2:11-07-2025@331.9 ; L1:09-05-2025@218.12 ; L2:25-07-2025@284.6,,Symmetrical Triangle(74),46853579,NO DATA
2025-08-26,KSCL,1150.3,Stage 1/3 (Neutral),47.89,1220.76,167117,58.9,1.02,False,19.22,96.0,-0.15,True,Equilibrium,54.65,28.2,False,Decreasing,0.1007,False,True,True,19.19,1152.0,False,1568.8,819.8,1158.5,1120.0,1194.3,1109.3,1147.31,1285.74,1124.06,1602.0,804.1,253.0,223.0,Sideways,Moderate,32.12,No Clear Pattern,0,,,,,No Clear Pattern,14284741,Food & Tobacco
2024-09-27,TIPSINDLTD,684.2,Unknown,69.99,,280231,40.38,0.94,False,19.17,97.0,-3.22,False,Near Premium,46.85,12.84,False,Decreasing,0.123,False,False,False,17.9,707.0,False,772.1,370.9,707.0,679.7,571.5,701.96,685.6,,,784.95,346.45,189.0,256.0,Sideways,Moderate,29.03,Double Bottom,78,31-05-2024,28-06-2024,P1:31-05-2024@417.05 ; P2:28-06-2024@408.3,Rounding Top(71),Double Bottom(78) | Rounding Top(71),12213547,NO DATA
2025-08-26,SOUTHBANK,29.43,Stage 2 (Uptrend),57.94,27.11,6415280,70.26,0.83,False,18.88,98.0,-0.88,True,Near Premium,46.98,8.74,False,Decreasing,0.0508,False,False,False,12.2,29.69,False,31.6,22.43,29.85,29.3,27.02,29.52,29.85,28.37,26.56,32.25,22.27,18.0,305.0,Sideways,Weak,16.22,Rising Wedge,85,27-12-2024,08-08-2025,UL1:03-01-2025@26.96 ; UL2:07-03-2025@25.5 ; UL3:13-06-2025@30.16 ; UL4:04-07-2025@30.68 ; LL1:27-12-2024@24.97 ; LL2:28-03-2025@23.07 ; LL3:09-05-2025@24.32 ; LL4:08-08-2025@29.2,Ascending Channel(73),Rising Wedge(85) | Ascending Channel(73),234730558,Banking Services
2025-08-26,KABRAEXTRU,287.2,Stage 4 (Downtrend),46.53,297.5,614304,19.98,9.1,True,17.64,99.0,6.39,False,Near Discount,59.7,51.32,False,Increasing,0.2201,False,True,True,23.82,269.95,False,574.4,246.35,295.0,263.95,410.38,262.94,282.32,277.48,358.83,590.0,242.6,122.0,8.0,Sideways,Moderate,60.02,Rounding Top,63,13-05-2025,26-08-2025,Start:13-05-2025@271.55 ; Q1:06-06-2025@284.2 ; Mid:03-07-2025@292.5 ; Q3:30-07-2025@287.8 ; End:26-08-2025@287.2,,Rounding Top(63),11079670,"Machinery, Equipment & Components"
2025-08-26,MANGCHEFER,356.05,Stage 2 (Uptrend),82.65,238.79,488577,43.45,0.67,False,17.4,100.0,-2.01,True,Premium,61.58,4.58,False,Decreasing,0.0696,False,True,True,45.03,363.35,False,364.2,97.0,363.35,342.5,230.6,354.08,310.73,272.68,214.0,373.15,121.2,137.0,410.0,Uptrend,Strong,43.63,No Clear Pattern,0,,,,,No Clear Pattern,50853693,NO DATA
2025-08-26,STLTECH,125.75,Stage 2 (Uptrend),62.06,94.18,1356324,47.35,0.43,False,17.06,101.0,-2.84,True,Near Premium,51.65,11.16,False,Decreasing,0.1706,False,True,False,32.1,129.42,False,148.55,59.48,130.92,124.53,104.02,127.43,117.42,95.65,100.57,141.55,58.86,62.0,633.0,Uptrend,Strong,55.83,Broadening Formation,68,21-03-2025,15-08-2025,H1:21-03-2025@86.71 ; H2:15-08-2025@134.79 ; L1:04-04-2025@80.51 ; L2:11-07-2025@102.89,,Broadening Formation(68),402415702,Communications & Networking
2025-08-26,JASH,519.9,Stage 4 (Downtrend),42.83,568.03,318052,28.21,1.87,False,16.54,102.0,-0.08,False,Equilibrium,39.63,25.62,False,Increasing,0.1792,False,False,False,19.92,520.3,False,682.95,395.34,536.75,516.7,539.14,536.17,559.82,571.3,570.92,698.95,392.79,178.0,82.0,Sideways,Moderate,34.34,No Clear Pattern,0,,,,,No Clear Pattern,2134795,"Machinery, Equipment & Components"
2025-08-26,POWERMECH,3130.4,Stage 2 (Uptrend),56.25,2755.53,52747,57.63,0.88,False,16.51,103.0,-2.69,True,Near Premium,47.15,16.38,False,Decreasing,0.0675,True,False,False,11.85,3217.0,False,3523.97,1802.25,3217.0,3112.5,2663.11,3137.32,3168.87,3013.66,2701.64,3743.72,1700.0,445.0,288.0,Sideways,Weak,25.39,Inverse Head and Shoulders,88,27-12-2024,11-04-2025,LS:27-12-2024@2557.1 ; H:28-02-2025@1802.25 ; RS:11-04-2025@2599.3,Double Bottom(82) | Long-term Rounding Bottom(75) | Ascending Channel(73) | Broadening Formation(68),Inverse Head and Shoulders(88) | Double Bottom(82) | Long-term Rounding Bottom(75) | Ascending Channel(73) | Broadening Formation(68),5818425,Construction & Engineering
2025-08-26,NESCO,1439.0,Stage 2 (Uptrend),77.66,1060.16,111902,42.02,0.57,False,16.1,104.0,-0.42,True,Premium,67.91,2.37,False,Decreasing,0.1525,False,True,True,55.75,1445.0,False,1461.0,821.45,1466.2,1420.0,1141.22,1381.59,1257.14,1103.2,1036.82,1473.9,842.6,316.0,493.0,Uptrend,Strong,36.46,Double Bottom,82,09-05-2025,30-05-2025,P1:09-05-2025@907.65 ; P2:30-05-2025@926.0,,Double Bottom(82),7569786,Real Estate Operations
2025-08-26,EMAMIPAP,108.51,Stage 1/3 (Neutral),57.74,95.24,1471251,25.26,9.08,True,15.96,105.0,-9.91,True,Near Discount,63.35,22.49,False,Increasing,0.2479,False,True,True,23.07,120.44,False,147.26,83.82,122.0,107.63,115.54,96.03,98.11,96.4,99.35,139.99,82.51,56.0,9.0,Sideways,Moderate,78.79,Pennant Pattern,77,17-12-2024,28-01-2025,PoleS:17-12-2024@123.82 ; PoleE:08-01-2025@106.73 ; Consol:28-01-2025@100.81,Broadening Formation(72),Pennant Pattern(77) | Broadening Formation(72),6734456,Paper & Forest Products
2025-08-26,TIMETECHNO,219.69,Stage 2 (Uptrend),58.18,191.54,722245,37.77,0.61,False,15.87,106.0,-3.46,True,Near Premium,51.58,9.74,False,Decreasing,0.1138,False,True,True,16.73,227.56,False,237.56,125.43,228.84,218.58,181.49,218.47,215.3,195.89,196.96,243.39,145.31,105.0,459.0,Sideways,Moderate,43.37,Double Bottom,82,11-07-2025,15-08-2025,P1:11-07-2025@208.58 ; P2:15-08-2025@211.21,Symmetrical Triangle(74),Double Bottom(82) | Symmetrical Triangle(74),98558920,Containers & Packaging
2025-08-26,TEXRAIL,138.37,Stage 4 (Downtrend),42.23,148.25,1138960,35.03,0.8,False,15.76,107.0,-2.21,False,Near Discount,38.42,45.75,False,Decreasing,0.1298,True,False,False,31.68,141.49,False,287.67,124.27,141.86,137.65,205.97,141.81,155.86,153.37,166.56,255.05,119.06,76.0,328.0,Downtrend,Strong,33.6,Broadening Formation,68,11-04-2025,15-08-2025,H1:25-04-2025@143.65 ; H2:27-06-2025@178.51 ; L1:11-04-2025@134.3 ; L2:15-08-2025@133.21,Rounding Top(59),Broadening Formation(68) | Rounding Top(59),268932477,"Machinery, Equipment & Components"
2025-08-26,TNPL,161.67,Stage 1/3 (Neutral),51.09,148.89,955568,28.19,1.78,False,15.45,108.0,-3.77,True,Near Discount,51.86,32.36,False,Decreasing,0.0945,False,False,True,16.61,168.0,False,291.25,120.69,168.0,158.4,205.97,157.46,163.54,155.18,159.37,239.0,115.5,90.0,85.0,Sideways,Moderate,50.33,Symmetrical Triangle,78,09-05-2025,04-07-2025,H1:23-05-2025@166.56 ; H2:04-07-2025@183.52 ; L1:09-05-2025@126.74 ; L2:20-06-2025@155.45,Rounding Top(75),Symmetrical Triangle(78) | Rounding Top(75),19977479,Paper & Forest Products
2025-08-26,SUDARSCHEM,1432.8,Stage 2 (Uptrend),71.43,1143.49,107851,61.29,0.49,False,15.45,108.0,-0.73,True,Premium,59.82,4.8,False,Decreasing,0.039,True,True,False,49.18,1443.3,False,1460.7,719.95,1450.0,1403.4,1090.32,1440.8,1323.81,1207.37,1115.89,1505.0,796.15,321.0,575.0,Uptrend,Strong,36.8,No Clear Pattern,0,,,,,No Clear Pattern,22580320,Chemicals
2025-08-26,PREMEXPLN,501.7,Stage 2 (Uptrend),50.76,461.88,305957,45.65,0.32,False,15.35,110.0,-3.52,True,Near Discount,51.16,24.81,False,Decreasing,0.3321,False,False,True,30.01,520.0,False,892.2,311.75,523.0,500.0,601.98,473.42,521.78,501.32,468.01,667.2,309.15,183.0,714.0,Downtrend,Strong,83.38,Long-term Rounding Bottom,71,21-08-2024,26-08-2025,Start:21-08-2024@589.15 ; Q1:22-11-2024@413.65 ; Mid:20-02-2025@371.85 ; Q3:29-05-2025@574.55 ; End:26-08-2025@501.7,Rounding Top(71),Long-term Rounding Bottom(71) | Rounding Top(71),31321022,Chemicals
2025-08-26,SIRCA,456.8,Stage 2 (Uptrend),73.49,338.93,332408,37.52,0.46,False,15.18,111.0,-0.16,True,Premium,62.13,3.62,False,Decreasing,0.1174,False,True,True,35.5,457.55,False,469.35,239.75,461.5,453.25,354.55,450.32,419.95,362.28,334.48,473.95,230.69,174.0,608.0,Uptrend,Strong,21.78,Flag Pattern (Bear Flag),84,17-12-2024,28-01-2025,PoleS:17-12-2024@333.65 ; PoleE:08-01-2025@313.2 ; Consol:28-01-2025@295.1,,Flag Pattern (Bear Flag)(84),22871316,Chemicals
2024-11-04,GET&D,1771.1,Unknown,57.29,,83319,,0.2,False,14.76,112.0,-1.88,False,Near Premium,54.37,10.05,False,Decreasing,0.1725,False,True,True,13.19,1805.0,False,1940.15,1257.25,1820.0,1715.0,1598.7,1760.44,1699.58,1660.22,,1969.0,1222.65,366.0,797.0,Sideways,Weak,39.32,Cup and Handle,79,20-08-2024,28-10-2024,RimL:20-08-2024@1807.9 ; Btm:24-09-2024@1552.6 ; RimR:11-10-2024@1775.7 ; Hdl:28-10-2024@1666.75,Rising Wedge(77) | Flag Pattern (Bull Flag)(76),Cup and Handle(79) | Rising Wedge(77) | Flag Pattern (Bull Flag)(76),-4316827,NO DATA
2025-08-26,VOLTAMP,7894.5,Stage 4 (Downtrend),44.01,7911.02,18644,63.47,0.58,False,14.72,113.0,-2.4,False,Near Discount,34.4,46.66,False,Increasing,0.1768,False,False,False,23.09,8089.0,False,14472.8,6105.45,8109.0,7863.5,10289.12,8279.75,8872.2,8439.25,8517.49,14800.0,6051.0,614.0,485.0,Sideways,Moderate,41.29,Broadening Formation,68,21-03-2025,15-08-2025,H1:21-03-2025@7219.2 ; H2:11-07-2025@9646.5 ; L1:04-04-2025@6765.5 ; L2:15-08-2025@7894.5,Rounding Top(59),Broadening Formation(68) | Rounding Top(59),-145512,"Machinery, Equipment & Components"
2025-08-26,EPL,232.01,Stage 2 (Uptrend),51.5,221.94,619720,59.31,0.8,False,14.38,114.0,-2.52,False,Equilibrium,50.4,19.97,False,Increasing,0.1063,False,False,True,24.26,238.0,False,285.45,174.4,240.64,231.2,229.92,229.08,232.73,224.76,232.77,289.9,175.28,120.0,328.0,Sideways,Moderate,27.83,Symmetrical Triangle,74,18-04-2025,01-08-2025,H1:18-04-2025@198.95 ; H2:30-05-2025@247.0 ; L1:20-06-2025@233.73 ; L2:01-08-2025@225.56,,Symmetrical Triangle(74),138021129,Containers & Packaging
2025-08-26,GOODLUCK,1106.9,Stage 2 (Uptrend),59.89,886.26,129551,43.31,0.67,False,14.34,115.0,-1.96,True,Near Premium,56.3,16.77,False,Decreasing,0.2046,False,True,True,22.34,1129.0,False,1301.5,617.0,1149.0,1096.2,959.25,1057.08,1092.8,963.02,905.01,1330.0,567.75,296.0,410.0,Sideways,Moderate,61.94,Rounding Top,79,03-06-2025,26-08-2025,Start:03-06-2025@968.6 ; Q1:24-06-2025@1087.15 ; Mid:15-07-2025@1139.0 ; Q3:05-08-2025@1050.5 ; End:26-08-2025@1106.9,Long-term Rounding Bottom(75),Rounding Top(79) | Long-term Rounding Bottom(75),5372138,Metals & Mining
2025-08-26,CIGNITITEC,1642.1,Stage 1/3 (Neutral),54.21,1509.55,85911,38.26,1.26,False,14.11,116.0,-1.43,True,Near Premium,52.83,16.64,False,Increasing,0.1253,False,False,True,29.86,1666.0,False,1943.05,1159.55,1679.0,1632.1,1551.3,1593.36,1685.12,1569.53,1563.29,1970.0,1033.25,363.0,160.0,Downtrend,Strong,38.5,Rounding Top,79,13-05-2025,26-08-2025,Start:13-05-2025@1528.8 ; Q1:06-06-2025@1634.4 ; Mid:03-07-2025@1809.5 ; Q3:30-07-2025@1641.6 ; End:26-08-2025@1642.1,Symmetrical Triangle(74),Rounding Top(79) | Symmetrical Triangle(74),6203795,Software & IT Services
2025-08-26,PSPPROJECT,691.55,Stage 2 (Uptrend),49.86,674.54,199172,44.5,0.54,False,13.77,117.0,0.27,True,Equilibrium,45.34,18.01,False,Increasing,0.2447,False,False,False,44.12,689.7,False,834.25,590.55,705.45,677.0,712.4,695.17,745.51,696.04,668.69,843.45,565.4,232.0,522.0,Downtrend,Strong,42.79,Triple Bottom,86,11-04-2025,15-08-2025,P1:11-04-2025@632.95 ; P2:30-05-2025@639.05 ; P3:15-08-2025@648.2,Double Bottom(82) | Rounding Top(79) | Broadening Formation(68),Triple Bottom(86) | Double Bottom(82) | Rounding Top(79) | Broadening Formation(68),10061018,Construction & Engineering
2025-08-26,MAHSCOOTER,15593.0,Stage 2 (Uptrend),68.62,12502.16,8693,59.69,1.0,False,13.55,118.0,-0.68,True,Near Premium,56.09,4.43,False,Increasing,0.1213,False,True,True,24.42,15700.0,False,16132.0,7462.6,15820.0,15300.0,11797.3,15417.0,14842.9,13586.67,11601.78,16315.0,8822.0,705.0,230.0,Sideways,Moderate,34.28,No Clear Pattern,0,,,,,No Clear Pattern,1016400,Holding Companies
2025-08-26,DHANI,63.35,Stage 1/3 (Neutral),49.49,62.17,2097156,38.08,0.65,False,13.29,119.0,-4.72,False,Near Discount,51.93,42.35,False,Decreasing,0.1267,False,False,True,19.4,66.49,False,108.29,39.6,66.54,62.55,73.95,61.76,64.45,62.27,69.39,109.88,47.05,41.0,425.0,Sideways,Moderate,54.45,Double Bottom,78,30-05-2025,01-08-2025,P1:30-05-2025@59.53 ; P2:01-08-2025@59.48,Symmetrical Triangle(74) | Rounding Top(71),Double Bottom(78) | Symmetrical Triangle(74) | Rounding Top(71),364014859,Banking Services
2025-08-26,JAMNAAUTO,100.72,Stage 2 (Uptrend),60.91,85.9,1318924,36.58,0.19,False,13.28,120.0,-2.02,True,Near Discount,60.07,24.83,False,Decreasing,0.2416,False,True,True,27.47,102.8,False,146.09,70.85,103.34,100.0,108.47,94.44,94.03,89.25,90.14,133.99,68.57,66.0,807.0,Uptrend,Strong,49.46,Double Bottom,78,06-06-2025,08-08-2025,P1:06-06-2025@88.8 ; P2:08-08-2025@88.96,Ascending Channel(69),Double Bottom(78) | Ascending Channel(69),172946494,Automobiles & Auto Parts
2025-08-26,SEAMECLTD,925.05,Stage 1/3 (Neutral),50.88,905.52,142095,66.39,2.13,True,13.14,121.0,-0.39,False,Near Discount,73.28,44.61,False,Increasing,0.2145,False,True,True,24.04,928.7,False,1607.55,781.25,952.4,911.0,1194.4,832.3,841.22,883.52,976.47,1669.95,752.55,278.0,69.0,Sideways,Moderate,32.3,Rounding Bottom,83,01-07-2025,26-08-2025,Start:01-07-2025@858.15 ; Q1:15-07-2025@837.5 ; Mid:29-07-2025@786.95 ; Q3:12-08-2025@815.2 ; End:26-08-2025@925.05,Head and Shoulders(76) | Broadening Formation(72) | Descending Channel(61),Rounding Bottom(83) | Head and Shoulders(76) | Broadening Formation(72) | Descending Channel(61),4924220,Oil & Gas Related Equipment and Services
2025-08-26,RAMCOIND,311.5,Stage 2 (Uptrend),68.81,258.29,421818,46.1,1.78,False,13.14,121.0,1.14,True,Premium,68.89,3.96,False,Increasing,0.1042,False,True,True,40.07,308.0,False,318.55,217.25,315.0,306.0,267.9,294.87,286.06,267.31,264.05,324.35,215.0,151.0,85.0,Uptrend,Strong,29.98,No Clear Pattern,0,,,,,No Clear Pattern,12183927,Construction Materials
2025-08-26,ASHIANA,322.95,Stage 1/3 (Neutral),52.23,307.4,401581,12.39,7.78,True,12.97,123.0,4.5,True,Near Discount,55.34,18.39,False,Increasing,0.0706,False,False,True,11.78,309.05,False,452.05,251.8,336.0,308.6,351.92,313.62,327.58,309.6,315.62,395.7,247.8,154.0,10.0,Sideways,Weak,28.39,Rounding Top,83,13-05-2025,26-08-2025,Start:13-05-2025@268.55 ; Q1:06-06-2025@334.25 ; Mid:03-07-2025@339.2 ; Q3:30-07-2025@320.05 ; End:26-08-2025@322.95,,Rounding Top(83),4290707,Real Estate Operations
2025-08-26,BECTORFOOD,285.69,Stage 4 (Downtrend),43.08,300.96,450664,76.53,4.27,True,12.88,124.0,0.94,False,Near Discount,41.34,37.28,False,Increasing,0.1514,False,False,False,14.74,283.02,False,438.03,248.93,290.81,282.01,343.48,296.54,296.32,303.58,314.09,455.49,264.18,143.0,24.0,Sideways,Weak,36.73,Cup and Handle,91,16-05-2025,13-08-2025,RimL:16-05-2025@324.95 ; Btm:23-06-2025@277.41 ; RimR:24-07-2025@321.28 ; Hdl:13-08-2025@281.39,Symmetrical Triangle(78) | Triple Top(74) | Double Top(70) | Rounding Top(63),Cup and Handle(91) | Symmetrical Triangle(78) | Triple Top(74) | Double Top(70) | Rounding Top(63),10854367,Food & Tobacco
2025-08-26,MOIL,325.05,Stage 4 (Downtrend),43.5,341.37,392053,69.81,0.76,False,12.74,125.0,-1.74,False,Near Discount,37.34,23.25,False,Increasing,0.134,False,False,False,26.47,330.8,False,556.65,287.35,332.0,323.6,422.0,333.16,359.57,353.94,339.94,423.5,274.05,158.0,355.0,Downtrend,Strong,33.49,Long-term Rounding Bottom,79,21-08-2024,26-08-2025,Start:21-08-2024@397.95 ; Q1:22-11-2024@295.15 ; Mid:20-02-2025@325.65 ; Q3:29-05-2025@383.2 ; End:26-08-2025@325.05,Broadening Formation(68) | Double Top(66) | Rounding Top(59),Long-term Rounding Bottom(79) | Broadening Formation(68) | Double Top(66) | Rounding Top(59),52738852,Metals & Mining
2024-12-02,IIFLSEC,331.75,Unknown,55.76,,380359,42.6,0.54,False,12.62,126.0,1.65,False,Near Premium,45.28,26.11,False,Decreasing,0.378,False,False,False,24.66,326.35,False,444.55,170.8,335.85,321.1,307.68,344.64,361.09,299.74,,448.95,159.0,162.0,522.0,Sideways,Moderate,55.76,Rounding Top,71,04-09-2024,02-12-2024,Start:04-09-2024@319.95 ; Q1:25-09-2024@329.7 ; Mid:17-10-2024@432.35 ; Q3:08-11-2024@372.45 ; End:02-12-2024@331.75,Broadening Formation(68),Rounding Top(71) | Broadening Formation(68),66654772,NO DATA
2025-08-26,PFOCUS,146.16,Stage 2 (Uptrend),56.16,119.76,851211,55.21,0.36,False,12.44,127.0,-3.21,True,Near Premium,43.89,19.25,False,Decreasing,0.1464,False,False,False,20.51,151.0,False,174.58,89.81,152.09,144.0,132.2,153.66,150.44,127.06,121.86,181.0,85.0,97.0,684.0,Sideways,Moderate,63.26,Long-term Rounding Bottom,75,21-08-2024,26-08-2025,Start:21-08-2024@144.34 ; Q1:22-11-2024@124.39 ; Mid:20-02-2025@107.19 ; Q3:29-05-2025@111.2 ; End:26-08-2025@146.16,,Long-term Rounding Bottom(75),58725208,Media & Publishing
2025-08-26,SPIC,108.31,Stage 2 (Uptrend),64.76,85.57,1146231,38.73,0.28,False,12.41,128.0,-3.34,True,Near Premium,65.65,7.74,False,Decreasing,0.3984,False,True,True,31.42,112.05,False,113.29,66.86,112.4,107.2,90.08,97.23,91.37,87.7,82.32,117.4,66.22,75.0,745.0,Uptrend,Strong,82.43,Triple Bottom,86,13-06-2025,15-08-2025,P1:13-06-2025@82.86 ; P2:11-07-2025@83.98 ; P3:15-08-2025@84.54,Flag Pattern (Bear Flag)(84) | Long-term Cup and Handle(83) | Double Bottom(82) | Diamond Bottom(76) | Ascending Channel(73),Triple Bottom(86) | Flag Pattern (Bear Flag)(84) | Long-term Cup and Handle(83) | Double Bottom(82) | Diamond Bottom(76) | Ascending Channel(73),133879633,Chemicals
2024-08-05,ISMTLTD,120.19,Unknown,,,1017392,42.37,0.65,False,12.23,129.0,-3.06,False,Near Discount,34.9,23.88,False,Increasing,0.2348,False,False,False,17.8,123.99,True,149.07,108.7,124.4,118.6,128.88,137.64,,,,157.9,100.65,86.0,425.0,Sideways,Moderate,64.52,Insufficient Data,0,,,,,Insufficient Data,15426591,NO DATA
2025-08-26,ARVIND,283.0,Stage 4 (Downtrend),33.56,339.48,422448,61.4,0.98,False,11.96,130.0,-3.02,False,Discount,26.47,37.11,False,Increasing,0.1738,False,False,False,18.19,291.8,False,448.55,283.0,291.8,281.75,365.78,303.75,328.56,346.04,356.08,450.0,281.75,150.0,236.0,Sideways,Moderate,27.83,No Clear Pattern,0,,,,,No Clear Pattern,12163471,Textiles & Apparel
2025-08-26,GLOBUSSPR,1243.3,Stage 2 (Uptrend),63.11,1031.76,95315,55.0,0.6,False,11.85,131.0,1.18,True,Near Premium,62.92,9.23,False,Decreasing,0.1106,False,True,True,38.91,1228.8,False,1331.45,689.55,1246.5,1205.5,1010.5,1216.79,1096.61,1057.98,978.37,1369.75,751.0,351.0,467.0,Uptrend,Strong,27.39,Inverse Head and Shoulders,88,20-12-2024,21-02-2025,LS:20-12-2024@879.1 ; H:17-01-2025@796.15 ; RS:21-02-2025@857.3,Long-term Rounding Bottom(75) | Broadening Formation(68),Inverse Head and Shoulders(88) | Long-term Rounding Bottom(75) | Broadening Formation(68),19385256,Beverages
2025-08-26,THOMASCOOK,174.2,Stage 2 (Uptrend),56.02,150.58,665472,66.5,0.4,False,11.59,132.0,-0.74,True,Near Discount,60.01,27.33,False,Decreasing,0.2012,False,True,True,20.37,175.5,False,261.9,119.37,176.79,173.25,190.64,162.99,165.1,157.49,163.28,239.7,118.25,113.0,654.0,Sideways,Moderate,38.97,Broadening Formation,68,21-03-2025,08-08-2025,H1:21-03-2025@140.79 ; H2:18-07-2025@178.54 ; L1:11-04-2025@131.31 ; L2:08-08-2025@153.56,,Broadening Formation(68),52030684,Hotels & Entertainment Services
2025-08-26,SAFARI,2119.6,Stage 1/3 (Neutral),48.36,2109.39,54503,42.05,0.86,False,11.55,133.0,-1.34,False,Near Discount,55.15,22.77,False,Decreasing,0.0742,False,False,True,18.94,2148.4,False,2723.75,1880.35,2165.0,2088.1,2302.05,2060.54,2123.21,2127.62,2229.93,2744.7,1670.15,438.0,297.0,Sideways,Moderate,33.82,Symmetrical Triangle,74,02-05-2025,11-07-2025,H1:30-05-2025@2307.7 ; H2:11-07-2025@2219.4 ; L1:02-05-2025@1962.5 ; L2:20-06-2025@2117.8,,Symmetrical Triangle(74),3244469,Textiles & Apparel
2025-08-26,BLISSGVS,162.8,Stage 2 (Uptrend),57.53,139.01,698835,43.02,0.33,False,11.38,134.0,2.89,True,Near Premium,46.84,14.75,False,Decreasing,0.1707,False,True,False,45.02,158.23,False,183.17,97.65,164.2,157.22,140.41,171.26,160.48,143.25,143.9,190.97,106.04,110.0,705.0,Uptrend,Strong,72.02,Broadening Formation,68,10-01-2025,08-08-2025,H1:24-01-2025@161.48 ; H2:08-08-2025@177.45 ; L1:10-01-2025@160.47 ; L2:25-07-2025@153.61,,Broadening Formation(68),91778613,Pharmaceuticals
2025-08-26,BANCOINDIA,583.2,Stage 2 (Uptrend),58.06,475.0,189089,47.13,0.67,False,11.03,135.0,-0.02,True,Near Premium,47.85,15.55,False,Decreasing,0.152,False,False,True,19.95,583.3,False,673.95,255.81,589.15,570.0,464.88,581.71,611.6,531.84,473.88,690.6,287.33,241.0,410.0,Sideways,Moderate,56.99,Rounding Top,79,03-06-2025,26-08-2025,Start:03-06-2025@555.25 ; Q1:24-06-2025@571.0 ; Mid:15-07-2025@673.95 ; Q3:05-08-2025@605.35 ; End:26-08-2025@583.2,Diamond Bottom(76) | Broadening Formation(68),Rounding Top(79) | Diamond Bottom(76) | Broadening Formation(68),31741004,Automobiles & Auto Parts
2025-08-26,ARVINDFASN,526.0,Stage 2 (Uptrend),58.18,447.57,207517,54.87,0.32,False,10.92,136.0,-1.61,True,Near Premium,55.99,17.77,False,Decreasing,0.1243,False,True,False,20.07,534.6,False,634.0,363.6,535.85,516.75,498.8,526.56,498.6,465.92,474.4,639.7,320.2,223.0,714.0,Sideways,Moderate,39.69,Broadening Formation,68,18-04-2025,15-08-2025,H1:18-04-2025@415.1 ; H2:01-08-2025@560.15 ; L1:02-05-2025@393.15 ; L2:15-08-2025@499.3,,Broadening Formation(68),35421647,Specialty Retailers
2025-08-26,SAGCEM,252.78,Stage 2 (Uptrend),59.3,217.92,417481,33.13,2.84,True,10.55,137.0,-2.02,True,Near Premium,59.82,9.4,False,Increasing,0.1473,False,True,True,25.0,258.0,False,269.82,170.71,263.7,251.65,220.26,238.61,241.54,230.87,218.42,279.0,168.04,152.0,49.0,Uptrend,Strong,39.45,Inverse Head and Shoulders,92,20-12-2024,09-05-2025,LS:20-12-2024@216.25 ; H:14-03-2025@170.71 ; RS:09-05-2025@209.97,Double Bottom(86) | Rounding Top(83),Inverse Head and Shoulders(92) | Double Bottom(86) | Rounding Top(83),7494695,Construction Materials
2025-08-26,DHANUKA,1600.1,Stage 2 (Uptrend),52.76,1486.34,64589,68.34,0.47,False,10.33,138.0,1.17,True,Near Premium,42.64,18.98,False,Increasing,0.2367,False,False,False,15.18,1581.6,False,1910.2,1114.25,1610.0,1566.4,1512.22,1654.58,1681.4,1577.7,1498.3,1975.0,1092.05,405.0,603.0,Sideways,Moderate,57.23,Flag Pattern (Bear Flag),84,17-12-2024,28-01-2025,PoleS:17-12-2024@1600.3 ; PoleE:08-01-2025@1407.15 ; Consol:28-01-2025@1360.4,Long-term Rounding Bottom(75),Flag Pattern (Bear Flag)(84) | Long-term Rounding Bottom(75),2533921,Chemicals
2025-08-26,KTKBANK,170.19,Stage 4 (Downtrend),36.96,185.72,603847,65.35,0.65,False,10.28,139.0,-1.22,False,Near Discount,25.77,30.02,False,Decreasing,0.0975,False,False,False,43.16,172.3,False,243.22,164.24,172.3,170.0,203.73,174.55,187.3,191.53,192.9,243.2,162.2,124.0,425.0,Downtrend,Strong,12.74,Broadening Formation,68,20-12-2024,15-08-2025,H1:27-12-2024@214.53 ; H2:27-06-2025@207.65 ; L1:20-12-2024@208.6 ; L2:15-08-2025@169.89,,Broadening Formation(68),-17779061,Banking Services
2025-08-26,VINATIORGA,1713.8,Stage 4 (Downtrend),45.67,1724.22,59721,56.41,0.91,False,10.23,140.0,0.63,False,Near Discount,42.95,19.73,False,Increasing,0.153,False,False,False,25.1,1703.0,False,2310.35,1448.25,1750.0,1644.9,1879.3,1723.63,1857.47,1789.93,1750.18,2134.95,1412.5,420.0,272.0,Downtrend,Strong,25.47,Broadening Formation,68,28-02-2025,08-08-2025,H1:07-03-2025@1614.7 ; H2:18-07-2025@1986.2 ; L1:28-02-2025@1524.75 ; L2:08-08-2025@1657.0,,Broadening Formation(68),2717135,Chemicals
2025-08-26,MUNJALAU,90.32,Stage 1/3 (Neutral),60.69,75.88,1124637,27.18,2.53,True,10.16,141.0,2.29,True,Near Discount,80.19,38.01,False,Increasing,0.2763,False,True,True,30.03,88.3,False,143.44,63.46,93.8,87.2,103.45,77.79,77.24,76.55,84.31,145.7,60.52,77.0,54.0,Uptrend,Strong,34.19,Cup and Handle,83,06-06-2025,08-08-2025,RimL:06-06-2025@81.95 ; Btm:23-06-2025@72.64 ; RimR:17-07-2025@79.81 ; Hdl:08-08-2025@72.27,Broadening Formation(72),Cup and Handle(83) | Broadening Formation(72),63305925,Automobiles & Auto Parts
2025-08-26,MIDHANI,380.75,Stage 2 (Uptrend),50.73,350.67,264036,52.94,0.82,False,10.05,142.0,-1.87,True,Equilibrium,38.27,18.82,False,Decreasing,0.0626,True,False,False,12.03,388.0,True,531.15,233.73,390.7,376.0,382.44,393.62,412.72,383.82,348.79,469.0,226.93,197.0,312.0,Sideways,Weak,28.58,No Clear Pattern,0,,,,,No Clear Pattern,93372458,Metals & Mining
2025-08-26,MTNL,44.62,Stage 4 (Downtrend),46.96,45.97,2213802,24.91,0.92,False,9.88,143.0,-1.93,False,Near Discount,43.39,34.81,False,Decreasing,0.1315,False,False,False,24.43,45.5,False,97.08,35.45,46.65,44.45,66.26,44.8,47.94,46.54,47.18,68.45,37.42,39.0,269.0,Sideways,Moderate,27.89,Symmetrical Triangle,74,18-04-2025,15-08-2025,H1:18-04-2025@43.8 ; H2:13-06-2025@52.01 ; L1:20-06-2025@47.6 ; L2:15-08-2025@42.36,,Symmetrical Triangle(74),1259592031,Telecommunications Services
2025-08-26,PENIND,244.51,Stage 2 (Uptrend),58.07,204.02,400168,46.5,0.26,False,9.78,144.0,-3.55,True,Near Premium,52.03,9.17,False,Decreasing,0.275,False,True,True,20.89,253.5,False,263.02,126.8,254.45,243.15,194.91,238.07,236.16,220.01,201.66,269.2,135.65,155.0,757.0,Sideways,Moderate,86.37,Double Top,86,06-06-2025,25-07-2025,P1:06-06-2025@246.92 ; P2:25-07-2025@249.93,Broadening Formation(68),Double Top(86) | Broadening Formation(68),70243969,Construction & Engineering
2025-08-26,EKC,135.89,Stage 1/3 (Neutral),48.97,130.38,716994,40.67,0.29,False,9.74,145.0,-4.64,False,Near Discount,48.41,41.32,False,Decreasing,0.2025,False,True,True,28.76,142.5,False,226.84,113.01,142.59,135.0,169.92,135.83,135.8,131.2,148.47,231.57,103.0,106.0,737.0,Uptrend,Strong,68.37,Double Bottom,86,20-06-2025,01-08-2025,P1:20-06-2025@129.1 ; P2:01-08-2025@126.51,Rounding Bottom(79) | Ascending Channel(77),Double Bottom(86) | Rounding Bottom(79) | Ascending Channel(77),112518770,"Machinery, Equipment & Components"
2025-08-26,BAJAJELEC,574.05,Stage 4 (Downtrend),39.2,616.26,165057,74.65,2.56,True,9.48,146.0,-2.37,False,Near Discount,36.48,44.7,False,Increasing,0.1275,False,False,False,28.6,588.0,False,1101.65,509.9,588.05,571.3,805.78,594.31,640.73,622.63,669.09,1038.0,490.0,255.0,52.0,Downtrend,Strong,32.46,Double Top,70,30-05-2025,04-07-2025,P1:30-05-2025@686.7 ; P2:04-07-2025@689.65,Rounding Top(63),Double Top(70) | Rounding Top(63),5851444,Household Goods
2025-08-26,ELECTCAST,98.81,Stage 4 (Downtrend),41.09,106.41,957806,59.65,0.66,False,9.46,147.0,-3.23,False,Near Discount,34.55,58.24,False,Decreasing,0.1935,False,False,False,26.81,102.11,False,230.91,88.73,102.25,98.47,159.82,104.73,115.78,109.92,118.65,236.6,86.25,89.0,417.0,Downtrend,Strong,37.71,Broadening Formation,68,21-03-2025,15-08-2025,H1:21-03-2025@103.98 ; H2:27-06-2025@133.06 ; L1:11-04-2025@94.87 ; L2:15-08-2025@98.54,Diamond Top(60),Broadening Formation(68) | Diamond Top(60),66585460,Metals & Mining
2025-08-26,DECCANCE,1044.9,Stage 2 (Uptrend),65.46,845.97,90186,57.45,1.13,False,9.42,148.0,-2.36,True,Near Premium,53.67,5.81,False,Increasing,0.0499,True,True,False,38.82,1070.2,False,1093.0,562.6,1074.9,1031.4,827.8,1050.07,970.84,866.42,776.64,1109.3,549.8,358.0,188.0,Uptrend,Strong,28.25,Flag Pattern (Bull Flag),80,17-12-2024,28-01-2025,PoleS:17-12-2024@627.25 ; PoleE:08-01-2025@724.6 ; Consol:28-01-2025@637.25,Diamond Bottom(76) | Broadening Formation(68),Flag Pattern (Bull Flag)(80) | Diamond Bottom(76) | Broadening Formation(68),3461501,Construction Materials
2025-08-26,WENDT,9896.5,Stage 1/3 (Neutral),46.94,9674.64,9397,40.57,0.52,False,9.3,149.0,-1.53,False,Near Discount,48.77,45.12,False,Decreasing,0.0604,False,True,False,33.39,10050.0,False,17259.5,8213.0,10050.0,9792.0,12736.25,9914.7,9760.12,9542.57,11497.85,18033.65,8162.0,698.0,544.0,Uptrend,Strong,25.36,Cup and Handle,87,23-04-2025,06-08-2025,RimL:23-04-2025@10949.5 ; Btm:05-06-2025@8213.0 ; RimR:15-07-2025@11391.0 ; Hdl:06-08-2025@9686.5,Ascending Channel(77) | Broadening Formation(68),Cup and Handle(87) | Ascending Channel(77) | Broadening Formation(68),-501919,"Machinery, Equipment & Components"
2025-08-26,UNICHEMLAB,528.4,Stage 4 (Downtrend),40.42,611.51,175273,13.9,3.09,True,9.26,150.0,3.61,False,Near Discount,44.38,43.66,False,Increasing,0.3397,False,False,False,30.76,510.0,False,899.65,484.5,557.55,508.15,692.08,535.09,576.88,591.38,663.99,937.95,483.0,249.0,43.0,Downtrend,Strong,45.02,Broadening Formation,72,25-04-2025,08-08-2025,H1:25-04-2025@617.15 ; H2:25-07-2025@634.1 ; L1:09-05-2025@556.1 ; L2:08-08-2025@497.95,Flag Pattern (Bear Flag)(68) | Diamond Top(64),Broadening Formation(72) | Flag Pattern (Bear Flag)(68) | Diamond Top(64),4652287,Pharmaceuticals
2025-08-26,EVEREADY,417.65,Stage 2 (Uptrend),63.94,338.4,221324,42.1,0.5,False,9.24,151.0,-4.97,True,Near Premium,53.44,17.3,False,Decreasing,0.122,False,True,False,48.31,439.5,False,481.7,275.6,439.5,414.0,378.65,418.44,379.21,345.35,350.28,505.0,272.3,212.0,564.0,Uptrend,Strong,41.9,Inverse Head and Shoulders,88,14-03-2025,09-05-2025,LS:14-03-2025@301.25 ; H:11-04-2025@281.7 ; RS:09-05-2025@303.8,Diamond Bottom(76) | Broadening Formation(68),Inverse Head and Shoulders(88) | Diamond Bottom(76) | Broadening Formation(68),25609247,"Machinery, Equipment & Components"
2025-08-26,INFIBEAM,15.7,Stage 4 (Downtrend),39.41,17.95,5866225,41.54,0.7,False,9.21,152.0,-1.13,False,Near Discount,47.04,52.67,False,Decreasing,0.1188,False,False,True,23.85,15.88,False,33.33,14.78,15.89,15.51,24.06,15.51,16.64,17.84,20.55,33.17,14.75,19.0,396.0,Sideways,Moderate,33.22,No Clear Pattern,0,,,,,No Clear Pattern,48033677,NO DATA
2025-08-26,PGHL,6310.0,Stage 2 (Uptrend),63.43,5579.99,14484,60.68,0.5,False,9.14,153.0,-1.41,True,Near Premium,55.89,5.58,False,Increasing,0.1033,False,True,True,31.4,6400.5,False,6581.5,4700.9,6418.0,6280.0,5641.2,6242.82,6004.51,5676.9,5499.42,6683.0,4863.0,644.0,564.0,Uptrend,Strong,31.18,Flag Pattern (Bear Flag),84,17-12-2024,28-01-2025,PoleS:17-12-2024@5528.6 ; PoleE:08-01-2025@5064.35 ; Consol:28-01-2025@5242.5,,Flag Pattern (Bear Flag)(84),674331,Pharmaceuticals
2025-08-26,SURYAROSNI,281.55,Stage 1/3 (Neutral),44.92,286.3,323382,59.99,0.6,False,9.1,154.0,-2.91,False,Equilibrium,37.09,22.04,False,Decreasing,0.2796,False,False,False,24.22,290.0,False,355.56,213.8,290.0,280.0,284.68,306.64,323.79,307.18,285.95,361.14,212.55,176.0,467.0,Sideways,Moderate,53.18,Long-term Rounding Bottom,79,21-08-2024,26-08-2025,Start:21-08-2024@346.14 ; Q1:22-11-2024@274.3 ; Mid:20-02-2025@232.25 ; Q3:29-05-2025@333.25 ; End:26-08-2025@281.55,Broadening Formation(68) | Flag Pattern (Bear Flag)(64),Long-term Rounding Bottom(79) | Broadening Formation(68) | Flag Pattern (Bear Flag)(64),27668288,Metals & Mining
2025-08-26,NFL,94.92,Stage 1/3 (Neutral),48.25,91.29,951722,39.02,0.52,False,9.03,155.0,-1.48,False,Near Discount,47.44,35.1,False,Decreasing,0.1076,False,False,False,13.96,96.35,False,159.93,74.51,97.06,94.5,117.22,95.04,97.48,94.73,98.97,146.25,71.0,91.0,544.0,Sideways,Weak,31.8,Broadening Formation,68,21-03-2025,15-08-2025,H1:21-03-2025@84.09 ; H2:25-07-2025@98.87 ; L1:09-05-2025@81.34 ; L2:15-08-2025@91.77,,Broadening Formation(68),439936959,Chemicals
2025-08-26,MOREPENLAB,47.3,Stage 4 (Downtrend),36.57,55.76,1893067,40.19,0.5,False,8.95,156.0,-1.56,False,Near Discount,28.76,53.12,False,Decreasing,0.3775,False,False,False,35.23,48.05,False,96.19,42.84,48.49,47.17,69.52,51.41,57.96,58.95,62.78,100.9,42.0,47.0,564.0,Downtrend,Strong,44.1,Symmetrical Triangle,74,23-05-2025,15-08-2025,H1:23-05-2025@66.59 ; H2:04-07-2025@65.36 ; L1:20-06-2025@61.5 ; L2:15-08-2025@46.39,Double Top(66) | Rounding Top(59),Symmetrical Triangle(74) | Double Top(66) | Rounding Top(59),771944631,Pharmaceuticals
2025-08-26,ORIENTCEM,231.91,Stage 4 (Downtrend),30.26,304.23,383258,56.55,0.6,False,8.89,157.0,-1.71,False,Near Discount,39.68,38.81,False,Decreasing,0.0756,False,False,False,14.34,235.95,False,360.1,222.3,238.07,230.15,291.2,239.63,240.71,294.0,315.86,379.0,221.6,161.0,467.0,Sideways,Weak,29.3,Triple Bottom,90,20-06-2025,08-08-2025,P1:20-06-2025@231.0 ; P2:18-07-2025@235.83 ; P3:08-08-2025@232.95,Broadening Formation(68) | Diamond Top(60) | Rounding Top(59),Triple Bottom(90) | Broadening Formation(68) | Diamond Top(60) | Rounding Top(59),62145137,Construction Materials
2025-08-26,THYROCARE,425.13,Stage 2 (Uptrend),66.96,321.73,208193,32.79,1.48,False,8.85,158.0,-0.22,True,Near Premium,46.99,11.71,False,Increasing,0.1188,False,True,False,37.52,426.07,False,469.77,195.55,446.21,421.38,332.66,446.8,398.19,350.32,317.67,481.54,220.81,221.0,119.0,Uptrend,Strong,35.54,Broadening Formation,68,20-12-2024,15-08-2025,H1:20-12-2024@318.89 ; H2:15-08-2025@464.33 ; L1:28-02-2025@230.72 ; L2:27-06-2025@334.46,,Broadening Formation(68),14480201,Healthcare Providers & Services
2025-08-26,PGHH,13118.0,Stage 4 (Downtrend),39.88,13638.23,6673,53.98,0.29,False,8.75,159.0,-0.62,False,Discount,42.98,24.76,False,Decreasing,0.0615,False,False,False,26.12,13200.0,False,17385.7,12789.95,13276.0,13082.0,15087.82,13346.8,13308.6,13622.43,14135.56,17433.9,12105.6,736.0,737.0,Downtrend,Strong,23.2,Broadening Formation,68,27-12-2024,01-08-2025,H1:10-01-2025@14763.75 ; H2:01-08-2025@13693.0 ; L1:27-12-2024@14567.7 ; L2:25-07-2025@12995.0,Descending Channel(57),Broadening Formation(68) | Descending Channel(57),-108165,Personal & Household Products & Services
2025-08-26,GOKULAGRO,150.18,Stage 1/3 (Neutral),63.52,124.35,570354,26.87,2.46,True,8.57,160.0,0.56,True,Near Premium,62.63,12.36,False,Increasing,0.155,False,True,True,21.1,149.34,False,170.14,61.98,154.55,147.73,116.06,141.7,140.57,127.27,132.55,171.36,87.77,129.0,56.0,Sideways,Moderate,35.72,Inverse Head and Shoulders,92,04-04-2025,30-05-2025,LS:04-04-2025@108.56 ; H:09-05-2025@99.97 ; RS:30-05-2025@111.85,Ascending Channel(77) | Broadening Formation(72),Inverse Head and Shoulders(92) | Ascending Channel(77) | Broadening Formation(72),62471436,Food & Tobacco
2025-08-26,AXISCADES,1266.9,Stage 2 (Uptrend),61.66,1041.69,66891,,0.68,False,8.47,161.0,-0.74,True,Near Premium,49.44,15.9,False,Decreasing,0.1898,False,False,True,18.12,1276.4,False,1480.9,430.2,1290.0,1228.9,955.55,1260.71,1340.74,1134.96,906.9,1506.5,420.9,399.0,403.0,Sideways,Moderate,51.14,Flag Pattern (Bull Flag),80,17-12-2024,28-01-2025,PoleS:17-12-2024@594.45 ; PoleE:08-01-2025@770.65 ; Consol:28-01-2025@666.6,Rounding Top(79),Flag Pattern (Bull Flag)(80) | Rounding Top(79),11495656,Professional & Commercial Services
2025-08-26,JAICORPLTD,122.5,Stage 1/3 (Neutral),47.52,105.48,672219,39.48,0.37,False,8.23,162.0,-3.16,False,Near Discount,59.0,69.88,False,Decreasing,0.2973,False,True,True,38.28,126.5,False,411.85,83.01,127.3,121.1,247.43,114.28,111.88,106.08,158.26,406.65,81.49,111.0,676.0,Uptrend,Strong,60.48,Rounding Bottom,79,03-06-2025,26-08-2025,Start:03-06-2025@111.56 ; Q1:24-06-2025@109.96 ; Mid:15-07-2025@111.3 ; Q3:05-08-2025@111.35 ; End:26-08-2025@122.5,Symmetrical Triangle(74) | Pennant Pattern(73),Rounding Bottom(79) | Symmetrical Triangle(74) | Pennant Pattern(73),-850275,Containers & Packaging
2025-08-26,MEGASOFT,146.12,Stage 2 (Uptrend),74.34,83.85,558013,,2.99,True,8.15,163.0,-0.14,True,Premium,78.15,0.14,False,Increasing,0.3084,False,True,True,32.3,146.32,False,146.12,49.06,146.32,140.25,97.59,120.48,108.94,91.27,82.02,146.32,49.06,131.0,45.0,Uptrend,Strong,47.12,No Clear Pattern,0,,,,,No Clear Pattern,11762267,NO DATA
2025-08-26,TFCILTD,60.75,Stage 2 (Uptrend),75.99,42.99,1330080,54.01,0.94,False,8.08,164.0,0.69,True,Premium,60.82,3.5,False,Decreasing,0.1778,False,True,True,38.49,60.33,False,62.27,25.52,61.91,59.32,43.9,58.57,54.66,47.61,39.26,62.95,24.37,64.0,256.0,Uptrend,Strong,40.42,No Clear Pattern,0,,,,,No Clear Pattern,120870404,Banking Services
2025-08-26,MAHLIFE,353.85,Stage 1/3 (Neutral),47.15,343.06,227511,54.26,1.41,False,8.05,165.0,1.99,False,Near Discount,50.16,42.46,False,Increasing,0.1011,False,False,True,16.61,346.95,False,636.15,285.0,356.65,340.6,460.58,351.74,359.92,345.64,380.09,615.0,278.7,207.0,130.0,Sideways,Moderate,28.63,Symmetrical Triangle,74,13-06-2025,15-08-2025,H1:13-06-2025@358.95 ; H2:18-07-2025@382.95 ; L1:27-06-2025@352.6 ; L2:15-08-2025@340.9,Rounding Top(59),Symmetrical Triangle(74) | Rounding Top(59),14368375,Real Estate Operations
2025-08-26,CAMLINFINE,219.1,Stage 2 (Uptrend),49.27,211.65,356796,,0.82,False,7.82,166.0,-2.58,True,Near Premium,39.03,34.26,False,Decreasing,0.4229,False,False,False,36.71,224.9,False,327.53,86.95,229.0,216.25,207.24,232.94,272.55,236.04,186.28,333.3,95.59,170.0,312.0,Downtrend,Strong,60.78,Rounding Top,79,13-05-2025,26-08-2025,Start:13-05-2025@177.0 ; Q1:06-06-2025@264.87 ; Mid:03-07-2025@306.7 ; Q3:30-07-2025@254.75 ; End:26-08-2025@219.1,,Rounding Top(79),129183877,Chemicals
2025-08-26,GALLANTT,602.0,Stage 2 (Uptrend),58.77,478.85,129968,40.13,0.27,False,7.82,166.0,-2.87,True,Near Premium,38.05,24.96,False,Decreasing,0.3855,False,False,False,41.88,619.8,False,784.85,262.3,627.05,600.2,523.58,703.06,617.24,534.27,433.88,802.25,292.05,294.0,754.0,Uptrend,Strong,69.08,Broadening Formation,68,24-01-2025,08-08-2025,H1:07-02-2025@347.55 ; H2:08-08-2025@757.65 ; L1:24-01-2025@315.05 ; L2:06-06-2025@434.55,,Broadening Formation(68),16807806,Metals & Mining
2025-08-26,NAVNETEDUL,150.74,Stage 2 (Uptrend),56.41,141.87,516410,43.58,0.93,False,7.78,168.0,-0.83,True,Equilibrium,55.31,7.31,False,Decreasing,0.1533,False,True,True,26.13,152.0,False,173.04,129.03,155.0,148.9,151.04,146.9,145.78,144.0,141.48,162.62,127.51,134.0,263.0,Uptrend,Strong,49.23,Triple Bottom,86,02-05-2025,08-08-2025,P1:02-05-2025@139.55 ; P2:13-06-2025@140.25 ; P3:08-08-2025@140.28,Double Bottom(82) | Diamond Bottom(76) | Long-term Rounding Bottom(75) | Broadening Formation(68),Triple Bottom(86) | Double Bottom(82) | Diamond Bottom(76) | Long-term Rounding Bottom(75) | Broadening Formation(68),20760126,Media & Publishing
2025-08-26,PARAGMILK,228.68,Stage 2 (Uptrend),56.2,198.96,338458,38.33,0.61,False,7.74,169.0,-0.9,True,Near Premium,46.72,12.45,False,Decreasing,0.1763,False,False,False,19.39,230.76,False,255.17,141.32,233.42,227.5,198.24,233.07,232.65,216.08,197.65,261.2,135.49,172.0,459.0,Sideways,Moderate,42.71,Double Bottom,82,20-06-2025,15-08-2025,P1:20-06-2025@211.17 ; P2:15-08-2025@212.41,Diamond Bottom(76) | Ascending Channel(73) | Broadening Formation(68),Double Bottom(82) | Diamond Bottom(76) | Ascending Channel(73) | Broadening Formation(68),68703488,Food & Tobacco
2025-08-26,SUNDARMHLD,483.8,Stage 2 (Uptrend),63.0,382.9,158467,57.13,1.05,False,7.67,170.0,-0.25,True,Near Premium,50.33,10.72,False,Decreasing,0.1301,False,False,True,21.07,485.0,False,534.15,242.95,497.8,476.15,388.55,478.55,488.58,423.0,358.44,541.9,240.0,265.0,217.0,Sideways,Moderate,40.21,Long-term Cup and Handle,83,02-09-2024,08-08-2025,RimL:02-09-2024@426.0 ; Btm:28-02-2025@242.95 ; RimR:12-06-2025@451.45 ; Hdl:08-08-2025@450.65,Broadening Formation(68),Long-term Cup and Handle(83) | Broadening Formation(68),10757470,NO DATA
2025-08-26,VESUVIUS,508.85,Stage 2 (Uptrend),47.35,506.5,150443,68.4,1.19,False,7.66,171.0,-2.71,True,Equilibrium,41.33,21.63,False,Increasing,0.0672,False,False,False,13.18,523.05,False,643.13,377.41,530.0,505.1,510.27,523.12,533.26,535.11,506.89,649.32,373.69,270.0,176.0,Sideways,Weak,26.48,Long-term Rounding Bottom,71,21-08-2024,26-08-2025,Start:21-08-2024@552.7 ; Q1:22-11-2024@550.14 ; Mid:20-02-2025@398.67 ; Q3:29-05-2025@588.79 ; End:26-08-2025@508.85,Rounding Top(71) | Broadening Formation(68),Long-term Rounding Bottom(71) | Rounding Top(71) | Broadening Formation(68),761869,"Machinery, Equipment & Components"
2025-08-26,ASHOKA,178.49,Stage 4 (Downtrend),39.1,197.24,427184,52.49,0.55,False,7.62,172.0,-1.93,False,Near Discount,31.07,44.05,False,Decreasing,0.1923,False,False,False,41.2,182.0,False,313.19,165.79,182.0,177.65,239.49,188.69,199.38,199.55,220.55,319.0,159.34,149.0,511.0,Downtrend,Strong,25.6,Broadening Formation,68,28-03-2025,15-08-2025,H1:28-03-2025@192.51 ; H2:27-06-2025@212.71 ; L1:11-04-2025@186.49 ; L2:15-08-2025@177.55,Rounding Top(59),Broadening Formation(68) | Rounding Top(59),146287154,Construction & Engineering
2025-08-26,ELGIRUBCO,63.31,Stage 1/3 (Neutral),49.06,61.86,1196592,14.1,16.26,True,7.58,173.0,19.25,False,Near Discount,62.93,59.15,True,Increasing,0.2551,False,True,True,25.32,53.09,False,146.84,48.6,63.7,50.0,97.72,54.3,56.92,58.86,79.66,154.98,48.2,72.0,2.0,Uptrend,Strong,85.32,No Clear Pattern,0,,,,,No Clear Pattern,10823602,Automobiles & Auto Parts
2025-08-26,CARERATING,1575.5,Stage 2 (Uptrend),51.23,1469.02,47979,58.82,0.72,False,7.56,174.0,-1.84,True,Near Premium,35.58,19.78,False,Decreasing,0.1082,False,False,False,15.03,1605.0,False,1939.2,938.2,1623.3,1570.0,1438.7,1642.87,1744.63,1602.1,1448.36,1964.0,960.0,463.0,380.0,Sideways,Moderate,21.52,Rounding Top,79,13-05-2025,26-08-2025,Start:13-05-2025@1519.3 ; Q1:06-06-2025@1774.6 ; Mid:03-07-2025@1867.9 ; Q3:30-07-2025@1726.7 ; End:26-08-2025@1575.5,,Rounding Top(79),9727355,Professional & Commercial Services
2025-08-26,HERITGFOOD,466.1,Stage 2 (Uptrend),52.75,429.12,162275,49.26,0.61,False,7.56,174.0,-1.04,True,Near Discount,47.42,29.27,False,Decreasing,0.0559,True,False,False,13.63,471.0,False,695.05,361.5,471.3,462.5,528.28,470.13,473.03,444.75,443.18,659.0,352.1,258.0,459.0,Sideways,Weak,24.9,No Clear Pattern,0,,,,,No Clear Pattern,76688287,Food & Tobacco
2025-08-26,GULFOILLUB,1239.5,Stage 2 (Uptrend),54.96,1188.88,60900,51.91,1.1,False,7.55,176.0,-1.16,True,Near Premium,57.19,18.11,False,Decreasing,0.1097,False,True,True,19.29,1254.0,False,1478.25,876.25,1257.2,1227.6,1177.25,1198.38,1218.9,1201.07,1168.25,1513.55,911.0,416.0,197.0,Sideways,Moderate,27.96,Triple Bottom,82,09-05-2025,15-08-2025,P1:09-05-2025@1178.8 ; P2:06-06-2025@1147.7 ; P3:15-08-2025@1160.8,Double Bottom(78) | Rising Wedge(77),Triple Bottom(82) | Double Bottom(78) | Rising Wedge(77),9423383,Oil & Gas
2025-08-26,SYMPHONY,931.2,Stage 4 (Downtrend),30.71,1124.29,80102,61.87,1.1,False,7.46,177.0,-2.4,False,Discount,25.22,50.49,False,Increasing,0.2623,False,False,False,43.23,954.1,False,1841.4,931.2,958.9,925.8,1386.3,999.46,1074.96,1135.54,1206.85,1880.95,925.8,373.0,197.0,Downtrend,Strong,27.45,No Clear Pattern,0,,,,,No Clear Pattern,15569534,Household Goods
2025-08-26,BAJAJHIND,20.65,Stage 4 (Downtrend),39.14,22.32,3591690,53.84,0.73,False,7.42,178.0,-1.9,False,Near Discount,24.06,53.95,False,Decreasing,0.1763,False,False,False,36.89,21.05,False,45.15,17.51,21.17,20.55,31.33,22.34,24.48,23.05,25.21,44.84,16.5,26.0,374.0,Downtrend,Strong,23.9,Symmetrical Triangle,74,25-04-2025,11-07-2025,H1:25-04-2025@20.53 ; H2:11-07-2025@27.67 ; L1:09-05-2025@19.13 ; L2:20-06-2025@23.02,Rounding Top(59),Symmetrical Triangle(74) | Rounding Top(59),655507662,Food & Tobacco
2025-08-26,BIRLACORPN,1256.6,Stage 2 (Uptrend),48.89,1209.7,58843,64.06,0.33,False,7.39,179.0,-2.0,True,Equilibrium,39.52,18.15,False,Decreasing,0.1759,False,False,False,14.34,1282.2,False,1615.15,934.25,1283.9,1251.3,1274.7,1303.68,1343.67,1292.1,1214.03,1535.3,910.25,424.0,705.0,Sideways,Weak,42.9,Double Top,86,23-05-2025,25-07-2025,P1:23-05-2025@1402.9 ; P2:25-07-2025@1423.4,Cup and Handle(83) | Ascending Channel(73),Double Top(86) | Cup and Handle(83) | Ascending Channel(73),4761431,Construction Materials
2025-08-26,JKLAKSHMI,925.7,Stage 2 (Uptrend),56.5,838.45,79160,50.56,0.53,False,7.33,180.0,-1.1,True,Near Premium,47.27,9.35,False,Decreasing,0.0939,False,False,False,15.69,936.0,False,1008.35,671.6,936.0,919.1,839.98,932.75,932.0,875.52,828.67,1021.2,660.5,375.0,532.0,Sideways,Moderate,27.11,Inverse Head and Shoulders,88,10-01-2025,02-05-2025,LS:10-01-2025@785.85 ; H:28-02-2025@671.6 ; RS:02-05-2025@765.85,Rising Wedge(85) | Flag Pattern (Bear Flag)(84) | Long-term Cup and Handle(83) | Ascending Channel(73),Inverse Head and Shoulders(88) | Rising Wedge(85) | Flag Pattern (Bear Flag)(84) | Long-term Cup and Handle(83) | Ascending Channel(73),15394116,Construction Materials
2025-08-26,HPL,471.55,Stage 1/3 (Neutral),44.11,481.26,148310,44.51,0.4,False,6.99,181.0,-1.76,False,Near Discount,32.05,32.05,False,Decreasing,0.3177,False,False,False,24.05,480.0,False,672.55,357.6,482.85,467.6,515.08,540.57,559.7,517.38,500.25,694.0,339.0,275.0,654.0,Sideways,Moderate,71.74,No Clear Pattern,0,,,,,No Clear Pattern,30710152,"Machinery, Equipment & Components"
2025-08-26,IMFA,862.2,Stage 1/3 (Neutral),65.14,687.65,80494,50.38,0.86,False,6.94,182.0,-0.02,True,Near Premium,74.29,13.68,False,Decreasing,0.2914,False,True,True,31.66,862.35,False,985.35,571.9,870.0,845.85,778.62,778.62,766.12,701.32,736.38,998.8,549.8,371.0,297.0,Uptrend,Strong,29.48,Double Bottom,82,20-06-2025,01-08-2025,P1:20-06-2025@711.2 ; P2:01-08-2025@724.1,Diamond Top(80) | Ascending Channel(73) | Broadening Formation(68),Double Bottom(82) | Diamond Top(80) | Ascending Channel(73) | Broadening Formation(68),10309664,Metals & Mining
2025-08-26,FDC,462.3,Stage 1/3 (Neutral),49.46,443.69,149090,69.96,1.64,False,6.89,183.0,-2.25,False,Near Discount,33.78,29.83,False,Increasing,0.0464,True,False,False,13.12,472.95,False,612.65,381.9,472.95,458.1,497.28,477.84,483.28,459.81,462.59,658.85,366.25,273.0,99.0,Sideways,Weak,13.88,Rounding Top,63,17-06-2025,26-08-2025,Start:17-06-2025@473.2 ; Q1:03-07-2025@487.8 ; Mid:22-07-2025@490.5 ; Q3:07-08-2025@476.95 ; End:26-08-2025@462.3,,Rounding Top(63),27949540,Pharmaceuticals
2025-08-26,ZOTA,1204.3,Stage 2 (Uptrend),61.04,990.22,56860,57.94,0.59,False,6.85,184.0,-2.49,True,Near Premium,44.59,13.81,False,Decreasing,0.1921,False,True,False,33.18,1235.0,False,1378.5,450.15,1241.6,1197.0,914.32,1259.26,1172.89,1042.3,920.58,1397.3,535.0,429.0,478.0,Uptrend,Strong,46.86,Flag Pattern (Bull Flag),80,17-12-2024,28-01-2025,PoleS:17-12-2024@755.35 ; PoleE:08-01-2025@991.8 ; Consol:28-01-2025@883.2,,Flag Pattern (Bull Flag)(80),6105899,Pharmaceuticals
2025-08-26,AKZOINDIA,3425.4,Stage 4 (Downtrend),48.0,3437.56,19870,55.9,0.49,False,6.81,185.0,0.39,False,Equilibrium,41.67,26.32,False,Decreasing,0.1726,False,False,False,32.19,3412.0,False,4402.3,2533.5,3460.0,3397.6,3467.9,3548.89,3521.3,3481.32,3519.82,4649.0,3022.0,610.0,575.0,Uptrend,Strong,26.48,Inverse Head and Shoulders,92,27-12-2024,09-05-2025,LS:27-12-2024@3409.05 ; H:28-02-2025@3110.25 ; RS:09-05-2025@3429.6,Cup and Handle(87) | Head and Shoulders(72) | Broadening Formation(68),Inverse Head and Shoulders(92) | Cup and Handle(87) | Head and Shoulders(72) | Broadening Formation(68),257126,NO DATA
2025-08-26,PDMJEPAPER,137.9,Stage 1/3 (Neutral),60.38,113.57,487536,36.43,1.24,False,6.72,186.0,-4.5,True,Near Discount,63.65,40.61,False,Decreasing,0.2003,False,True,True,40.86,144.4,False,227.93,82.8,144.8,137.0,155.36,127.66,122.63,115.17,129.36,232.2,92.35,138.0,165.0,Uptrend,Strong,45.92,No Clear Pattern,0,,,,,No Clear Pattern,68848443,Paper & Forest Products
2025-08-26,IOLCP,91.84,Stage 2 (Uptrend),56.74,78.47,728437,53.92,0.29,False,6.69,187.0,-2.87,True,Near Premium,44.5,13.36,False,Decreasing,0.1526,False,False,False,17.78,94.55,False,103.16,57.44,94.95,91.53,80.3,95.94,94.13,84.45,77.42,106.0,55.43,103.0,737.0,Sideways,Moderate,49.45,No Clear Pattern,0,,,,,No Clear Pattern,89385111,Pharmaceuticals
2025-08-26,VAIBHAVGBL,207.71,Stage 4 (Downtrend),37.07,233.1,316376,63.7,1.63,False,6.57,188.0,-3.46,False,Near Discount,31.61,40.35,False,Increasing,0.1162,False,False,False,35.97,215.16,True,361.55,200.6,217.15,204.1,281.08,221.31,231.24,233.99,251.45,348.2,195.0,179.0,101.0,Downtrend,Strong,29.02,Symmetrical Triangle,81,09-05-2025,18-07-2025,H1:30-05-2025@254.12 ; H2:18-07-2025@246.38 ; L1:09-05-2025@221.4 ; L2:20-06-2025@233.3,Rounding Top(66),Symmetrical Triangle(81) | Rounding Top(66),-64008,Textiles & Apparel
2025-08-26,PRAKASH,159.88,Stage 1/3 (Neutral),47.29,163.09,409708,54.86,0.19,False,6.55,189.0,-1.03,False,Near Discount,41.16,32.54,False,Decreasing,0.221,False,False,False,19.58,161.55,False,231.4,138.57,163.0,159.15,184.98,169.61,166.96,168.89,164.04,237.0,132.51,153.0,807.0,Sideways,Moderate,64.51,Triple Top,82,16-05-2025,08-08-2025,P1:16-05-2025@180.98 ; P2:18-07-2025@178.95 ; P3:08-08-2025@177.04,Flag Pattern (Bear Flag)(76) | Diamond Bottom(72) | Rounding Top(71) | Broadening Formation(68),Triple Top(82) | Flag Pattern (Bear Flag)(76) | Diamond Bottom(72) | Rounding Top(71) | Broadening Formation(68),51239720,Metals & Mining
2025-08-26,JKIL,640.3,Stage 4 (Downtrend),38.16,690.25,101640,63.74,0.55,False,6.51,190.0,-1.33,False,Discount,30.51,28.06,False,Decreasing,0.1269,False,False,False,17.32,648.9,False,903.3,629.95,650.6,636.5,766.62,678.94,705.34,700.3,709.26,890.0,578.0,335.0,511.0,Sideways,Moderate,20.71,Triple Top,70,23-05-2025,18-07-2025,P1:23-05-2025@725.95 ; P2:13-06-2025@735.1 ; P3:18-07-2025@733.25,Double Top(66) | Diamond Top(60) | Rounding Top(59),Triple Top(70) | Double Top(66) | Diamond Top(60) | Rounding Top(59),13942061,Construction & Engineering
2025-08-26,KAMATHOTEL,300.79,Stage 2 (Uptrend),64.18,262.62,216400,35.77,0.55,False,6.51,190.0,0.12,True,Near Premium,73.59,14.93,False,Decreasing,0.3391,False,True,True,49.88,300.43,False,343.5,186.1,307.2,297.2,264.8,268.64,250.03,247.64,248.15,353.6,175.0,216.0,511.0,Uptrend,Strong,49.52,No Clear Pattern,0,,,,,No Clear Pattern,7389073,Hotels & Entertainment Services
2025-08-26,SDBL,139.42,Stage 2 (Uptrend),49.12,138.13,465964,64.06,0.48,False,6.5,192.0,-0.19,True,Equilibrium,38.4,19.42,False,Decreasing,0.1593,False,False,False,32.1,139.69,False,170.15,96.95,140.86,138.11,133.55,145.9,153.68,146.7,129.48,173.03,95.61,140.0,590.0,Downtrend,Strong,39.21,Rounding Top,79,13-05-2025,26-08-2025,Start:13-05-2025@134.51 ; Q1:06-06-2025@151.26 ; Mid:03-07-2025@157.07 ; Q3:30-07-2025@153.76 ; End:26-08-2025@139.42,Broadening Formation(68),Rounding Top(79) | Broadening Formation(68),1467607,Beverages
2025-08-26,TTKPRESTIG,640.15,Stage 1/3 (Neutral),45.68,637.07,100799,81.71,1.2,False,6.45,193.0,-2.19,False,Near Discount,49.59,35.64,False,Increasing,0.0674,False,True,True,20.17,654.5,False,1013.9,586.6,656.95,633.1,800.25,639.91,633.33,635.26,695.54,994.7,582.45,338.0,174.0,Sideways,Moderate,18.25,Triple Bottom,90,02-05-2025,15-08-2025,P1:02-05-2025@612.0 ; P2:13-06-2025@619.95 ; P3:15-08-2025@631.7,Rounding Bottom(79) | Symmetrical Triangle(74),Triple Bottom(90) | Rounding Bottom(79) | Symmetrical Triangle(74),5285363,Household Goods
2025-08-26,LOTUSEYE,103.53,Stage 2 (Uptrend),77.71,71.35,614232,27.7,3.23,True,6.36,194.0,2.0,True,Premium,88.86,5.45,False,Increasing,0.5042,False,True,True,41.43,101.5,False,103.53,52.45,109.5,100.1,77.99,80.37,75.92,73.97,70.12,109.5,54.99,123.0,39.0,Uptrend,Strong,44.8,Rising Wedge,89,14-03-2025,01-08-2025,UL1:04-04-2025@67.95 ; UL2:02-05-2025@81.49 ; UL3:13-06-2025@71.94 ; UL4:18-07-2025@75.41 ; LL1:14-03-2025@57.06 ; LL2:11-04-2025@64.48 ; LL3:20-06-2025@70.02 ; LL4:01-08-2025@72.49,Cup and Handle(87) | Diamond Bottom(80) | Long-term Rounding Bottom(79),Rising Wedge(89) | Cup and Handle(87) | Diamond Bottom(80) | Long-term Rounding Bottom(79),11310406,Healthcare Providers & Services
2025-08-26,REPCOHOME,357.8,Stage 4 (Downtrend),39.33,383.48,177788,66.08,0.82,False,6.36,194.0,-2.51,False,Near Discount,23.14,39.87,False,Decreasing,0.1737,False,False,False,28.18,367.0,False,568.55,311.25,368.25,355.55,439.9,385.7,414.21,403.55,402.31,595.0,310.0,247.0,312.0,Downtrend,Strong,22.03,Diamond Bottom,80,03-01-2025,18-07-2025,H1:03-01-2025@435.8 ; H2:18-04-2025@398.3 ; H3:18-07-2025@448.75 ; L1:24-01-2025@387.95 ; L2:09-05-2025@372.45 ; L3:11-07-2025@429.35,Rounding Top(59),Diamond Bottom(80) | Rounding Top(59),-2691138,Banking Services
2024-09-24,DEEPENR,312.25,Unknown,78.58,,201826,,0.45,False,6.3,196.0,0.0,False,Near Premium,67.77,6.79,False,Increasing,0.4637,False,True,True,36.05,312.25,False,333.49,155.7,312.25,298.0,244.6,281.7,221.34,,,335.0,152.85,226.0,614.0,Uptrend,Strong,104.61,Double Bottom,78,31-05-2024,28-06-2024,P1:31-05-2024@168.6 ; P2:28-06-2024@168.71,,Double Bottom(78),9793701,NO DATA
2025-08-26,MANINFRA,163.82,Stage 4 (Downtrend),45.88,163.9,373524,50.67,0.75,False,6.12,197.0,0.1,False,Near Discount,43.08,37.66,False,Decreasing,0.1451,False,False,False,27.96,163.66,False,255.26,136.05,164.79,160.6,195.66,166.96,174.02,166.98,182.13,262.8,135.1,164.0,361.0,Downtrend,Strong,29.45,Broadening Formation,68,21-03-2025,15-08-2025,H1:21-03-2025@156.54 ; H2:04-07-2025@188.48 ; L1:09-05-2025@149.26 ; L2:15-08-2025@156.12,Rounding Top(59),Broadening Formation(68) | Rounding Top(59),70359881,Construction & Engineering
2025-08-26,SAKSOFT,215.02,Stage 2 (Uptrend),53.85,187.21,283972,40.13,0.5,False,6.11,198.0,-2.26,True,Near Discount,51.44,43.64,False,Decreasing,0.1082,False,True,True,18.03,220.0,False,372.65,138.68,222.58,214.0,255.66,210.21,214.87,194.31,196.41,381.5,125.03,186.0,564.0,Sideways,Moderate,42.2,Rounding Top,71,17-06-2025,26-08-2025,Start:17-06-2025@196.93 ; Q1:03-07-2025@225.87 ; Mid:22-07-2025@227.78 ; Q3:07-08-2025@210.6 ; End:26-08-2025@215.02,Ascending Channel(69) | Broadening Formation(68),Rounding Top(71) | Ascending Channel(69) | Broadening Formation(68),57420361,Software & IT Services
2025-08-26,JAIBALAJI,101.03,Stage 4 (Downtrend),36.35,122.14,603231,59.86,0.96,False,6.09,199.0,-1.43,False,Discount,34.02,57.53,False,Decreasing,0.1616,False,False,False,13.58,102.5,False,233.78,100.29,102.74,100.5,167.04,106.79,114.0,115.0,139.65,237.9,99.06,125.0,247.0,Sideways,Weak,28.43,Double Top,66,18-04-2025,27-06-2025,P1:18-04-2025@133.16 ; P2:27-06-2025@134.58,Rounding Top(59),Double Top(66) | Rounding Top(59),51708910,Metals & Mining
2024-09-26,ALLSEC,1084.2,Unknown,50.11,,56078,22.11,1.77,False,6.08,200.0,-0.62,False,Equilibrium,44.39,13.4,False,Increasing,0.0738,False,False,False,27.79,1091.0,False,1220.85,969.05,1150.0,1069.25,1094.95,1120.88,1087.72,,,1251.9,910.0,432.0,88.0,Downtrend,Strong,28.99,Flag Pattern (Bull Flag),80,27-05-2024,08-07-2024,PoleS:27-05-2024@1033.5 ; PoleE:18-06-2024@1203.45 ; Consol:08-07-2024@1109.2,Rounding Bottom(75),Flag Pattern (Bull Flag)(80) | Rounding Bottom(75),482198,NO DATA
2025-08-26,TIIL,2521.6,Stage 1/3 (Neutral),40.67,2771.46,23704,50.51,1.42,False,5.98,201.0,-4.8,False,Near Discount,27.78,35.89,False,Increasing,0.3344,False,False,False,29.4,2648.8,False,3891.55,2211.25,2648.8,2498.0,3051.4,2903.52,3045.4,2878.15,2789.1,3933.0,2050.0,581.0,128.0,Downtrend,Strong,45.0,Broadening Formation,68,24-01-2025,25-07-2025,H1:07-02-2025@2679.75 ; H2:25-07-2025@3320.8 ; L1:24-01-2025@2611.9 ; L2:13-06-2025@2863.1,Rounding Top(59),Broadening Formation(68) | Rounding Top(59),1404631,"Machinery, Equipment & Components"
2025-08-26,HGINFRA,977.1,Stage 4 (Downtrend),39.83,1074.55,60781,60.48,0.8,False,5.94,202.0,-1.99,False,Discount,39.3,40.7,False,Decreasing,0.1009,False,False,False,19.25,996.9,False,1823.45,963.0,999.2,973.0,1393.22,1002.88,1038.82,1074.44,1171.61,1647.85,928.55,417.0,328.0,Sideways,Moderate,26.35,Head and Shoulders,72,21-03-2025,18-07-2025,LS:21-03-2025@1127.75 ; H:16-05-2025@1227.3 ; RS:18-07-2025@1101.7,,Head and Shoulders(72),3561764,Construction & Engineering
2025-08-26,HCC,25.85,Stage 4 (Downtrend),42.45,27.67,2285572,,0.75,False,5.91,203.0,-3.04,False,Near Discount,41.23,49.21,False,Decreasing,0.1034,False,False,False,29.19,26.66,False,55.75,22.62,26.8,25.75,39.18,26.42,28.23,28.63,31.2,50.9,21.97,38.0,361.0,Downtrend,Strong,39.51,Symmetrical Triangle,74,25-04-2025,15-08-2025,H1:25-04-2025@27.26 ; H2:06-06-2025@34.83 ; L1:09-05-2025@24.31 ; L2:15-08-2025@25.64,Rounding Top(59),Symmetrical Triangle(74) | Rounding Top(59),1045321718,Construction & Engineering
2025-08-26,MASFIN,307.35,Stage 2 (Uptrend),56.13,280.43,190338,51.33,1.68,False,5.85,204.0,-1.81,True,Near Premium,46.76,12.3,False,Increasing,0.0575,True,False,True,18.27,313.0,False,346.2,229.83,314.35,304.5,288.02,307.3,311.29,294.1,277.05,350.45,220.06,239.0,96.0,Sideways,Moderate,19.79,Long-term Cup and Handle,87,06-11-2024,19-06-2025,RimL:06-11-2024@300.75 ; Btm:03-03-2025@229.83 ; RimR:09-06-2025@301.9 ; Hdl:19-06-2025@288.35,Diamond Bottom(80) | Ascending Channel(77) | Broadening Formation(72),Long-term Cup and Handle(87) | Diamond Bottom(80) | Ascending Channel(77) | Broadening Formation(72),2664898,Banking Services
2025-08-26,DYNAMATECH,6483.5,Stage 4 (Downtrend),44.13,6652.01,8909,50.74,1.39,False,5.78,205.0,1.3,False,Near Discount,40.34,27.45,False,Increasing,0.0566,False,False,False,20.88,6400.0,False,8736.4,5738.9,6601.5,6320.0,7237.65,6584.62,6925.41,6775.84,7004.96,8937.0,5444.15,701.0,133.0,Sideways,Moderate,30.27,Broadening Formation,68,28-02-2025,01-08-2025,H1:28-02-2025@6775.95 ; H2:18-07-2025@7266.0 ; L1:04-04-2025@6069.4 ; L2:01-08-2025@6416.0,Double Top(66) | Rounding Top(59),Broadening Formation(68) | Double Top(66) | Rounding Top(59),394603,Automobiles & Auto Parts
2025-08-26,GANECOS,1339.0,Stage 4 (Downtrend),38.77,1487.64,42537,61.53,0.67,False,5.7,206.0,-4.22,False,Near Discount,38.36,46.1,False,Decreasing,0.1509,False,False,False,28.66,1398.0,False,2399.05,1079.8,1398.0,1331.6,1739.43,1414.32,1464.77,1503.38,1666.1,2484.2,1244.75,484.0,410.0,Downtrend,Strong,35.37,Symmetrical Triangle,74,02-05-2025,04-07-2025,H1:13-06-2025@1560.3 ; H2:04-07-2025@1537.8 ; L1:02-05-2025@1438.3 ; L2:27-06-2025@1472.0,Triple Top(70) | Double Top(66),Symmetrical Triangle(74) | Triple Top(70) | Double Top(66),4702776,Textiles & Apparel
2025-08-26,KKCL,521.4,Stage 1/3 (Neutral),50.32,496.2,107558,76.85,1.98,False,5.61,207.0,3.04,False,Near Discount,47.01,23.77,False,Increasing,0.1843,False,False,False,23.23,506.0,False,754.8,430.75,526.5,503.15,592.78,532.42,535.6,496.98,525.83,684.0,425.0,322.0,77.0,Sideways,Moderate,36.68,Ascending Channel,81,02-05-2025,15-08-2025,UL1:16-05-2025@454.95 ; UL2:13-06-2025@511.0 ; UL3:04-07-2025@578.65 ; UL4:01-08-2025@557.1 ; LL1:02-05-2025@438.05 ; LL2:30-05-2025@433.25 ; LL3:25-07-2025@546.9 ; LL4:15-08-2025@493.45,Broadening Formation(72) | Rounding Top(63),Ascending Channel(81) | Broadening Formation(72) | Rounding Top(63),1709383,Textiles & Apparel
2025-08-26,DPABHUSHAN,1579.4,Stage 2 (Uptrend),53.42,1507.96,35448,23.25,0.75,False,5.6,208.0,-1.01,True,Equilibrium,42.21,18.04,False,Decreasing,0.0551,True,True,False,21.28,1595.5,False,1854.9,1181.7,1609.9,1560.0,1518.3,1634.37,1563.71,1518.71,1527.35,1927.0,1265.0,514.0,361.0,Sideways,Moderate,17.26,Head and Shoulders,84,20-12-2024,04-04-2025,LS:20-12-2024@1530.9 ; H:07-02-2025@1763.7 ; RS:04-04-2025@1535.15,Double Bottom(78) | Broadening Formation(68),Head and Shoulders(84) | Double Bottom(78) | Broadening Formation(68),2242714,Specialty Retailers
2025-08-26,NACLIND,259.25,Stage 2 (Uptrend),60.75,181.84,215956,,0.68,False,5.6,208.0,0.76,True,Near Premium,44.3,23.63,False,Decreasing,0.3262,False,False,False,19.82,257.3,False,323.3,49.85,267.0,257.3,186.58,288.59,260.97,219.0,142.66,339.45,49.0,217.0,403.0,Sideways,Moderate,65.98,Broadening Formation,68,10-01-2025,01-08-2025,H1:10-01-2025@68.39 ; H2:01-08-2025@307.85 ; L1:24-01-2025@65.41 ; L2:06-06-2025@173.8,,Broadening Formation(68),79504150,Chemicals
2025-08-26,VRLLOG,277.25,Stage 2 (Uptrend),50.05,266.46,201492,56.92,1.05,False,5.59,210.0,-2.03,True,Equilibrium,35.07,14.99,False,Increasing,0.1599,False,False,False,19.35,283.0,False,323.89,222.01,283.95,272.6,272.95,288.25,295.92,278.36,265.16,326.13,217.69,227.0,217.0,Sideways,Moderate,26.99,Rounding Top,79,03-06-2025,26-08-2025,Start:03-06-2025@283.37 ; Q1:24-06-2025@282.31 ; Mid:15-07-2025@313.87 ; Q3:05-08-2025@299.42 ; End:26-08-2025@277.25,Long-term Rounding Bottom(75) | Broadening Formation(68),Rounding Top(79) | Long-term Rounding Bottom(75) | Broadening Formation(68),13476908,Freight & Logistics Services
2025-08-26,DBL,471.25,Stage 2 (Uptrend),49.69,465.26,117798,44.64,0.48,False,5.55,211.0,0.21,True,Equilibrium,45.18,19.86,False,Decreasing,0.0674,True,False,False,16.92,470.25,False,576.75,377.55,476.25,465.4,477.15,476.37,487.78,478.96,464.73,588.0,363.15,308.0,590.0,Sideways,Moderate,34.53,Rising Wedge,77,28-03-2025,15-08-2025,UL1:28-03-2025@475.9 ; UL2:18-04-2025@457.45 ; UL3:13-06-2025@532.5 ; UL4:15-08-2025@479.15 ; LL1:11-04-2025@442.65 ; LL2:02-05-2025@422.25 ; LL3:20-06-2025@488.2 ; LL4:01-08-2025@458.75,Diamond Bottom(72) | Ascending Channel(69),Rising Wedge(77) | Diamond Bottom(72) | Ascending Channel(69),32299409,Construction & Engineering
2025-08-26,KIRIINDUS,533.9,Stage 4 (Downtrend),43.88,587.91,103759,66.39,0.47,False,5.54,212.0,0.39,False,Equilibrium,43.28,27.85,False,Decreasing,0.1187,False,False,False,11.23,531.85,False,726.55,293.05,538.55,528.2,509.8,544.66,560.54,591.03,584.69,740.0,331.2,331.0,603.0,Sideways,Weak,36.68,Diamond Top,72,20-12-2024,15-08-2025,H1:20-12-2024@658.35 ; H2:28-03-2025@623.3 ; H3:18-07-2025@582.75 ; L1:24-01-2025@552.55 ; L2:04-04-2025@597.7 ; L3:15-08-2025@526.45,Broadening Formation(68),Diamond Top(72) | Broadening Formation(68),31663788,Chemicals
2025-08-26,SUNFLAG,275.6,Stage 2 (Uptrend),51.27,261.19,200783,59.66,0.62,False,5.53,213.0,-3.3,True,Near Premium,39.63,14.41,False,Decreasing,0.1214,False,False,False,15.52,285.0,False,316.35,186.9,286.2,273.05,251.62,292.1,294.79,274.86,257.51,322.0,188.15,228.0,453.0,Sideways,Moderate,41.04,Long-term Cup and Handle,83,06-01-2025,16-06-2025,RimL:06-01-2025@301.45 ; Btm:03-03-2025@207.47 ; RimR:05-06-2025@297.1 ; Hdl:16-06-2025@270.75,,Long-term Cup and Handle(83),43360383,Metals & Mining
2025-08-26,GHCL,559.5,Stage 4 (Downtrend),42.48,605.67,97859,64.25,0.8,False,5.48,214.0,-0.27,False,Near Discount,40.97,28.18,False,Increasing,0.1405,False,False,False,13.52,561.0,False,758.5,480.0,567.85,557.1,619.25,575.58,594.67,603.93,627.75,779.0,511.05,345.0,328.0,Sideways,Weak,37.92,Triple Top,70,18-04-2025,04-07-2025,P1:18-04-2025@615.6 ; P2:23-05-2025@634.1 ; P3:04-07-2025@617.7,Diamond Top(60),Triple Top(70) | Diamond Top(60),29188001,Chemicals
2025-08-26,RAJESHEXPO,176.92,Stage 4 (Downtrend),41.01,185.92,307992,60.95,0.91,False,5.45,215.0,-3.11,False,Near Discount,38.59,42.85,False,Increasing,0.1211,False,False,False,20.19,182.6,False,318.15,151.73,182.6,176.2,234.94,183.15,192.63,193.5,200.0,309.55,151.11,181.0,272.0,Sideways,Moderate,34.57,Ascending Channel,77,21-02-2025,15-08-2025,UL1:21-02-2025@185.22 ; UL2:18-04-2025@193.7 ; UL3:16-05-2025@203.07 ; UL4:18-07-2025@203.68 ; LL1:14-03-2025@156.12 ; LL2:09-05-2025@181.33 ; LL3:20-06-2025@183.12 ; LL4:15-08-2025@176.15,Double Top(66) | Rounding Top(59),Ascending Channel(77) | Double Top(66) | Rounding Top(59),94916317,Textiles & Apparel
2025-08-26,TARC,164.39,Stage 2 (Uptrend),46.92,157.45,326894,48.6,0.72,False,5.37,216.0,-0.91,False,Near Discount,40.97,39.1,False,Decreasing,0.2093,False,False,False,23.45,165.9,False,266.1,103.6,166.76,161.49,184.85,170.37,183.23,171.47,166.14,269.95,103.22,175.0,380.0,Sideways,Moderate,40.03,No Clear Pattern,0,,,,,No Clear Pattern,22225078,Real Estate Operations
2025-08-26,RATNAMANI,2393.2,Stage 4 (Downtrend),34.02,2660.67,22402,66.87,1.39,False,5.36,217.0,-2.0,False,Near Discount,36.83,39.85,False,Increasing,0.187,False,False,False,38.21,2442.0,False,3859.45,2323.4,2456.9,2380.0,3091.42,2440.18,2682.94,2716.39,2859.08,3978.5,2256.0,591.0,133.0,Downtrend,Strong,26.88,Triple Top,70,23-05-2025,11-07-2025,P1:23-05-2025@2877.2 ; P2:13-06-2025@2888.6 ; P3:11-07-2025@2903.0,Broadening Formation(68),Triple Top(70) | Broadening Formation(68),-850159,Metals & Mining
2025-08-26,TAJGVK,422.45,Stage 1/3 (Neutral),51.43,429.23,126828,55.86,0.39,False,5.36,217.0,-2.62,True,Near Premium,50.15,20.01,False,Decreasing,0.1295,False,True,True,17.92,433.8,False,514.65,286.9,437.25,420.25,400.78,421.07,414.03,420.87,411.03,528.1,281.05,301.0,663.0,Sideways,Moderate,38.41,Double Bottom,82,20-06-2025,15-08-2025,P1:20-06-2025@398.75 ; P2:15-08-2025@402.2,Falling Wedge(81),Double Bottom(82) | Falling Wedge(81),19891236,Hotels & Entertainment Services
2025-08-26,ANUP,2236.4,Stage 4 (Downtrend),35.58,2827.73,23935,55.37,0.64,False,5.35,219.0,-2.04,False,Near Discount,31.89,42.05,False,Decreasing,0.28,False,False,False,38.02,2283.0,False,3741.75,1609.3,2304.8,2221.0,2675.52,2408.98,2608.49,2792.7,3015.4,3859.4,1942.4,580.0,431.0,Downtrend,Strong,43.75,Double Top,66,06-06-2025,11-07-2025,P1:06-06-2025@2796.4 ; P2:11-07-2025@2849.4,Long-term Rounding Top(59),Double Top(66) | Long-term Rounding Top(59),2481016,"Machinery, Equipment & Components"
2025-08-26,MANINDS,390.75,Stage 2 (Uptrend),54.75,335.06,135667,48.69,0.31,False,5.3,220.0,-2.23,True,Near Premium,41.14,17.74,False,Decreasing,0.2231,False,False,False,17.91,399.65,False,493.75,210.02,399.65,385.9,351.88,420.8,417.2,369.08,332.67,475.0,201.55,284.0,723.0,Sideways,Moderate,56.22,Broadening Formation,68,27-12-2024,01-08-2025,H1:10-01-2025@331.8 ; H2:01-08-2025@437.3 ; L1:27-12-2024@324.5 ; L2:13-06-2025@374.55,,Broadening Formation(68),24750840,Metals & Mining
2025-08-26,PANACEABIO,394.7,Stage 1/3 (Neutral),44.58,435.3,134021,52.56,0.68,False,5.29,221.0,-2.13,False,Near Premium,41.99,32.17,False,Decreasing,0.1014,False,False,False,15.49,403.3,False,566.2,119.05,403.9,388.7,342.62,410.57,416.77,458.29,429.38,581.9,188.31,286.0,403.0,Sideways,Moderate,54.17,Double Top,78,18-07-2025,15-08-2025,P1:18-07-2025@429.1 ; P2:15-08-2025@420.25,Symmetrical Triangle(74),Double Top(78) | Symmetrical Triangle(74),30082534,Pharmaceuticals
2025-08-26,KINGFA,4235.2,Stage 2 (Uptrend),64.22,3234.5,12498,37.75,0.54,False,5.29,221.0,-2.25,True,Near Premium,63.33,9.89,False,Decreasing,0.4642,False,True,True,36.13,4332.5,False,4570.2,1844.2,4410.2,4205.0,3207.2,3794.26,3554.32,3356.84,3215.06,4699.9,2550.0,667.0,522.0,Uptrend,Strong,64.39,No Clear Pattern,0,,,,,No Clear Pattern,803117,Chemicals
2025-08-26,SANOFI,5104.0,Stage 4 (Downtrend),34.43,5768.49,10295,63.5,0.81,False,5.25,223.0,-2.19,False,Discount,29.77,32.84,False,Decreasing,0.1898,False,False,False,47.12,5218.5,False,7426.55,4986.85,5246.5,5074.0,6206.7,5309.72,5731.96,5933.7,5865.23,7600.0,4902.0,691.0,320.0,Downtrend,Strong,25.55,Triple Top,70,25-04-2025,27-06-2025,P1:25-04-2025@6273.0 ; P2:16-05-2025@6286.0 ; P3:27-06-2025@6192.0,Broadening Formation(68),Triple Top(70) | Broadening Formation(68),195379,Pharmaceuticals
2025-08-26,WELENT,467.95,Stage 4 (Downtrend),44.08,490.67,111824,58.32,0.64,False,5.23,224.0,-1.42,False,Near Discount,45.59,28.56,False,Decreasing,0.1513,False,False,True,30.17,474.7,False,651.2,411.55,475.0,465.1,531.38,467.5,497.87,497.96,516.04,655.0,400.05,317.0,431.0,Downtrend,Strong,33.18,Flag Pattern (Bull Flag),84,17-12-2024,28-01-2025,PoleS:17-12-2024@585.9 ; PoleE:08-01-2025@646.9 ; Consol:28-01-2025@598.8,Triple Top(70) | Double Top(66) | Rounding Top(59),Flag Pattern (Bull Flag)(84) | Triple Top(70) | Double Top(66) | Rounding Top(59),11015626,Construction & Engineering
2025-08-26,CUPID,38.72,Stage 2 (Uptrend),82.78,23.08,1349814,39.68,0.26,False,5.23,224.0,-1.25,True,Premium,69.32,2.39,False,Decreasing,0.168,False,True,True,44.06,39.21,False,39.17,13.1,39.36,38.52,26.13,37.64,31.1,25.44,21.19,39.66,12.7,63.0,757.0,Uptrend,Strong,34.73,No Clear Pattern,0,,,,,No Clear Pattern,109908442,Personal & Household Products & Services
2025-08-26,VISHNU,500.75,Stage 2 (Uptrend),53.07,475.29,104144,49.61,0.16,False,5.22,226.0,-2.57,True,Near Premium,49.76,15.95,False,Decreasing,0.2193,False,False,False,12.12,513.95,False,569.7,285.15,515.65,496.45,427.42,501.72,512.34,492.37,458.74,595.8,336.0,329.0,823.0,Sideways,Weak,54.75,Ascending Channel,73,07-02-2025,08-08-2025,UL1:07-02-2025@460.3 ; UL2:28-03-2025@456.4 ; UL3:13-06-2025@552.85 ; UL4:01-08-2025@540.45 ; LL1:28-02-2025@397.7 ; LL2:04-04-2025@419.1 ; LL3:02-05-2025@424.8 ; LL4:08-08-2025@476.3,,Ascending Channel(73),16133370,Chemicals
2025-08-26,GALAXYSURF,2237.0,Stage 4 (Downtrend),41.85,2312.42,23144,73.4,1.0,False,5.18,227.0,-1.06,False,Near Discount,32.34,33.62,False,Decreasing,0.2814,False,False,False,36.89,2261.0,False,3336.75,2048.35,2261.1,2213.3,2692.55,2406.33,2504.55,2367.83,2429.48,3370.0,2020.55,583.0,230.0,Downtrend,Strong,26.64,No Clear Pattern,0,,,,,No Clear Pattern,887426,Chemicals
2025-08-26,RIIL,877.05,Stage 4 (Downtrend),45.55,879.74,59110,26.03,0.51,False,5.18,227.0,-1.22,False,Near Discount,46.25,37.13,False,Decreasing,0.1201,False,False,True,27.43,887.9,False,1401.1,747.0,889.05,870.1,1074.05,870.44,916.35,902.6,947.81,1395.0,726.45,422.0,554.0,Downtrend,Strong,33.04,Symmetrical Triangle,74,13-06-2025,15-08-2025,H1:13-06-2025@975.05 ; H2:18-07-2025@958.3 ; L1:20-06-2025@945.45 ; L2:15-08-2025@833.45,Rounding Top(59),Symmetrical Triangle(74) | Rounding Top(59),16832581,Construction & Engineering
2025-08-26,INDRAMEDCO,453.25,Stage 1/3 (Neutral),53.07,421.37,114063,52.52,0.54,False,5.17,229.0,0.48,True,Near Premium,44.96,20.76,False,Decreasing,0.0731,True,False,False,12.14,451.1,False,565.8,226.05,457.7,444.0,395.92,460.66,461.39,437.88,439.4,572.0,307.25,314.0,522.0,Sideways,Weak,32.4,Rising Wedge,85,14-03-2025,08-08-2025,UL1:21-03-2025@399.15 ; UL2:18-04-2025@421.25 ; UL3:30-05-2025@441.1 ; UL4:04-07-2025@505.75 ; LL1:14-03-2025@315.45 ; LL2:09-05-2025@379.1 ; LL3:20-06-2025@398.1 ; LL4:08-08-2025@450.35,Ascending Channel(73),Rising Wedge(85) | Ascending Channel(73),34652416,Healthcare Providers & Services
2025-08-26,MANGLMCEM,695.05,Stage 4 (Downtrend),39.78,759.53,73415,76.34,0.8,False,5.1,230.0,-2.26,False,Discount,37.82,36.45,False,Decreasing,0.0799,False,False,False,16.18,711.1,False,1036.95,682.7,712.95,690.0,859.82,720.94,733.41,763.63,805.71,1093.7,665.0,383.0,328.0,Sideways,Moderate,31.55,Cup and Handle,87,17-04-2025,01-08-2025,RimL:17-04-2025@849.55 ; Btm:09-05-2025@736.05 ; RimR:06-06-2025@802.3 ; Hdl:01-08-2025@689.15,,Cup and Handle(87),7617948,Construction Materials
2025-08-26,ANDHRAPAP,78.31,Stage 1/3 (Neutral),48.13,76.78,645655,28.67,1.45,False,5.06,231.0,-3.18,False,Near Discount,52.18,33.86,False,Decreasing,0.0927,False,False,True,15.02,80.88,False,116.83,67.98,80.89,75.6,92.4,76.55,79.46,77.74,82.67,118.4,65.1,115.0,122.0,Sideways,Moderate,45.32,Symmetrical Triangle,74,09-05-2025,04-07-2025,H1:23-05-2025@78.24 ; H2:04-07-2025@88.18 ; L1:09-05-2025@71.92 ; L2:30-05-2025@77.11,Rounding Top(59),Symmetrical Triangle(74) | Rounding Top(59),4197186,Paper & Forest Products
2025-08-26,KELLTONTEC,25.48,Stage 4 (Downtrend),41.96,27.76,1967851,44.77,0.43,False,5.01,232.0,-1.24,False,Near Discount,37.51,38.27,False,Decreasing,0.1942,False,False,False,25.62,25.8,False,42.35,20.59,26.06,25.36,31.47,26.56,29.21,28.0,30.29,41.28,22.1,45.0,633.0,Downtrend,Strong,81.52,Symmetrical Triangle,74,18-04-2025,08-08-2025,H1:18-04-2025@25.52 ; H2:18-07-2025@32.6 ; L1:09-05-2025@23.59 ; L2:08-08-2025@25.71,Rounding Top(59),Symmetrical Triangle(74) | Rounding Top(59),70980514,Software & IT Services
2025-08-26,ADVENZYMES,301.85,Stage 4 (Downtrend),44.6,302.76,165115,63.11,0.3,False,4.98,233.0,-2.63,False,Near Discount,40.1,47.14,False,Decreasing,0.2302,False,False,False,22.89,310.0,False,549.9,259.85,310.0,301.25,404.88,318.1,325.69,310.4,325.01,571.0,257.9,254.0,730.0,Sideways,Moderate,45.89,Broadening Formation,68,21-03-2025,08-08-2025,H1:21-03-2025@291.55 ; H2:01-08-2025@360.35 ; L1:11-04-2025@276.45 ; L2:08-08-2025@304.65,,Broadening Formation(68),24558940,Chemicals
2025-08-26,DCW,74.86,Stage 4 (Downtrend),46.11,77.84,661596,48.88,0.52,False,4.95,234.0,-1.78,False,Near Discount,43.97,33.75,False,Decreasing,0.1184,False,False,False,14.46,76.22,False,110.28,49.75,76.85,74.4,80.02,76.58,77.51,78.52,82.61,113.0,68.1,114.0,544.0,Sideways,Weak,37.93,Triple Bottom,90,20-06-2025,08-08-2025,P1:20-06-2025@74.86 ; P2:11-07-2025@76.39 ; P3:08-08-2025@74.08,Head and Shoulders(72) | Broadening Formation(68),Triple Bottom(90) | Head and Shoulders(72) | Broadening Formation(68),257846519,Chemicals
2025-08-26,PNBGILTS,101.84,Stage 2 (Uptrend),52.18,94.47,484222,44.96,0.48,False,4.93,235.0,-0.89,True,Near Discount,45.97,25.58,False,Decreasing,0.0935,False,True,False,24.39,102.75,False,145.07,74.56,104.36,101.2,109.82,104.97,101.56,98.83,100.06,136.84,74.25,139.0,590.0,Sideways,Moderate,32.95,Rising Wedge,77,02-05-2025,08-08-2025,UL1:02-05-2025@101.03 ; UL2:06-06-2025@101.54 ; UL3:27-06-2025@98.59 ; UL4:25-07-2025@108.5 ; LL1:09-05-2025@88.4 ; LL2:20-06-2025@93.96 ; LL3:11-07-2025@94.84 ; LL4:08-08-2025@101.04,,Rising Wedge(77),91502231,Investment Banking & Investment Services
2025-08-26,RELAXO,454.9,Stage 1/3 (Neutral),46.52,442.14,107273,57.88,0.43,False,4.88,236.0,-1.55,False,Near Discount,46.66,46.42,False,Decreasing,0.1675,False,False,False,28.04,462.05,False,870.75,399.9,465.4,453.1,635.33,455.6,460.9,443.15,503.2,849.0,390.35,323.0,633.0,Uptrend,Strong,42.98,Symmetrical Triangle,74,06-06-2025,08-08-2025,H1:06-06-2025@449.0 ; H2:18-07-2025@508.15 ; L1:20-06-2025@405.95 ; L2:08-08-2025@436.55,,Symmetrical Triangle(74),12443367,Textiles & Apparel
2025-08-26,SUVEN,219.3,Stage 2 (Uptrend),53.0,186.92,220586,,1.6,False,4.84,237.0,-3.48,True,Near Premium,29.52,26.9,False,Increasing,0.2921,False,False,False,39.59,227.2,False,296.6,87.3,232.35,218.2,191.95,247.55,256.25,216.28,171.39,299.99,102.5,213.0,106.0,Downtrend,Strong,39.36,Rounding Top,83,17-06-2025,26-08-2025,Start:17-06-2025@236.95 ; Q1:03-07-2025@247.96 ; Mid:22-07-2025@289.88 ; Q3:07-08-2025@264.0 ; End:26-08-2025@219.3,Broadening Formation(72),Rounding Top(83) | Broadening Formation(72),59972007,Biotechnology & Medical Research
2025-08-26,NEOGEN,1436.7,Stage 4 (Downtrend),38.53,1609.65,33430,45.85,1.07,False,4.8,238.0,-0.48,False,Discount,40.33,40.63,False,Increasing,0.1295,False,False,False,21.73,1443.7,False,2356.25,1398.4,1485.0,1405.1,1877.32,1453.28,1542.03,1568.6,1761.77,2420.0,1390.0,522.0,210.0,Sideways,Moderate,27.55,No Clear Pattern,0,,,,,No Clear Pattern,3607708,Chemicals
2025-08-26,PATELENG,37.8,Stage 4 (Downtrend),39.54,41.23,1268142,53.54,0.45,False,4.79,239.0,-1.72,False,Near Discount,44.83,39.81,False,Decreasing,0.1158,False,False,False,18.1,38.46,False,71.61,36.14,38.64,37.65,53.88,37.93,39.27,40.79,44.76,62.8,35.68,69.0,614.0,Sideways,Moderate,34.54,Double Top,66,16-05-2025,06-06-2025,P1:16-05-2025@43.13 ; P2:06-06-2025@42.68,Flag Pattern (Bear Flag)(64),Double Top(66) | Flag Pattern (Bear Flag)(64),61091573,Construction & Engineering
2025-08-26,VENKEYS,1485.1,Stage 4 (Downtrend),38.87,1614.66,32133,37.79,0.38,False,4.77,240.0,-0.86,False,Near Discount,47.65,41.99,False,Decreasing,0.1072,False,False,True,38.02,1498.0,False,2517.05,1398.7,1519.0,1479.5,1957.88,1474.2,1545.16,1600.16,1662.99,2559.95,1392.6,526.0,670.0,Downtrend,Strong,23.78,Broadening Formation,68,24-01-2025,15-08-2025,H1:21-03-2025@1679.7 ; H2:04-07-2025@1615.6 ; L1:24-01-2025@1678.9 ; L2:15-08-2025@1398.7,,Broadening Formation(68),3895128,Food & Tobacco
2025-08-26,HIMATSEIDE,122.63,Stage 4 (Downtrend),38.86,143.26,386683,40.31,0.71,False,4.74,241.0,0.52,False,Near Discount,33.87,46.98,False,Decreasing,0.2305,False,False,False,31.04,122.0,False,227.31,112.77,125.61,121.49,170.04,129.7,143.21,147.13,156.51,231.3,107.68,160.0,390.0,Downtrend,Strong,38.15,Broadening Formation,68,21-03-2025,08-08-2025,H1:21-03-2025@155.27 ; H2:25-07-2025@155.13 ; L1:28-03-2025@140.89 ; L2:08-08-2025@122.47,,Broadening Formation(68),103635887,Textiles & Apparel
2025-08-26,SUNTECK,388.7,Stage 4 (Downtrend),40.95,407.75,121380,49.17,0.75,False,4.72,242.0,-1.59,False,Near Discount,42.85,38.79,False,Decreasing,0.0816,False,False,True,27.74,395.0,False,630.05,354.45,395.0,387.0,492.25,387.39,417.66,413.45,439.64,635.0,347.0,306.0,361.0,Downtrend,Strong,24.48,Symmetrical Triangle,74,25-04-2025,15-08-2025,H1:25-04-2025@402.6 ; H2:06-06-2025@456.1 ; L1:20-06-2025@439.95 ; L2:15-08-2025@376.05,Rounding Top(59),Symmetrical Triangle(74) | Rounding Top(59),51546016,Real Estate Operations
2025-08-26,TEAMLEASE,1800.2,Stage 4 (Downtrend),39.06,1933.62,26144,78.88,0.49,False,4.71,243.0,-1.79,False,Near Discount,43.96,45.5,False,Decreasing,0.1263,False,False,False,20.54,1833.0,False,3516.95,1691.9,1833.1,1790.3,2604.43,1800.22,1907.31,1915.41,2203.74,3302.95,1641.2,569.0,575.0,Sideways,Moderate,27.76,Inverse Head and Shoulders,92,28-02-2025,06-06-2025,LS:28-02-2025@1949.0 ; H:04-04-2025@1765.4 ; RS:06-06-2025@1922.4,Broadening Formation(68) | Rounding Top(59),Inverse Head and Shoulders(92) | Broadening Formation(68) | Rounding Top(59),665093,Professional & Commercial Services
2025-08-26,JCHAC,1728.3,Stage 4 (Downtrend),46.57,1736.96,26637,71.93,1.12,False,4.6,244.0,-1.63,False,Near Discount,44.95,34.04,False,Increasing,0.0332,False,False,False,16.94,1757.0,False,2597.85,1623.05,1757.0,1725.1,2110.45,1743.56,1753.02,1750.34,1767.43,2620.1,1600.65,562.0,190.0,Sideways,Moderate,14.22,Triple Top,70,16-05-2025,04-07-2025,P1:16-05-2025@1777.5 ; P2:13-06-2025@1761.6 ; P3:04-07-2025@1810.0,Broadening Formation(68),Triple Top(70) | Broadening Formation(68),4517565,NO DATA
2025-08-26,PURVA,280.8,Stage 1/3 (Neutral),48.85,263.02,163515,52.71,0.38,False,4.59,245.0,-3.34,False,Near Discount,48.24,42.81,False,Decreasing,0.14,False,False,False,15.93,290.5,False,549.7,217.75,290.5,280.1,383.72,282.7,285.18,269.75,296.48,491.0,208.7,256.0,670.0,Sideways,Moderate,61.08,Symmetrical Triangle,74,25-04-2025,08-08-2025,H1:25-04-2025@246.16 ; H2:06-06-2025@322.1 ; L1:04-07-2025@283.05 ; L2:08-08-2025@266.75,,Symmetrical Triangle(74),12455997,Real Estate Operations
2025-08-26,HNDFDS,529.7,Stage 1/3 (Neutral),46.97,541.63,85431,76.6,1.62,False,4.53,246.0,-0.06,False,Near Discount,43.58,22.83,False,Increasing,0.0965,False,False,False,14.37,530.0,False,675.4,475.2,534.95,526.0,575.3,535.6,544.65,543.66,540.34,686.4,421.5,364.0,103.0,Sideways,Weak,19.17,Head and Shoulders,76,21-02-2025,23-05-2025,LS:21-02-2025@556.6 ; H:18-04-2025@586.15 ; RS:23-05-2025@554.3,Broadening Formation(72) | Rounding Top(63),Head and Shoulders(76) | Broadening Formation(72) | Rounding Top(63),4821455,Food & Tobacco
2025-08-26,POLYPLEX,1009.9,Stage 4 (Downtrend),35.46,1182.36,44858,54.43,0.6,False,4.53,246.0,-0.9,False,Discount,25.77,31.7,False,Decreasing,0.163,False,False,False,37.16,1019.1,False,1465.45,1009.9,1020.9,1001.1,1237.68,1091.01,1143.55,1204.62,1217.26,1478.7,1001.1,474.0,467.0,Downtrend,Strong,29.56,No Clear Pattern,0,,,,,No Clear Pattern,11352563,Chemicals
2024-10-25,JUBLINDS,1633.5,Unknown,54.7,,27211,71.59,3.4,True,4.44,248.0,-5.3,False,Near Premium,42.36,16.1,False,Increasing,0.0725,True,False,False,15.22,1725.0,False,1898.95,1053.3,1725.0,1624.35,1476.12,1676.68,1711.25,1610.18,,1947.0,1035.55,556.0,34.0,Sideways,Moderate,32.84,Rising Wedge,81,07-06-2024,11-10-2024,UL1:28-06-2024@1614.0 ; UL2:26-07-2024@1533.85 ; UL3:06-09-2024@1867.4 ; LL1:11-10-2024@1687.65 ; LL2:07-06-2024@1265.95 ; LL3:02-08-2024@1455.9 ; LL4:04-10-2024@1661.3,Flag Pattern (Bull Flag)(80),Rising Wedge(81) | Flag Pattern (Bull Flag)(80),271363,NO DATA
2025-08-26,GMMPFAUDLR,1202.9,Stage 2 (Uptrend),49.34,1154.47,36941,62.83,0.54,False,4.44,248.0,-1.6,True,Equilibrium,34.8,21.38,False,Decreasing,0.164,False,False,False,24.4,1222.5,False,1468.0,1003.55,1227.8,1197.0,1235.78,1293.67,1268.5,1180.95,1179.1,1530.0,991.1,510.0,522.0,Sideways,Moderate,35.84,Rounding Top,71,01-07-2025,26-08-2025,Start:01-07-2025@1214.1 ; Q1:15-07-2025@1335.6 ; Mid:29-07-2025@1281.4 ; Q3:12-08-2025@1295.4 ; End:26-08-2025@1202.9,Broadening Formation(68),Rounding Top(71) | Broadening Formation(68),5033592,"Machinery, Equipment & Components"
2025-08-26,BIL,871.05,Stage 2 (Uptrend),63.25,680.71,50815,27.82,5.34,True,4.43,250.0,2.43,True,Near Premium,54.59,11.55,False,Increasing,0.131,False,True,True,28.22,850.4,False,946.75,390.1,940.0,835.55,668.42,870.93,812.87,729.71,711.16,984.75,444.0,452.0,15.0,Uptrend,Strong,43.01,Double Bottom,86,23-05-2025,27-06-2025,P1:23-05-2025@700.5 ; P2:27-06-2025@694.35,Ascending Channel(77) | Broadening Formation(72),Double Bottom(86) | Ascending Channel(77) | Broadening Formation(72),728836,Textiles & Apparel
2025-08-26,DCAL,271.65,Stage 2 (Uptrend),58.94,234.38,162982,,1.27,False,4.43,250.0,-2.98,True,Near Premium,58.66,11.8,False,Increasing,0.1996,False,True,True,24.73,280.0,False,301.53,136.5,282.7,270.0,219.02,256.24,254.59,241.28,239.69,307.98,161.21,257.0,159.0,Sideways,Moderate,44.69,No Clear Pattern,0,,,,,No Clear Pattern,75022604,Pharmaceuticals
2025-08-26,TIRUMALCHM,281.65,Stage 1/3 (Neutral),50.96,263.88,157095,48.51,0.5,False,4.42,252.0,-0.37,False,Near Discount,43.31,28.69,False,Decreasing,0.0724,True,False,False,12.85,282.7,False,385.95,212.56,285.35,280.0,299.26,288.13,290.83,275.7,283.38,394.95,201.27,266.0,564.0,Sideways,Weak,26.35,Symmetrical Triangle,74,16-05-2025,18-07-2025,H1:16-05-2025@254.9 ; H2:18-07-2025@309.25 ; L1:30-05-2025@249.8 ; L2:04-07-2025@282.85,Rounding Top(59),Symmetrical Triangle(74) | Rounding Top(59),33273105,Chemicals
2025-03-27,ATFL,785.6,Stage 4 (Downtrend),42.67,875.56,55740,53.4,1.46,False,4.38,253.0,-0.25,False,Near Discount,39.8,31.81,False,Increasing,0.0609,True,False,False,11.87,787.6,False,1084.05,673.85,800.25,772.05,878.95,809.58,818.77,880.44,860.09,1152.0,644.45,433.0,120.0,Sideways,Weak,17.35,Falling Wedge,77,25-10-2024,21-02-2025,UL1:08-11-2024@1030.05 ; UL2:13-12-2024@981.05 ; UL3:03-01-2025@957.8 ; UL4:21-02-2025@829.0 ; LL1:25-10-2024@874.65 ; LL2:22-11-2024@863.25 ; LL3:20-12-2024@879.15 ; LL4:07-02-2025@786.85,Diamond Top(72),Falling Wedge(77) | Diamond Top(72),3142604,NO DATA
2024-10-08,TIDEWATER,2129.5,Unknown,46.26,,20146,44.28,0.98,False,4.29,254.0,3.69,False,Equilibrium,34.35,23.95,False,Increasing,0.1787,False,False,False,23.94,2053.75,False,2726.05,1700.85,2140.4,2042.3,2213.45,2311.1,2438.97,,,2800.0,1643.65,608.0,236.0,Sideways,Moderate,40.81,Double Top,78,26-07-2024,23-08-2024,P1:26-07-2024@2628.15 ; P2:23-08-2024@2664.2,Rounding Top(71),Double Top(78) | Rounding Top(71),2013947,Oil & Gas Related Equipment and Services
2025-08-26,BALMLAWRIE,218.6,Stage 2 (Uptrend),54.75,199.42,196203,60.6,0.89,False,4.29,254.0,-1.53,True,Equilibrium,53.68,25.18,False,Decreasing,0.0986,False,True,True,23.71,222.0,False,302.0,149.09,222.38,218.05,225.54,214.64,214.24,209.58,205.11,292.15,146.6,236.0,284.0,Sideways,Moderate,23.29,Triple Top,82,16-05-2025,18-07-2025,P1:16-05-2025@215.87 ; P2:06-06-2025@213.69 ; P3:18-07-2025@219.91,Double Bottom(78) | Rising Wedge(77),Triple Top(82) | Double Bottom(78) | Rising Wedge(77),17989039,Consumer Goods Conglomerates
2025-08-26,SUBROS,860.0,Stage 2 (Uptrend),59.78,720.78,49657,42.46,0.43,False,4.27,256.0,-1.7,True,Near Premium,50.24,20.61,False,Decreasing,0.1406,False,False,True,14.69,874.9,False,1031.1,542.25,874.9,841.25,786.68,849.52,896.05,782.92,699.56,1083.2,518.0,455.0,633.0,Sideways,Weak,53.17,Rounding Top,79,03-06-2025,26-08-2025,Start:03-06-2025@753.95 ; Q1:24-06-2025@929.95 ; Mid:15-07-2025@929.4 ; Q3:05-08-2025@844.9 ; End:26-08-2025@860.0,Broadening Formation(68),Rounding Top(79) | Broadening Formation(68),21458167,Automobiles & Auto Parts
2025-08-26,PSB,28.2,Stage 4 (Downtrend),37.53,33.26,1498829,47.78,1.37,False,4.23,257.0,-2.76,False,Near Discount,37.54,54.52,False,Increasing,0.0735,True,False,False,16.97,29.0,False,69.1,25.55,29.18,28.11,47.32,28.71,30.38,30.19,38.43,62.0,25.22,55.0,139.0,Sideways,Moderate,20.62,Symmetrical Triangle,74,06-06-2025,08-08-2025,H1:06-06-2025@32.72 ; H2:04-07-2025@32.92 ; L1:20-06-2025@29.54 ; L2:08-08-2025@27.95,Double Top(66) | Flag Pattern (Bear Flag)(64) | Rounding Top(59),Symmetrical Triangle(74) | Double Top(66) | Flag Pattern (Bear Flag)(64) | Rounding Top(59),36248611,Banking Services
2025-08-26,AGARIND,782.15,Stage 4 (Downtrend),32.65,965.48,53918,74.17,1.7,False,4.22,258.0,-1.94,False,Discount,17.79,43.32,False,Increasing,0.3106,False,False,False,32.95,797.6,False,1361.7,782.15,807.0,780.2,1071.92,906.36,936.57,965.27,1037.08,1380.0,780.2,441.0,94.0,Downtrend,Strong,42.03,Symmetrical Triangle,78,30-05-2025,01-08-2025,H1:27-06-2025@985.35 ; H2:01-08-2025@965.05 ; L1:30-05-2025@960.2 ; L2:11-07-2025@922.95,Double Top(70),Symmetrical Triangle(78) | Double Top(70),2184052,Chemicals
2025-08-26,DIAMONDYD,909.6,Stage 4 (Downtrend),36.91,1067.24,46219,66.42,0.89,False,4.2,259.0,-1.66,False,Near Discount,36.5,29.8,False,Increasing,0.1241,False,False,False,23.83,924.95,False,1268.6,788.55,926.55,900.0,1028.57,931.06,999.06,1076.38,1069.76,1295.7,801.55,470.0,284.0,Sideways,Moderate,29.31,Head and Shoulders,72,07-03-2025,11-07-2025,LS:07-03-2025@1092.4 ; H:18-04-2025@1257.1 ; RS:11-07-2025@1070.7,Broadening Formation(68),Head and Shoulders(72) | Broadening Formation(68),14667542,Food & Tobacco
2025-08-26,SWARAJENG,4020.0,Stage 2 (Uptrend),54.04,3805.86,10376,58.12,0.62,False,4.17,260.0,-2.07,True,Near Premium,45.45,14.83,False,Decreasing,0.0904,False,False,False,13.92,4105.0,False,4607.9,2360.2,4124.1,4010.0,3484.05,4046.73,4136.31,4074.05,3591.44,4720.0,2517.0,690.0,453.0,Sideways,Weak,28.15,Triple Bottom,86,30-05-2025,08-08-2025,P1:30-05-2025@3928.2 ; P2:04-07-2025@3961.6 ; P3:08-08-2025@3887.9,Double Bottom(82) | Diamond Bottom(76) | Broadening Formation(68),Triple Bottom(86) | Double Bottom(82) | Diamond Bottom(76) | Broadening Formation(68),1900546,Automobiles & Auto Parts
2025-08-26,SSWL,214.21,Stage 1/3 (Neutral),46.34,215.22,189768,43.68,0.74,False,4.07,261.0,1.52,True,Equilibrium,38.22,23.5,False,Decreasing,0.1417,False,False,False,37.47,211.01,False,274.22,171.86,218.15,207.39,223.04,217.33,239.14,230.69,212.41,280.0,167.41,240.0,367.0,Downtrend,Strong,29.04,Rounding Top,79,21-04-2025,26-08-2025,Start:21-04-2025@200.04 ; Q1:22-05-2025@245.96 ; Mid:24-06-2025@265.37 ; Q3:24-07-2025@246.2 ; End:26-08-2025@214.21,Ascending Channel(73),Rounding Top(79) | Ascending Channel(73),4032298,Automobiles & Auto Parts
2025-08-26,ICIL,240.85,Stage 4 (Downtrend),39.18,281.99,167791,58.05,0.59,False,4.04,262.0,-2.88,False,Near Discount,34.94,45.12,False,Decreasing,0.2396,False,False,False,24.0,248.0,False,446.9,232.7,248.9,238.1,339.8,253.43,275.5,287.52,302.98,438.9,213.55,251.0,478.0,Sideways,Moderate,39.46,Inverse Head and Shoulders,92,31-01-2025,02-05-2025,LS:31-01-2025@297.8 ; H:14-03-2025@251.65 ; RS:02-05-2025@297.5,Head and Shoulders(72) | Broadening Formation(68) | Diamond Top(60),Inverse Head and Shoulders(92) | Head and Shoulders(72) | Broadening Formation(68) | Diamond Top(60),27733039,Textiles & Apparel
2025-08-26,CAPACITE,295.25,Stage 4 (Downtrend),41.05,333.58,136008,59.03,0.41,False,4.02,263.0,-1.24,False,Near Discount,44.77,36.51,False,Decreasing,0.1177,False,False,True,22.23,298.95,False,455.2,276.85,300.1,293.45,366.02,294.65,312.35,333.12,355.36,465.0,276.0,283.0,646.0,Sideways,Moderate,31.25,Broadening Formation,68,07-02-2025,15-08-2025,H1:07-02-2025@376.1 ; H2:27-06-2025@337.5 ; L1:30-05-2025@328.85 ; L2:15-08-2025@276.85,,Broadening Formation(68),57663810,Construction & Engineering
2025-08-26,ORIENTELEC,212.5,Stage 4 (Downtrend),44.51,219.99,186072,50.91,1.71,False,3.95,264.0,-1.82,False,Near Discount,48.67,23.9,False,Increasing,0.0789,False,False,True,14.04,216.45,False,290.9,197.17,216.45,211.0,244.03,210.67,217.24,222.51,225.32,279.25,177.21,243.0,92.0,Sideways,Weak,27.31,Symmetrical Triangle,78,27-06-2025,15-08-2025,H1:27-06-2025@223.66 ; H2:18-07-2025@226.68 ; L1:11-07-2025@221.78 ; L2:15-08-2025@204.6,,Symmetrical Triangle(78),10411489,Household Goods
2025-08-26,GTLINFRA,1.5,Stage 4 (Downtrend),43.54,1.57,26246273,58.82,0.64,False,3.94,265.0,-0.66,False,Near Discount,39.98,48.63,False,Decreasing,0.0869,True,False,False,16.22,1.51,False,4.13,1.35,1.52,1.49,2.74,1.52,1.65,1.58,1.72,2.92,1.28,5.0,431.0,Sideways,Moderate,25.76,Rounding Top,59,13-05-2025,26-08-2025,Start:13-05-2025@1.44 ; Q1:06-06-2025@1.49 ; Mid:03-07-2025@1.83 ; Q3:30-07-2025@1.56 ; End:26-08-2025@1.5,,Rounding Top(59),-141325278,Telecommunications Services
2025-08-26,SWELECTES,733.25,Stage 1/3 (Neutral),55.55,607.03,53744,51.12,0.63,False,3.94,265.0,-4.9,False,Near Discount,60.03,46.08,False,Decreasing,0.2864,False,True,True,33.14,771.0,False,1368.5,470.9,773.0,725.0,919.7,689.54,636.92,605.06,734.85,1360.0,461.1,442.0,444.0,Uptrend,Strong,56.79,Diamond Bottom,80,21-03-2025,08-08-2025,H1:21-03-2025@583.1 ; H2:16-05-2025@611.9 ; H3:25-07-2025@673.45 ; L1:11-04-2025@530.35 ; L2:30-05-2025@561.0 ; L3:08-08-2025@621.7,,Diamond Bottom(80),4287090,"Machinery, Equipment & Components"
2025-08-26,SOLARA,608.05,Stage 1/3 (Neutral),52.93,545.13,64110,44.73,0.64,False,3.9,267.0,-2.85,True,Equilibrium,46.05,31.12,False,Decreasing,0.1326,False,False,False,28.98,625.9,False,852.4,374.75,626.0,601.2,613.58,615.19,624.15,562.28,597.12,882.8,442.8,406.0,431.0,Uptrend,Strong,44.47,Symmetrical Triangle,74,18-04-2025,08-08-2025,H1:18-04-2025@523.6 ; H2:25-07-2025@697.0 ; L1:06-06-2025@474.8 ; L2:08-08-2025@587.8,,Symmetrical Triangle(74),13881236,Pharmaceuticals
2025-08-26,NDRAUTO,1019.15,Stage 2 (Uptrend),57.9,857.45,38090,38.13,0.92,False,3.88,268.0,0.76,True,Near Premium,51.03,16.46,False,Decreasing,0.1156,False,False,True,17.06,1011.5,False,1171.6,385.36,1037.95,981.0,778.48,991.76,1038.85,924.31,822.65,1220.0,551.0,502.0,269.0,Sideways,Moderate,43.42,Rounding Top,79,03-06-2025,26-08-2025,Start:03-06-2025@995.75 ; Q1:24-06-2025@959.0 ; Mid:15-07-2025@1141.3 ; Q3:05-08-2025@983.15 ; End:26-08-2025@1019.15,,Rounding Top(79),5756989,Automobiles & Auto Parts
2025-08-26,ORIENTPPR,28.14,Stage 1/3 (Neutral),47.02,26.7,1373280,39.01,1.57,False,3.86,269.0,-4.58,False,Near Discount,48.7,43.94,False,Decreasing,0.0567,True,False,True,17.0,29.49,False,60.7,21.57,29.49,28.0,41.14,28.03,28.59,27.55,30.02,50.2,20.82,61.0,108.0,Sideways,Moderate,33.73,Triple Bottom,94,30-05-2025,15-08-2025,P1:30-05-2025@28.31 ; P2:20-06-2025@27.45 ; P3:15-08-2025@27.68,Ascending Channel(81) | Broadening Formation(72) | Double Top(70),Triple Bottom(94) | Ascending Channel(81) | Broadening Formation(72) | Double Top(70),73742542,Paper & Forest Products
2025-08-26,GUFICBIO,376.95,Stage 1/3 (Neutral),51.86,362.96,101651,54.56,0.9,False,3.83,270.0,-1.52,False,Equilibrium,54.79,25.25,False,Decreasing,0.1456,False,True,True,27.81,382.75,False,485.45,294.95,384.0,371.3,390.2,371.53,366.26,364.85,389.52,504.25,298.8,334.0,280.0,Uptrend,Strong,34.01,Triple Bottom,90,09-05-2025,15-08-2025,P1:09-05-2025@355.25 ; P2:04-07-2025@345.55 ; P3:15-08-2025@356.5,Cup and Handle(87) | Symmetrical Triangle(74) | Double Top(66),Triple Bottom(90) | Cup and Handle(87) | Symmetrical Triangle(74) | Double Top(66),7360189,Pharmaceuticals
2025-08-26,MAHEPC,169.9,Stage 2 (Uptrend),63.56,137.57,224952,32.84,0.48,False,3.82,271.0,0.01,True,Near Premium,64.2,8.22,False,Decreasing,0.373,False,True,True,28.19,169.89,False,181.7,101.92,176.0,165.47,141.81,151.8,147.5,143.4,131.87,185.12,96.5,210.0,590.0,Uptrend,Strong,72.72,Triple Bottom,86,09-05-2025,08-08-2025,P1:09-05-2025@135.54 ; P2:20-06-2025@136.03 ; P3:08-08-2025@135.06,Double Bottom(82) | Ascending Channel(73) | Broadening Formation(68),Triple Bottom(86) | Double Bottom(82) | Ascending Channel(73) | Broadening Formation(68),16702804,"Machinery, Equipment & Components"
2025-08-26,DLINKINDIA,465.05,Stage 4 (Downtrend),43.17,471.19,80471,57.11,0.91,False,3.74,272.0,-1.5,False,Near Discount,31.88,36.19,False,Increasing,0.124,False,False,False,27.41,472.15,False,701.25,366.4,472.15,460.0,533.83,501.22,525.39,499.5,499.63,728.8,349.45,372.0,272.0,Downtrend,Strong,37.33,Broadening Formation,68,28-02-2025,04-07-2025,H1:21-03-2025@429.65 ; H2:04-07-2025@569.95 ; L1:28-02-2025@366.4 ; L2:30-05-2025@482.9,Rounding Top(59),Broadening Formation(68) | Rounding Top(59),35463756,Communications & Networking
2025-08-26,SANGHIIND,64.36,Stage 2 (Uptrend),49.39,61.22,574994,61.97,2.64,True,3.7,273.0,-0.98,True,Near Discount,40.96,32.31,False,Increasing,0.0712,False,False,False,16.12,65.0,False,105.47,51.89,65.48,64.02,78.68,66.25,65.55,63.46,64.24,95.08,50.58,128.0,51.0,Sideways,Moderate,24.02,Inverse Head and Shoulders,88,10-01-2025,09-05-2025,LS:10-01-2025@57.36 ; H:28-02-2025@51.89 ; RS:09-05-2025@58.52,Double Bottom(82) | Broadening Formation(72),Inverse Head and Shoulders(88) | Double Bottom(82) | Broadening Formation(72),696030,NO DATA
2025-08-26,HITECH,86.22,Stage 4 (Downtrend),34.0,98.66,427939,51.2,0.53,False,3.69,274.0,-0.51,False,Discount,36.86,59.11,False,Decreasing,0.0721,True,False,False,21.35,86.66,False,205.61,86.22,87.13,86.0,145.92,88.57,94.01,95.21,117.26,210.85,84.8,148.0,532.0,Sideways,Moderate,26.22,No Clear Pattern,0,,,,,No Clear Pattern,50107005,Metals & Mining
2025-08-26,HIRECT,715.84,Stage 2 (Uptrend),59.54,542.84,51542,44.98,0.15,False,3.69,274.0,-1.43,True,Near Premium,42.24,24.97,False,Decreasing,0.2812,False,True,False,39.71,726.24,True,921.0,283.87,736.38,712.94,602.43,836.22,690.22,588.22,558.21,954.07,349.71,450.0,827.0,Uptrend,Strong,106.94,Broadening Formation,71,28-02-2025,15-08-2025,H1:21-03-2025@447.51 ; H2:15-08-2025@867.6 ; L1:28-02-2025@381.95 ; L2:27-06-2025@571.0,,Broadening Formation(71),8091343,"Machinery, Equipment & Components"
2025-08-26,GOCLCORP,365.5,Stage 2 (Uptrend),52.96,324.74,100017,30.26,0.83,False,3.66,276.0,-3.31,True,Equilibrium,49.26,29.28,False,Decreasing,0.1771,False,False,True,25.7,378.0,False,495.9,252.0,384.45,361.2,373.95,360.22,370.69,336.14,342.98,516.8,245.0,339.0,305.0,Downtrend,Strong,45.34,Double Top,78,13-06-2025,18-07-2025,P1:13-06-2025@389.2 ; P2:18-07-2025@395.25,Broadening Formation(68),Double Top(78) | Broadening Formation(68),10467411,Chemicals
2025-08-26,SALZERELEC,815.75,Stage 4 (Downtrend),40.99,939.49,44801,61.07,0.33,False,3.65,277.0,-1.95,False,Near Discount,40.34,50.56,False,Decreasing,0.1224,False,False,False,16.37,832.0,False,1596.15,789.2,838.0,810.1,1192.68,849.49,866.74,930.88,1048.39,1649.95,781.8,475.0,705.0,Sideways,Moderate,43.34,Falling Wedge,85,14-03-2025,08-08-2025,UL1:28-03-2025@1077.6 ; UL2:18-04-2025@1078.4 ; UL3:23-05-2025@1084.05 ; UL4:08-08-2025@900.7 ; LL1:14-03-2025@865.85 ; LL2:09-05-2025@902.85 ; LL3:20-06-2025@885.8 ; LL4:25-07-2025@814.75,Diamond Top(60),Falling Wedge(85) | Diamond Top(60),9638955,"Machinery, Equipment & Components"
2025-08-26,VSTIND,271.5,Stage 4 (Downtrend),41.17,282.5,133784,65.18,0.71,False,3.63,278.0,-0.37,False,Near Discount,38.33,48.9,False,Decreasing,0.0608,False,False,False,25.08,272.5,False,518.37,247.15,274.65,271.0,382.76,278.35,285.9,286.86,298.28,531.32,242.05,287.0,390.0,Downtrend,Strong,16.24,Cup and Handle,87,24-04-2025,18-08-2025,RimL:24-04-2025@330.5 ; Btm:09-05-2025@273.8 ; RimR:02-07-2025@315.7 ; Hdl:18-08-2025@271.05,Flag Pattern (Bear Flag)(64) | Rounding Top(59),Cup and Handle(87) | Flag Pattern (Bear Flag)(64) | Rounding Top(59),-6230621,Food & Tobacco
2025-08-26,SKMEGGPROD,169.02,Stage 2 (Uptrend),78.47,108.9,212133,,3.61,True,3.59,279.0,-0.62,True,Premium,73.83,0.62,True,Increasing,0.2319,False,True,True,38.5,170.07,False,169.02,74.89,170.07,155.81,121.96,150.9,136.68,116.08,108.38,170.07,71.63,219.0,30.0,Uptrend,Strong,33.39,Long-term Rounding Bottom,82,21-08-2024,26-08-2025,Start:21-08-2024@117.42 ; Q1:22-11-2024@99.73 ; Mid:20-02-2025@87.6 ; Q3:29-05-2025@106.0 ; End:26-08-2025@169.02,,Long-term Rounding Bottom(82),6345182,Food & Tobacco
2025-08-26,PARACABLES,46.3,Stage 4 (Downtrend),36.08,54.16,771767,54.45,0.75,False,3.57,280.0,-2.32,False,Discount,26.93,53.99,False,Decreasing,0.2699,False,False,False,38.76,47.4,False,96.01,46.29,47.63,46.02,71.15,51.52,55.33,54.09,61.3,100.63,44.1,99.0,361.0,Downtrend,Strong,33.2,Rounding Top,59,21-04-2025,26-08-2025,Start:21-04-2025@52.48 ; Q1:22-05-2025@56.26 ; Mid:24-06-2025@54.36 ; Q3:24-07-2025@59.93 ; End:26-08-2025@46.3,,Rounding Top(59),99624418,"Machinery, Equipment & Components"
2025-08-26,INDOSTAR,263.65,Stage 1/3 (Neutral),39.73,294.05,132410,50.24,0.85,False,3.49,281.0,-1.75,False,Near Discount,33.18,28.02,False,Decreasing,0.1365,False,False,False,27.1,268.35,False,362.8,205.7,268.45,259.85,284.25,278.11,307.94,310.42,289.76,366.3,217.88,289.0,300.0,Downtrend,Strong,36.64,Rounding Top,71,18-03-2025,26-08-2025,Start:18-03-2025@267.56 ; Q1:30-04-2025@301.5 ; Mid:10-06-2025@344.8 ; Q3:17-07-2025@313.95 ; End:26-08-2025@263.65,,Rounding Top(71),10716722,Banking Services
2025-08-26,ARMANFIN,1424.2,Stage 1/3 (Neutral),44.57,1497.54,24411,51.31,0.72,False,3.48,282.0,0.18,False,Near Discount,39.1,23.61,False,Decreasing,0.2594,False,False,False,26.32,1421.6,False,2480.6,1120.8,1444.8,1400.0,1800.7,1500.48,1629.93,1581.93,1448.02,1864.4,1109.95,577.0,380.0,Downtrend,Strong,45.44,Long-term Rounding Bottom,79,21-08-2024,26-08-2025,Start:21-08-2024@1613.45 ; Q1:22-11-2024@1244.25 ; Mid:20-02-2025@1313.0 ; Q3:29-05-2025@1615.3 ; End:26-08-2025@1424.2,Broadening Formation(68) | Rounding Top(59),Long-term Rounding Bottom(79) | Broadening Formation(68) | Rounding Top(59),-871062,Banking Services
2025-08-26,SEQUENT,173.92,Stage 2 (Uptrend),50.7,165.43,198800,48.63,0.39,False,3.46,283.0,0.07,True,Near Premium,44.97,27.74,False,Decreasing,0.0639,True,False,False,10.52,173.8,False,232.22,98.9,175.0,172.0,165.56,174.69,181.87,174.23,173.31,240.7,117.35,233.0,663.0,Sideways,Weak,33.23,Symmetrical Triangle,74,21-02-2025,08-08-2025,H1:21-02-2025@159.51 ; H2:13-06-2025@197.26 ; L1:20-06-2025@187.09 ; L2:08-08-2025@168.04,,Symmetrical Triangle(74),155272305,NO DATA
2025-08-26,MARATHON,630.35,Stage 2 (Uptrend),53.97,553.27,54474,68.0,0.36,False,3.43,284.0,-2.1,True,Near Premium,41.16,18.08,False,Decreasing,0.1646,False,False,False,24.41,643.9,False,761.2,360.5,648.5,627.05,560.85,657.19,668.03,592.65,571.34,769.45,352.05,439.0,684.0,Sideways,Moderate,47.94,Double Bottom,82,09-05-2025,30-05-2025,P1:09-05-2025@486.85 ; P2:30-05-2025@484.1,Rounding Top(79) | Long-term Rounding Bottom(75) | Broadening Formation(68),Double Bottom(82) | Rounding Top(79) | Long-term Rounding Bottom(75) | Broadening Formation(68),13948507,Real Estate Operations
2025-08-26,QUESS,266.55,Stage 4 (Downtrend),37.78,309.83,127862,61.07,0.55,False,3.41,285.0,-1.5,False,Discount,32.37,38.16,False,Decreasing,0.1582,False,False,False,24.86,270.6,False,425.79,265.95,274.8,265.75,345.87,277.55,294.8,312.88,316.3,431.03,262.85,299.0,511.0,Sideways,Moderate,24.31,Broadening Formation,68,21-03-2025,15-08-2025,H1:21-03-2025@336.48 ; H2:18-07-2025@312.9 ; L1:11-04-2025@297.98 ; L2:15-08-2025@265.95,,Broadening Formation(68),44704169,Professional & Commercial Services
2025-08-26,ANDHRSUGAR,76.3,Stage 1/3 (Neutral),45.31,75.72,445994,22.15,1.73,False,3.4,286.0,-2.45,False,Near Discount,40.43,38.34,False,Increasing,0.1085,False,False,False,25.09,78.22,False,125.27,65.59,80.89,75.45,95.43,78.67,80.1,76.63,82.05,123.74,65.1,146.0,91.0,Uptrend,Strong,34.69,Triple Top,74,27-06-2025,15-08-2025,P1:27-06-2025@83.37 ; P2:18-07-2025@83.23 ; P3:15-08-2025@80.94,Rising Wedge(69) | Rounding Top(63),Triple Top(74) | Rising Wedge(69) | Rounding Top(63),35005201,Chemicals
2025-08-26,GANESHHOUC,885.7,Stage 4 (Downtrend),38.87,1025.55,38427,56.12,0.83,False,3.4,286.0,-0.59,False,Near Discount,43.79,40.36,False,Decreasing,0.0776,True,False,True,22.81,891.0,False,1480.05,763.65,907.1,880.0,1121.85,885.54,935.93,988.07,1101.25,1485.0,775.55,500.0,305.0,Sideways,Moderate,28.63,Broadening Formation,68,21-03-2025,08-08-2025,H1:21-03-2025@1117.5 ; H2:11-07-2025@995.7 ; L1:11-04-2025@1018.85 ; L2:08-08-2025@859.05,Diamond Top(60) | Long-term Rounding Top(59) | Descending Channel(57),Broadening Formation(68) | Diamond Top(60) | Long-term Rounding Top(59) | Descending Channel(57),4418924,NO DATA
2025-08-26,GARFIBRES,774.85,Stage 1/3 (Neutral),39.93,848.64,43395,54.5,1.16,False,3.36,288.0,-3.14,False,Equilibrium,28.51,21.38,False,Increasing,0.1886,False,False,False,24.6,800.0,False,961.4,629.0,800.95,771.0,795.2,840.25,881.58,879.34,855.0,985.55,674.2,481.0,182.0,Sideways,Moderate,27.8,Rounding Top,71,18-03-2025,26-08-2025,Start:18-03-2025@800.6 ; Q1:30-04-2025@861.8 ; Mid:10-06-2025@895.4 ; Q3:17-07-2025@945.55 ; End:26-08-2025@774.85,,Rounding Top(71),3040184,Textiles & Apparel
2025-08-26,BALAMINES,1517.0,Stage 1/3 (Neutral),46.15,1456.58,21983,54.16,0.4,False,3.33,289.0,-2.47,False,Near Discount,37.48,37.65,False,Decreasing,0.1878,False,False,False,14.66,1555.4,False,2499.75,1140.65,1559.9,1509.5,1820.2,1580.42,1662.06,1510.09,1606.66,2433.0,1127.55,594.0,654.0,Sideways,Weak,37.61,Rounding Top,59,03-06-2025,26-08-2025,Start:03-06-2025@1485.2 ; Q1:24-06-2025@1490.1 ; Mid:15-07-2025@1782.5 ; Q3:05-08-2025@1522.0 ; End:26-08-2025@1517.0,,Rounding Top(59),8752115,Chemicals
2025-08-26,HEMIPROP,135.27,Stage 1/3 (Neutral),47.46,132.78,244844,59.84,0.56,False,3.31,290.0,-0.61,False,Near Discount,52.05,36.46,False,Decreasing,0.1418,False,True,True,20.97,136.1,False,235.9,114.56,137.79,134.61,175.23,132.75,134.52,134.32,143.59,212.9,111.03,202.0,499.0,Sideways,Moderate,30.23,Rounding Bottom,79,01-07-2025,26-08-2025,Start:01-07-2025@139.29 ; Q1:15-07-2025@135.62 ; Mid:29-07-2025@128.18 ; Q3:12-08-2025@135.09 ; End:26-08-2025@135.27,Broadening Formation(68),Rounding Bottom(79) | Broadening Formation(68),27770719,Real Estate Operations
2024-10-22,SHREYAS,355.85,Unknown,55.49,,92705,60.54,1.06,False,3.3,291.0,-3.0,False,Equilibrium,53.94,19.11,False,Increasing,0.1793,False,True,True,20.28,366.85,False,402.05,278.55,378.5,352.5,340.3,350.26,334.88,342.82,,439.9,245.0,355.0,213.0,Sideways,Moderate,64.88,Flag Pattern (Bull Flag),76,27-05-2024,08-07-2024,PoleS:27-05-2024@311.75 ; PoleE:18-06-2024@351.75 ; Consol:08-07-2024@345.05,Rounding Bottom(71),Flag Pattern (Bull Flag)(76) | Rounding Bottom(71),3786854,Chemicals
2025-08-26,SHREEPUSHK,319.9,Stage 2 (Uptrend),50.3,306.85,102911,59.04,0.43,False,3.29,292.0,-3.64,True,Near Premium,38.51,22.03,False,Decreasing,0.2865,False,False,False,26.72,332.0,False,403.05,166.6,332.0,317.4,284.82,364.1,351.13,313.15,308.13,410.3,220.5,333.0,633.0,Uptrend,Strong,80.62,Rounding Top,79,01-07-2025,26-08-2025,Start:01-07-2025@357.05 ; Q1:15-07-2025@358.05 ; Mid:29-07-2025@398.95 ; Q3:12-08-2025@401.0 ; End:26-08-2025@319.9,Broadening Formation(68),Rounding Top(79) | Broadening Formation(68),8862247,Chemicals
2025-08-26,CENTUM,2729.2,Stage 2 (Uptrend),66.33,1974.88,12044,51.45,0.26,False,3.29,292.0,-2.26,True,Near Premium,65.2,7.32,False,Decreasing,0.3809,False,True,True,32.54,2792.3,False,2847.8,1162.15,2799.0,2718.8,2004.98,2460.56,2379.82,2171.68,1933.07,2944.6,1140.3,670.0,757.0,Uptrend,Strong,54.42,No Clear Pattern,0,,,,,No Clear Pattern,3073998,"Machinery, Equipment & Components"
2025-08-26,PRINCEPIPE,334.6,Stage 1/3 (Neutral),50.04,302.98,97291,36.75,0.22,False,3.26,294.0,-1.05,False,Near Discount,52.24,45.81,False,Decreasing,0.2441,False,False,True,26.26,338.15,False,699.85,239.83,338.85,327.2,469.84,323.92,341.48,314.71,340.2,617.5,229.05,346.0,784.0,Downtrend,Strong,64.09,Broadening Formation,68,21-02-2025,08-08-2025,H1:28-02-2025@286.7 ; H2:11-07-2025@367.2 ; L1:21-02-2025@276.1 ; L2:08-08-2025@291.15,,Broadening Formation(68),12042853,Homebuilding & Construction Supplies
2025-08-26,SATIN,136.96,Stage 4 (Downtrend),37.48,152.62,236815,71.51,1.37,False,3.24,295.0,-1.11,False,Discount,25.97,38.58,False,Increasing,0.0734,False,False,False,25.68,138.5,False,245.62,136.5,138.83,136.1,191.06,141.96,152.9,156.76,153.23,223.0,131.8,205.0,139.0,Downtrend,Strong,12.34,Broadening Formation,68,14-02-2025,04-07-2025,H1:21-03-2025@147.87 ; H2:04-07-2025@172.67 ; L1:14-02-2025@141.85 ; L2:20-06-2025@151.62,,Broadening Formation(68),-1814618,Banking Services
2025-08-26,ICRA,6253.5,Stage 2 (Uptrend),48.85,6104.48,5171,65.65,1.02,False,3.23,296.0,-1.0,True,Equilibrium,41.59,19.16,False,Increasing,0.0995,False,False,False,21.08,6316.5,False,7269.2,5182.0,6316.5,6200.5,6225.6,6288.45,6581.66,6314.86,6224.65,7735.4,5015.1,763.0,223.0,Sideways,Moderate,21.35,Flag Pattern (Bear Flag),76,17-12-2024,28-01-2025,PoleS:17-12-2024@6532.25 ; PoleE:08-01-2025@6004.3 ; Consol:28-01-2025@5976.85,Rounding Top(71) | Ascending Channel(69),Flag Pattern (Bear Flag)(76) | Rounding Top(71) | Ascending Channel(69),700661,Professional & Commercial Services
2025-08-26,UFLEX,526.25,Stage 1/3 (Neutral),40.59,549.32,60582,66.15,1.45,False,3.19,297.0,-2.55,False,Near Discount,24.92,38.79,False,Decreasing,0.1369,False,False,False,20.12,540.0,False,844.8,405.5,543.1,520.3,625.15,574.66,590.33,582.63,547.23,859.8,438.0,418.0,122.0,Sideways,Moderate,27.64,Triple Top,70,16-05-2025,04-07-2025,P1:16-05-2025@619.95 ; P2:06-06-2025@618.9 ; P3:04-07-2025@611.8,Double Top(66) | Rounding Top(59),Triple Top(70) | Double Top(66) | Rounding Top(59),18113218,Containers & Packaging
2025-08-26,VMART,739.15,Stage 4 (Downtrend),38.06,818.55,42888,49.46,0.49,False,3.17,298.0,-0.79,False,Near Discount,36.01,37.04,False,Decreasing,0.1037,False,False,False,13.34,745.0,False,1164.04,543.87,750.0,734.25,853.95,766.88,803.08,838.26,862.66,1174.03,702.38,483.0,575.0,Sideways,Weak,20.59,Symmetrical Triangle,74,23-05-2025,25-07-2025,H1:13-06-2025@947.3 ; H2:25-07-2025@804.05 ; L1:23-05-2025@880.34 ; L2:11-07-2025@765.2,,Symmetrical Triangle(74),1734030,Diversified Retail
2025-08-26,NELCO,813.85,Stage 4 (Downtrend),41.45,886.48,38906,53.2,0.36,False,3.17,298.0,-1.24,False,Near Discount,35.03,45.84,False,Decreasing,0.0919,False,False,False,26.33,824.1,False,1463.9,695.85,834.35,810.0,1079.88,848.83,920.43,905.93,976.03,1502.75,706.95,498.0,684.0,Downtrend,Strong,33.8,Rounding Top,59,21-04-2025,26-08-2025,Start:21-04-2025@924.5 ; Q1:22-05-2025@910.55 ; Mid:24-06-2025@1087.75 ; Q3:24-07-2025@868.4 ; End:26-08-2025@813.85,,Rounding Top(59),18145405,Communications & Networking
2025-08-26,AARTIDRUGS,470.05,Stage 2 (Uptrend),52.87,425.04,65719,52.59,0.34,False,3.09,300.0,-2.28,True,Equilibrium,41.17,25.98,False,Decreasing,0.1307,False,False,False,16.23,481.0,False,604.75,321.75,481.8,469.0,463.25,492.62,488.43,450.83,433.85,635.0,312.0,400.0,702.0,Sideways,Moderate,35.23,Double Bottom,78,30-05-2025,20-06-2025,P1:30-05-2025@443.85 ; P2:20-06-2025@440.65,Diamond Bottom(72) | Rounding Top(71) | Broadening Formation(68),Double Bottom(78) | Diamond Bottom(72) | Rounding Top(71) | Broadening Formation(68),21551110,Pharmaceuticals
2025-08-26,FILATEX,52.11,Stage 2 (Uptrend),49.37,48.25,590153,46.01,0.53,False,3.08,301.0,-1.96,False,Equilibrium,37.04,29.0,False,Decreasing,0.1245,False,False,False,14.04,53.15,False,71.35,35.54,53.16,51.93,53.44,54.11,56.16,51.76,52.49,73.39,34.0,126.0,532.0,Sideways,Weak,25.44,No Clear Pattern,0,,,,,No Clear Pattern,138109817,Textiles & Apparel
2025-08-26,SHAREINDIA,150.55,Stage 4 (Downtrend),31.88,173.84,204396,53.18,0.46,False,3.08,301.0,-0.63,False,Near Discount,28.06,56.34,False,Decreasing,0.2085,False,False,False,24.69,151.5,False,339.6,145.07,151.84,147.9,242.34,165.11,172.35,169.61,209.82,344.8,141.21,225.0,608.0,Sideways,Moderate,32.0,Triple Bottom,90,30-05-2025,11-07-2025,P1:30-05-2025@174.53 ; P2:20-06-2025@176.48 ; P3:11-07-2025@171.65,,Triple Bottom(90),4492416,Investment Banking & Investment Services
2025-08-26,SHARDAMOTR,1031.4,Stage 2 (Uptrend),57.38,906.2,29790,56.56,0.63,False,3.07,303.0,-1.96,True,Near Discount,45.87,28.32,False,Decreasing,0.0574,True,False,False,15.79,1052.0,False,1470.08,714.55,1059.1,1025.0,1092.31,1047.61,1039.89,955.91,931.99,1438.89,628.14,542.0,444.0,Sideways,Moderate,24.46,Diamond Bottom,72,27-12-2024,15-08-2025,H1:27-12-2024@988.44 ; H2:28-03-2025@794.57 ; H3:18-07-2025@1066.0 ; L1:24-01-2025@821.91 ; L2:04-04-2025@739.25 ; L3:15-08-2025@1018.8,Ascending Channel(69),Diamond Bottom(72) | Ascending Channel(69),2729963,Automobiles & Auto Parts
2025-08-26,IFBIND,1455.9,Stage 1/3 (Neutral),51.5,1349.36,21070,49.09,0.15,False,3.07,303.0,-1.93,False,Near Discount,54.78,38.31,False,Decreasing,0.2476,False,True,True,29.73,1484.5,False,2329.8,1065.5,1485.0,1444.6,1697.65,1374.85,1453.51,1416.2,1472.87,2359.9,1060.0,601.0,827.0,Downtrend,Strong,78.84,Broadening Formation,68,20-12-2024,15-08-2025,H1:03-01-2025@1904.55 ; H2:13-06-2025@1593.2 ; L1:20-12-2024@1782.7 ; L2:15-08-2025@1282.8,,Broadening Formation(68),8322716,Household Goods
2025-08-26,NAVKARCORP,119.16,Stage 1/3 (Neutral),52.61,108.23,254660,60.67,0.28,False,3.03,305.0,-1.7,False,Equilibrium,47.05,32.46,False,Decreasing,0.1617,False,True,False,21.07,121.22,False,165.45,84.27,121.59,118.5,124.86,123.49,118.12,111.18,121.17,176.43,80.54,201.0,745.0,Sideways,Moderate,69.23,Symmetrical Triangle,74,30-05-2025,08-08-2025,H1:30-05-2025@113.44 ; H2:18-07-2025@128.07 ; L1:11-07-2025@106.14 ; L2:08-08-2025@117.9,,Symmetrical Triangle(74),107993389,Freight & Logistics Services
2025-08-26,MMFL,322.45,Stage 4 (Downtrend),39.16,352.73,93595,60.84,1.39,False,3.02,306.0,1.35,False,Near Discount,44.42,47.89,False,Increasing,0.2129,False,False,True,35.18,318.15,False,667.51,298.25,327.4,308.0,482.88,321.34,349.94,352.36,391.05,618.8,295.0,354.0,133.0,Downtrend,Strong,35.79,Broadening Formation,68,07-03-2025,15-08-2025,H1:07-03-2025@371.9 ; H2:04-07-2025@376.75 ; L1:04-04-2025@332.2 ; L2:15-08-2025@298.25,Flag Pattern (Bear Flag)(64) | Diamond Top(60) | Rounding Top(59),Broadening Formation(68) | Flag Pattern (Bear Flag)(64) | Diamond Top(60) | Rounding Top(59),1200564,Metals & Mining
2025-08-26,NRBBEARING,285.35,Stage 2 (Uptrend),54.97,252.82,105515,62.03,0.77,False,3.01,307.0,-3.09,True,Equilibrium,47.11,14.3,False,Decreasing,0.1,False,False,False,15.23,294.45,False,363.55,195.68,294.45,284.0,279.62,287.28,289.6,266.8,261.4,332.95,191.45,326.0,348.0,Sideways,Moderate,31.16,Broadening Formation,68,21-03-2025,08-08-2025,H1:21-03-2025@219.22 ; H2:18-07-2025@303.15 ; L1:02-05-2025@216.23 ; L2:08-08-2025@280.6,,Broadening Formation(68),13675424,"Machinery, Equipment & Components"
2025-08-26,BEPL,105.06,Stage 4 (Downtrend),42.5,110.4,282466,60.7,0.76,False,2.97,308.0,-1.81,False,Near Discount,36.74,40.64,False,Decreasing,0.106,False,False,False,16.16,107.0,False,172.5,89.9,107.02,104.0,131.2,109.87,112.27,112.18,116.93,177.0,90.0,187.0,355.0,Sideways,Moderate,31.04,Triple Top,70,30-05-2025,18-07-2025,P1:30-05-2025@119.07 ; P2:27-06-2025@116.04 ; P3:18-07-2025@116.01,Rounding Top(59),Triple Top(70) | Rounding Top(59),92126297,Chemicals
2025-08-26,JINDRILL,609.45,Stage 4 (Downtrend),41.87,708.91,48033,52.85,0.3,False,2.93,309.0,-2.01,False,Near Discount,44.79,38.46,False,Decreasing,0.0905,False,False,False,18.87,621.95,False,971.0,585.0,621.95,606.7,778.0,619.12,625.19,652.95,733.34,990.35,570.0,462.0,730.0,Sideways,Moderate,33.8,Long-term Rounding Top,71,21-08-2024,26-08-2025,Start:21-08-2024@670.95 ; Q1:22-11-2024@742.8 ; Mid:20-02-2025@934.9 ; Q3:29-05-2025@662.65 ; End:26-08-2025@609.45,,Long-term Rounding Top(71),6909052,Oil & Gas Related Equipment and Services
2025-08-26,GIPCL,181.99,Stage 4 (Downtrend),43.16,188.04,159445,68.78,0.78,False,2.9,310.0,-1.24,False,Near Discount,32.8,32.22,False,Decreasing,0.1078,False,False,False,33.43,184.28,False,263.84,155.41,185.84,181.5,209.62,191.87,201.72,196.42,197.62,268.5,148.1,264.0,342.0,Downtrend,Strong,24.96,Symmetrical Triangle,74,23-05-2025,04-07-2025,H1:23-05-2025@203.14 ; H2:04-07-2025@214.68 ; L1:30-05-2025@195.52 ; L2:20-06-2025@193.32,Rounding Top(59),Symmetrical Triangle(74) | Rounding Top(59),45368106,Electrical Utilities & IPPs
2025-08-26,SHALPAINTS,74.1,Stage 4 (Downtrend),28.1,98.78,387256,43.71,2.4,True,2.87,311.0,2.9,False,Near Discount,34.14,51.88,False,Increasing,0.1828,False,False,False,32.39,72.01,False,154.5,70.24,78.4,71.37,112.37,75.4,87.52,95.44,106.45,154.0,69.66,159.0,57.0,Downtrend,Strong,28.7,Flag Pattern (Bull Flag),88,17-12-2024,28-01-2025,PoleS:17-12-2024@117.84 ; PoleE:08-01-2025@127.1 ; Consol:28-01-2025@124.31,Broadening Formation(72),Flag Pattern (Bull Flag)(88) | Broadening Formation(72),-2771753,Chemicals
2025-08-26,ADFFOODS,219.24,Stage 4 (Downtrend),38.6,242.77,130340,64.72,1.57,False,2.86,312.0,-4.83,False,Near Discount,30.55,38.06,False,Increasing,0.1912,False,False,False,28.49,230.36,False,347.65,204.85,230.36,218.01,276.25,234.04,256.82,247.77,262.8,353.95,210.55,293.0,108.0,Downtrend,Strong,39.98,Double Top,70,13-06-2025,18-07-2025,P1:13-06-2025@277.81 ; P2:18-07-2025@273.1,,Double Top(70),28895068,Food & Tobacco
2025-08-26,UNIVCABLES,732.3,Stage 2 (Uptrend),58.81,601.92,39021,51.86,0.63,False,2.86,312.0,-0.88,True,Near Premium,51.37,15.46,False,Decreasing,0.0709,True,False,True,21.58,738.8,False,889.35,411.15,742.7,718.2,650.25,723.8,741.05,637.25,633.25,866.25,407.25,497.0,444.0,Sideways,Moderate,34.13,Rounding Top,79,17-06-2025,26-08-2025,Start:17-06-2025@680.0 ; Q1:03-07-2025@775.95 ; Mid:22-07-2025@763.25 ; Q3:07-08-2025@707.45 ; End:26-08-2025@732.3,Long-term Rounding Bottom(75),Rounding Top(79) | Long-term Rounding Bottom(75),4814457,"Machinery, Equipment & Components"
2025-08-26,BFINVEST,470.25,Stage 4 (Downtrend),42.58,486.65,59502,39.61,0.76,False,2.8,314.0,0.27,False,Near Discount,48.6,43.28,False,Decreasing,0.0969,False,False,True,24.92,469.0,False,768.8,412.05,479.0,464.65,590.42,466.33,481.09,493.94,544.73,829.0,406.0,421.0,355.0,Sideways,Moderate,23.22,Rising Wedge,65,28-02-2025,08-08-2025,UL1:21-03-2025@497.1 ; UL2:18-04-2025@525.55 ; UL3:16-05-2025@536.65 ; UL4:18-07-2025@495.2 ; LL1:28-02-2025@424.0 ; LL2:09-05-2025@477.4 ; LL3:20-06-2025@480.1 ; LL4:08-08-2025@452.6,,Rising Wedge(65),8656886,Investment Banking & Investment Services
2025-08-26,SPARC,142.59,Stage 4 (Downtrend),41.53,149.46,195509,58.07,0.79,False,2.79,315.0,-1.19,False,Near Discount,39.53,40.83,False,Decreasing,0.1011,False,False,False,30.31,144.3,False,251.43,112.01,145.18,142.1,181.72,145.6,153.17,155.1,164.79,241.0,109.3,237.0,336.0,Downtrend,Strong,28.38,Broadening Formation,68,28-03-2025,15-08-2025,H1:28-03-2025@147.91 ; H2:18-07-2025@161.03 ; L1:11-04-2025@145.48 ; L2:15-08-2025@140.24,Rounding Top(59),Broadening Formation(68) | Rounding Top(59),82959429,Pharmaceuticals
2025-08-26,AHLUCONT,924.3,Stage 2 (Uptrend),48.06,879.9,30055,57.6,0.81,False,2.78,316.0,-3.21,True,Near Discount,38.62,31.53,False,Decreasing,0.1274,False,False,False,19.94,955.0,False,1495.7,634.2,960.6,920.0,1064.95,964.01,986.05,942.17,911.81,1349.95,620.0,541.0,320.0,Sideways,Moderate,23.53,Rounding Top,71,17-06-2025,26-08-2025,Start:17-06-2025@917.95 ; Q1:03-07-2025@982.5 ; Mid:22-07-2025@1098.7 ; Q3:07-08-2025@964.9 ; End:26-08-2025@924.3,,Rounding Top(71),1186946,Construction & Engineering
2025-08-26,ARVSMART,606.55,Stage 4 (Downtrend),41.29,668.8,45448,53.24,0.72,False,2.76,317.0,-1.37,False,Near Discount,43.62,40.82,False,Increasing,0.0765,False,False,False,15.11,615.0,False,1006.9,582.7,624.35,601.0,794.8,609.39,641.27,662.23,738.08,1025.0,580.2,471.0,380.0,Sideways,Moderate,27.21,Inverse Head and Shoulders,92,04-04-2025,30-05-2025,LS:04-04-2025@669.8 ; H:09-05-2025@618.3 ; RS:30-05-2025@671.6,Diamond Top(60),Inverse Head and Shoulders(92) | Diamond Top(60),2272946,Real Estate Operations
2025-08-26,SIYSIL,621.15,Stage 4 (Downtrend),44.41,675.33,44445,54.38,0.5,False,2.76,317.0,-1.4,False,Near Discount,46.48,47.14,False,Decreasing,0.1693,False,False,True,23.54,630.0,False,1134.5,421.1,633.0,614.7,777.8,611.04,667.02,691.13,734.25,1175.0,467.0,476.0,564.0,Sideways,Moderate,43.8,Broadening Formation,68,28-02-2025,15-08-2025,H1:07-03-2025@699.75 ; H2:11-07-2025@720.45 ; L1:28-02-2025@599.4 ; L2:15-08-2025@569.7,,Broadening Formation(68),25963259,Textiles & Apparel
2025-08-26,KCP,201.18,Stage 4 (Downtrend),46.93,202.86,136824,47.27,0.52,False,2.75,319.0,-1.58,False,Near Discount,43.94,24.58,False,Decreasing,0.0675,True,False,False,16.96,204.4,False,271.31,170.35,205.7,200.0,220.83,205.17,205.06,207.04,212.52,266.75,167.55,282.0,544.0,Sideways,Moderate,31.54,Triple Bottom,90,20-06-2025,08-08-2025,P1:20-06-2025@198.5 ; P2:11-07-2025@199.25 ; P3:08-08-2025@198.53,,Triple Bottom(90),55468704,Construction Materials
2025-08-26,SHANKARA,236.77,Stage 2 (Uptrend),57.06,195.73,114854,46.92,0.51,False,2.72,320.0,-3.41,True,Near Premium,36.47,19.95,False,Decreasing,0.1915,False,False,False,28.2,245.13,False,292.47,111.49,248.51,234.72,201.98,269.56,257.86,219.42,184.41,295.79,108.78,312.0,554.0,Downtrend,Strong,61.83,No Clear Pattern,0,,,,,No Clear Pattern,11554862,Specialty Retailers
2025-08-26,VARROC,538.8,Stage 1/3 (Neutral),53.43,495.91,50493,49.16,0.28,False,2.72,320.0,-1.41,True,Equilibrium,49.44,16.98,False,Decreasing,0.1049,False,False,True,21.05,546.5,False,694.9,400.9,547.05,535.0,547.9,534.11,549.15,514.56,518.7,649.0,374.1,454.0,745.0,Sideways,Moderate,45.57,No Clear Pattern,0,,,,,No Clear Pattern,54371410,Automobiles & Auto Parts
2025-08-26,SUPRAJIT,444.9,Stage 2 (Uptrend),50.89,424.69,61015,63.96,0.75,False,2.71,322.0,-1.36,True,Near Discount,44.87,23.29,False,Decreasing,0.0898,False,False,False,15.84,451.05,False,620.5,364.15,452.2,441.15,492.32,449.27,457.47,435.19,435.44,580.0,350.0,415.0,361.0,Sideways,Moderate,23.17,Triple Top,82,06-06-2025,25-07-2025,P1:06-06-2025@477.7 ; P2:04-07-2025@474.85 ; P3:25-07-2025@466.55,Double Top(78) | Diamond Top(72),Triple Top(82) | Double Top(78) | Diamond Top(72),25365431,Automobiles & Auto Parts
2025-08-26,RPGLIFE,2301.6,Stage 2 (Uptrend),50.09,2276.16,11701,55.17,0.82,False,2.69,323.0,-2.52,True,Near Premium,44.37,22.63,False,Increasing,0.0711,True,False,False,13.11,2361.0,False,2828.55,1398.1,2361.0,2290.0,2113.32,2320.51,2419.16,2290.85,2261.58,2974.95,1835.0,674.0,312.0,Sideways,Weak,46.06,Head and Shoulders,84,03-01-2025,21-03-2025,LS:03-01-2025@2337.5 ; H:07-02-2025@2496.2 ; RS:21-03-2025@2333.7,Rounding Top(71) | Ascending Channel(69),Head and Shoulders(84) | Rounding Top(71) | Ascending Channel(69),2566858,Pharmaceuticals
2025-08-26,ARROWGREEN,622.6,Stage 1/3 (Neutral),47.49,619.74,43252,63.47,0.49,False,2.69,323.0,2.38,False,Near Discount,44.42,43.35,False,Decreasing,0.522,False,False,False,28.26,608.1,False,1085.85,490.95,628.25,600.0,788.4,684.72,663.31,639.16,687.44,1099.0,486.65,482.0,575.0,Downtrend,Strong,94.54,Symmetrical Triangle,74,06-06-2025,15-08-2025,H1:06-06-2025@659.8 ; H2:25-07-2025@759.6 ; L1:04-07-2025@618.95 ; L2:15-08-2025@550.2,Rounding Top(59),Symmetrical Triangle(74) | Rounding Top(59),2731612,Containers & Packaging
2025-08-26,AARON,217.65,Stage 2 (Uptrend),50.66,209.84,123144,39.93,2.09,True,2.68,325.0,-12.94,True,Near Premium,40.77,18.04,False,Increasing,0.1717,False,False,False,19.69,250.0,True,259.33,140.42,250.0,214.2,199.88,243.0,226.03,215.44,202.79,265.56,139.47,305.0,70.0,Sideways,Moderate,68.5,Diamond Bottom,83,20-12-2024,15-08-2025,H1:07-03-2025@197.08 ; H2:23-05-2025@223.42 ; H3:15-08-2025@253.53 ; L1:20-12-2024@193.22 ; L2:21-02-2025@180.92 ; L3:27-06-2025@200.22,Broadening Formation(75),Diamond Bottom(83) | Broadening Formation(75),2585124,"Machinery, Equipment & Components"
2025-08-26,SHOPERSTOP,539.0,Stage 1/3 (Neutral),50.61,519.66,49573,66.44,1.36,False,2.67,326.0,-0.19,False,Near Discount,55.61,42.87,False,Increasing,0.0796,False,True,True,18.64,540.0,False,914.05,480.8,545.0,530.15,697.42,527.76,521.85,518.58,550.77,943.4,467.15,458.0,142.0,Sideways,Moderate,24.44,Ascending Triangle,88,16-05-2025,15-08-2025,H1:16-05-2025@522.4 ; H2:18-07-2025@555.35 ; L1:20-06-2025@485.1 ; L2:15-08-2025@511.25,Cup and Handle(87),Ascending Triangle(88) | Cup and Handle(87),8059896,Diversified Retail
2025-08-26,HONDAPOWER,2798.2,Stage 2 (Uptrend),51.9,2498.19,9456,48.5,0.48,False,2.65,327.0,-2.5,True,Near Discount,43.33,37.82,False,Decreasing,0.1456,False,False,False,17.35,2870.0,False,4346.85,1878.05,2875.1,2782.1,3112.45,2895.78,2919.35,2672.11,2654.75,4500.0,1815.0,696.0,590.0,Sideways,Moderate,42.75,Cup and Handle,79,21-05-2025,13-08-2025,RimL:21-05-2025@3073.6 ; Btm:23-06-2025@2712.6 ; RimR:10-07-2025@3118.3 ; Hdl:13-08-2025@2782.8,Broadening Formation(68),Cup and Handle(79) | Broadening Formation(68),2382176,"Machinery, Equipment & Components"
2025-08-26,MPSLTD,2150.9,Stage 4 (Downtrend),41.75,2516.67,12199,47.68,0.49,False,2.62,328.0,-1.43,False,Equilibrium,36.99,30.14,False,Decreasing,0.1375,False,False,False,26.34,2182.0,False,2915.2,1610.25,2200.5,2140.0,2262.72,2252.68,2489.71,2490.18,2414.64,3079.0,1754.2,669.0,575.0,Downtrend,Strong,44.73,Broadening Formation,68,28-03-2025,15-08-2025,H1:28-03-2025@2848.7 ; H2:11-07-2025@2831.7 ; L1:11-04-2025@2284.1 ; L2:15-08-2025@2125.0,,Broadening Formation(68),1802821,Media & Publishing
2025-08-26,KDDL,2398.1,Stage 4 (Downtrend),41.26,2719.49,10873,59.44,0.66,False,2.61,329.0,-0.74,False,Near Discount,31.9,37.14,False,Decreasing,0.1407,False,False,False,17.61,2415.9,True,3586.1,2128.75,2435.0,2384.1,2857.42,2580.38,2698.7,2707.73,2742.66,3815.25,2050.0,683.0,417.0,Sideways,Moderate,28.54,Broadening Formation,71,14-03-2025,25-07-2025,H1:18-04-2025@2917.0 ; H2:25-07-2025@2871.9 ; L1:14-03-2025@2897.05 ; L2:13-06-2025@2493.9,,Broadening Formation(71),606038,Textiles & Apparel
2025-08-26,TBZ,189.61,Stage 1/3 (Neutral),47.96,189.34,137783,49.33,0.22,False,2.61,329.0,-0.41,False,Near Discount,46.66,47.38,False,Decreasing,0.1619,False,False,False,14.33,190.4,False,327.6,97.7,192.2,187.55,212.65,193.02,191.98,194.46,203.27,360.36,155.99,281.0,784.0,Sideways,Weak,51.6,Triple Bottom,90,30-05-2025,08-08-2025,P1:30-05-2025@188.42 ; P2:27-06-2025@185.58 ; P3:08-08-2025@187.84,,Triple Bottom(90),55600445,Specialty Retailers
2025-08-26,CYBERTECH,160.35,Stage 1/3 (Neutral),47.7,159.79,161998,38.74,2.99,True,2.6,331.0,-0.4,False,Near Discount,51.88,45.27,False,Increasing,0.1547,False,False,True,19.69,161.0,False,288.1,137.3,169.5,158.52,212.7,154.06,161.19,158.04,177.21,293.0,125.12,259.0,45.0,Sideways,Moderate,61.83,Symmetrical Triangle,78,06-06-2025,08-08-2025,H1:06-06-2025@181.55 ; H2:18-07-2025@175.69 ; L1:27-06-2025@159.74 ; L2:08-08-2025@145.63,,Symmetrical Triangle(78),34444108,Software & IT Services
2025-08-26,LGBBROSLTD,1296.9,Stage 1/3 (Neutral),53.72,1253.97,20072,69.67,0.94,False,2.6,331.0,-0.85,True,Equilibrium,56.95,17.65,False,Decreasing,0.0778,False,True,True,26.18,1308.0,False,1500.7,1104.7,1320.0,1280.7,1302.7,1264.0,1274.01,1261.81,1264.48,1574.8,1081.0,609.0,256.0,Uptrend,Strong,24.72,Inverse Head and Shoulders,84,14-03-2025,02-05-2025,LS:14-03-2025@1185.9 ; H:11-04-2025@1115.6 ; RS:02-05-2025@1213.8,Triple Bottom(82) | Double Bottom(78) | Rising Wedge(77) | Rounding Top(71) | Ascending Channel(69),Inverse Head and Shoulders(84) | Triple Bottom(82) | Double Bottom(78) | Rising Wedge(77) | Rounding Top(71) | Ascending Channel(69),2072848,"Machinery, Equipment & Components"
2025-08-26,NOCIL,179.32,Stage 4 (Downtrend),43.42,186.26,144707,57.48,0.61,False,2.59,333.0,-0.92,False,Near Discount,45.36,41.5,False,Decreasing,0.0972,False,False,True,17.76,180.99,False,330.55,165.67,181.42,178.15,248.11,178.98,186.3,186.15,208.12,306.55,158.1,276.0,459.0,Sideways,Moderate,24.11,Symmetrical Triangle,74,06-06-2025,15-08-2025,H1:06-06-2025@200.09 ; H2:04-07-2025@200.42 ; L1:20-06-2025@183.23 ; L2:15-08-2025@173.77,Double Top(66) | Rounding Top(59),Symmetrical Triangle(74) | Double Top(66) | Rounding Top(59),31689880,Chemicals
2025-08-26,KSL,850.5,Stage 1/3 (Neutral),49.82,814.67,30329,42.12,0.59,False,2.58,334.0,0.21,False,Near Discount,40.41,33.4,False,Increasing,0.09,False,False,False,17.95,848.75,False,1249.1,689.2,855.25,839.9,969.15,879.78,900.83,836.36,864.97,1277.0,666.5,538.0,478.0,Sideways,Moderate,29.75,Ascending Channel,69,11-04-2025,08-08-2025,UL1:18-04-2025@766.45 ; UL2:16-05-2025@812.9 ; UL3:04-07-2025@959.55 ; UL4:08-08-2025@896.2 ; LL1:11-04-2025@729.3 ; LL2:02-05-2025@697.4 ; LL3:13-06-2025@791.5 ; LL4:01-08-2025@863.15,,Ascending Channel(69),11071297,Metals & Mining
2025-08-26,INSECTICID,819.4,Stage 2 (Uptrend),48.29,772.47,31349,44.1,0.25,False,2.57,335.0,-1.61,True,Equilibrium,32.17,25.37,False,Decreasing,0.4016,False,False,False,33.34,832.8,False,1072.35,506.4,838.8,810.0,789.38,950.04,960.34,850.59,756.5,1098.0,542.55,532.0,766.0,Downtrend,Strong,56.18,Long-term Rounding Bottom,75,21-08-2024,26-08-2025,Start:21-08-2024@928.05 ; Q1:22-11-2024@706.2 ; Mid:20-02-2025@587.2 ; Q3:29-05-2025@861.15 ; End:26-08-2025@819.4,Broadening Formation(68),Long-term Rounding Bottom(75) | Broadening Formation(68),5621559,Chemicals
2025-08-26,TCI,1121.9,Stage 2 (Uptrend),49.57,1104.06,22820,66.73,1.24,False,2.56,336.0,-2.48,True,Near Premium,36.52,14.29,False,Increasing,0.0695,False,False,False,16.38,1150.4,False,1267.2,820.35,1154.3,1100.2,1043.78,1156.6,1166.59,1138.26,1107.71,1309.0,876.0,588.0,165.0,Sideways,Moderate,16.56,Inverse Head and Shoulders,88,24-01-2025,02-05-2025,LS:24-01-2025@1011.65 ; H:28-02-2025@901.9 ; RS:02-05-2025@1038.2,Broadening Formation(68),Inverse Head and Shoulders(88) | Broadening Formation(68),3800936,Freight & Logistics Services
2025-08-26,SPANDANA,247.1,Stage 4 (Downtrend),39.74,271.52,103607,47.23,0.59,False,2.56,336.0,-1.12,False,Near Discount,40.23,61.17,False,Decreasing,0.1477,False,False,False,27.42,249.9,False,786.6,227.66,251.55,245.25,507.13,251.02,270.85,274.18,302.23,636.3,193.0,332.0,478.0,Downtrend,Strong,31.61,Flag Pattern (Bull Flag),84,17-12-2024,28-01-2025,PoleS:17-12-2024@363.75 ; PoleE:08-01-2025@476.35 ; Consol:28-01-2025@310.05,Symmetrical Triangle(74) | Rounding Top(59),Flag Pattern (Bull Flag)(84) | Symmetrical Triangle(74) | Rounding Top(59),-16060530,Banking Services
2025-08-26,FMGOETZE,521.35,Stage 2 (Uptrend),59.1,432.88,48880,67.32,0.63,False,2.55,338.0,-0.7,True,Near Premium,42.35,16.18,False,Decreasing,0.1591,False,False,False,19.76,525.0,False,596.0,316.6,527.3,516.8,456.3,540.28,551.99,466.55,421.65,622.0,308.0,459.0,444.0,Sideways,Moderate,36.35,Double Bottom,82,28-03-2025,02-05-2025,P1:28-03-2025@324.15 ; P2:02-05-2025@329.15,Rounding Top(79) | Broadening Formation(68),Double Bottom(82) | Rounding Top(79) | Broadening Formation(68),11780248,Automobiles & Auto Parts
2025-08-26,KITEX,178.49,Stage 4 (Downtrend),39.29,228.24,142017,100.0,0.13,False,2.53,339.0,0.0,False,Equilibrium,35.86,44.98,False,Decreasing,0.4528,False,False,False,30.09,178.49,False,308.98,66.57,178.49,178.49,187.78,194.82,241.67,249.46,234.58,324.42,117.22,279.0,836.0,Downtrend,Strong,71.05,Rounding Top,71,18-03-2025,26-08-2025,Start:18-03-2025@167.87 ; Q1:30-04-2025@242.21 ; Mid:10-06-2025@287.9 ; Q3:17-07-2025@286.15 ; End:26-08-2025@178.49,Broadening Formation(68),Rounding Top(71) | Broadening Formation(68),84476383,Textiles & Apparel
2025-08-26,NSIL,6702.0,Stage 2 (Uptrend),49.9,6552.7,3767,56.97,0.78,False,2.52,340.0,0.31,False,Near Premium,41.46,32.81,False,Increasing,0.0414,True,False,False,14.94,6681.0,False,9422.5,3155.25,6800.0,6664.0,6288.88,6722.6,6911.57,6932.82,6878.1,9974.0,4405.85,791.0,342.0,Sideways,Weak,16.35,Double Bottom,78,20-06-2025,01-08-2025,P1:20-06-2025@6664.5 ; P2:01-08-2025@6544.0,Symmetrical Triangle(74),Double Bottom(78) | Symmetrical Triangle(74),1485313,Banking Services
2025-08-26,KIRLOSIND,3741.9,Stage 1/3 (Neutral),46.35,3629.07,6694,49.28,0.81,False,2.5,341.0,-1.52,False,Near Discount,31.16,38.81,False,Decreasing,0.1869,False,False,False,22.12,3799.8,False,6350.6,2864.0,3801.8,3715.2,4607.3,4038.42,4091.23,3734.3,3912.59,6115.35,2810.8,735.0,320.0,Sideways,Moderate,23.62,Ascending Triangle,88,06-06-2025,18-07-2025,H1:06-06-2025@3861.9 ; H2:18-07-2025@4436.8 ; L1:20-06-2025@3546.9 ; L2:11-07-2025@4129.9,Rounding Top(59),Ascending Triangle(88) | Rounding Top(59),322419,Metals & Mining
2025-08-26,GAEL,102.4,Stage 4 (Downtrend),40.47,111.33,238642,60.18,0.63,False,2.44,342.0,-1.35,False,Discount,38.36,32.59,False,Decreasing,0.0904,False,False,False,15.59,103.8,False,153.37,101.18,104.59,102.26,127.28,105.29,108.93,113.29,115.46,151.91,98.72,204.0,444.0,Sideways,Moderate,22.73,Inverse Head and Shoulders,92,24-01-2025,09-05-2025,LS:24-01-2025@113.66 ; H:14-03-2025@101.7 ; RS:09-05-2025@110.63,,Inverse Head and Shoulders(92),69133592,Food & Tobacco
2025-08-26,MCLEODRUSS,37.98,Stage 1/3 (Neutral),54.76,35.08,630413,44.58,1.24,False,2.39,343.0,1.96,True,Equilibrium,53.31,26.72,False,Increasing,0.1214,False,True,True,14.81,37.25,False,51.83,21.55,39.5,36.76,36.69,37.54,36.46,35.35,36.72,51.83,24.11,118.0,165.0,Sideways,Weak,38.36,No Clear Pattern,0,,,,,No Clear Pattern,77868534,Food & Tobacco
2025-08-26,MHRIL,350.55,Stage 2 (Uptrend),51.41,332.93,68166,67.04,1.1,False,2.39,343.0,-2.62,True,Near Discount,43.04,20.9,False,Increasing,0.0439,True,False,False,14.78,360.0,False,484.4,284.95,360.35,349.1,384.67,356.5,351.5,342.06,341.59,443.15,259.0,397.0,197.0,Sideways,Weak,15.48,Cup and Handle,79,26-05-2025,07-08-2025,RimL:26-05-2025@373.25 ; Btm:23-06-2025@328.25 ; RimR:24-07-2025@368.65 ; Hdl:07-08-2025@350.4,Double Top(78) | Rising Wedge(77),Cup and Handle(79) | Double Top(78) | Rising Wedge(77),9049210,Hotels & Entertainment Services
2025-08-26,ELECTHERM,861.7,Stage 4 (Downtrend),43.4,962.69,27777,57.62,0.87,False,2.39,343.0,0.0,False,Near Discount,46.92,40.78,False,Decreasing,0.3877,False,False,True,29.5,861.7,False,1434.55,636.45,861.7,831.2,1035.5,836.18,1012.85,1045.68,1009.86,1455.0,673.35,553.0,292.0,Downtrend,Strong,54.78,Triple Top,70,02-05-2025,18-07-2025,P1:02-05-2025@1189.4 ; P2:13-06-2025@1206.5 ; P3:18-07-2025@1174.7,Rounding Top(59),Triple Top(70) | Rounding Top(59),733172,Metals & Mining
2025-08-26,BIRLAMONEY,179.93,Stage 1/3 (Neutral),52.73,167.58,132427,53.49,1.0,False,2.38,346.0,-1.08,False,Near Discount,56.28,40.76,False,Decreasing,0.1048,False,True,True,19.55,181.9,False,294.76,122.35,184.68,178.25,208.56,173.26,179.48,171.98,180.28,303.72,129.16,288.0,230.0,Sideways,Moderate,32.05,Cup and Handle,79,05-06-2025,18-08-2025,RimL:05-06-2025@207.75 ; Btm:20-06-2025@172.57 ; RimR:08-07-2025@197.86 ; Hdl:18-08-2025@168.94,Double Top(78) | Rounding Top(71) | Ascending Channel(69),Cup and Handle(79) | Double Top(78) | Rounding Top(71) | Ascending Channel(69),26416551,Investment Banking & Investment Services
2025-08-26,MAITHANALL,1060.9,Stage 2 (Uptrend),49.01,1022.4,22408,62.8,0.87,False,2.38,346.0,-1.05,True,Equilibrium,36.5,16.07,False,Decreasing,0.073,True,False,False,17.65,1072.2,False,1263.05,850.1,1091.4,1052.7,1056.58,1083.82,1136.0,1072.88,1044.09,1264.0,835.25,590.0,292.0,Sideways,Moderate,21.0,Rising Wedge,85,28-02-2025,15-08-2025,UL1:07-03-2025@966.7 ; UL2:25-04-2025@964.2 ; UL3:27-06-2025@1224.0 ; UL4:15-08-2025@1105.4 ; LL1:28-02-2025@869.1 ; LL2:11-04-2025@871.0 ; LL3:09-05-2025@921.9 ; LL4:08-08-2025@1056.0,Long-term Cup and Handle(83) | Rounding Top(79) | Long-term Rounding Bottom(75) | Ascending Channel(73),Rising Wedge(85) | Long-term Cup and Handle(83) | Rounding Top(79) | Long-term Rounding Bottom(75) | Ascending Channel(73),2013019,Metals & Mining
2025-08-26,AWHCL,578.6,Stage 1/3 (Neutral),45.57,575.88,40610,41.18,0.5,False,2.35,348.0,-1.51,False,Near Discount,39.91,32.67,False,Decreasing,0.0678,True,False,False,12.85,587.5,False,881.1,410.25,594.35,576.0,645.67,597.66,626.14,592.99,597.57,859.4,459.7,493.0,564.0,Sideways,Weak,35.01,Broadening Formation,68,20-12-2024,04-07-2025,H1:20-12-2024@637.35 ; H2:04-07-2025@674.55 ; L1:24-01-2025@588.9 ; L2:20-06-2025@611.7,Rounding Top(59),Broadening Formation(68) | Rounding Top(59),28229155,Professional & Commercial Services
2025-08-26,NIITLTD,110.32,Stage 4 (Downtrend),37.7,124.94,212884,57.0,0.49,False,2.35,348.0,-1.78,False,Near Discount,35.82,52.81,False,Decreasing,0.1225,False,False,False,15.67,112.32,False,227.98,95.1,112.32,109.5,161.54,114.48,121.89,127.05,145.37,233.8,103.4,218.0,575.0,Sideways,Moderate,35.93,No Clear Pattern,0,,,,,No Clear Pattern,180800113,Professional & Commercial Services
2025-08-26,JINDWORLD,34.98,Stage 4 (Downtrend),20.29,59.23,670005,38.33,0.63,False,2.34,350.0,-2.21,False,Discount,26.5,69.04,False,Decreasing,0.2104,False,False,False,33.0,35.77,False,106.71,34.98,35.95,34.75,70.85,37.44,44.13,54.15,69.64,113.0,33.89,112.0,444.0,Downtrend,Strong,36.72,No Clear Pattern,0,,,,,No Clear Pattern,-40096467,Textiles & Apparel
2025-08-26,MOLDTKPAC,788.95,Stage 2 (Uptrend),69.53,612.04,29466,52.97,0.23,False,2.32,351.0,-1.52,True,Near Premium,53.59,11.64,False,Decreasing,0.0736,False,True,False,40.53,801.15,False,846.15,421.25,805.0,781.0,633.7,800.9,744.7,658.09,622.24,892.9,410.0,544.0,777.0,Uptrend,Strong,36.02,No Clear Pattern,0,,,,,No Clear Pattern,1198706,Containers & Packaging
2025-08-26,INGERRAND,3755.7,Stage 1/3 (Neutral),48.18,3702.71,6121,64.73,0.62,False,2.3,352.0,-1.77,False,Near Discount,48.09,19.99,False,Decreasing,0.1147,False,False,True,31.1,3823.3,False,4795.55,3145.45,3831.9,3737.0,3970.5,3721.95,3873.4,3821.12,3846.05,4694.0,3055.0,746.0,453.0,Downtrend,Strong,28.75,Broadening Formation,68,28-03-2025,15-08-2025,H1:28-03-2025@3576.95 ; H2:11-07-2025@4160.7 ; L1:04-04-2025@3474.7 ; L2:15-08-2025@3533.1,Double Top(66) | Rounding Top(59),Broadening Formation(68) | Double Top(66) | Rounding Top(59),-201996,"Machinery, Equipment & Components"
2025-08-26,SANDHAR,430.7,Stage 4 (Downtrend),44.23,437.41,52437,49.36,0.52,False,2.26,353.0,-2.95,False,Near Discount,38.62,33.82,False,Decreasing,0.2522,False,False,False,27.84,443.8,False,681.1,341.7,443.8,426.5,511.4,451.04,493.57,464.64,461.91,650.8,315.0,447.0,544.0,Downtrend,Strong,39.0,Broadening Formation,68,07-02-2025,15-08-2025,H1:07-02-2025@443.85 ; H2:20-06-2025@553.65 ; L1:14-03-2025@341.7 ; L2:15-08-2025@408.5,,Broadening Formation(68),11098756,Automobiles & Auto Parts
2025-08-26,ALLCARGO,11.28,Stage 4 (Downtrend),41.48,11.38,1983473,64.47,1.02,False,2.24,354.0,-2.58,False,Near Discount,35.84,56.84,False,Increasing,0.0998,False,False,False,15.51,11.58,True,25.13,9.56,11.65,11.21,17.35,12.07,12.18,11.51,13.38,26.14,9.26,43.0,223.0,Sideways,Moderate,30.12,No Clear Pattern,0,,,,,No Clear Pattern,176040498,Freight & Logistics Services
2025-08-26,DBCORP,266.45,Stage 1/3 (Neutral),50.93,248.62,83760,57.55,1.25,False,2.23,355.0,0.11,True,Near Discount,43.71,29.79,False,Increasing,0.0344,True,False,False,22.87,266.15,False,394.2,197.15,268.65,264.35,295.68,269.04,272.67,259.17,264.56,379.5,189.05,365.0,163.0,Sideways,Moderate,15.36,Rounding Top,71,03-06-2025,26-08-2025,Start:03-06-2025@254.65 ; Q1:24-06-2025@272.35 ; Mid:15-07-2025@272.2 ; Q3:05-08-2025@270.55 ; End:26-08-2025@266.45,Ascending Channel(69),Rounding Top(71) | Ascending Channel(69),5433858,Media & Publishing
2025-08-26,ASALCBR,1043.6,Stage 4 (Downtrend),45.34,1158.84,21413,40.26,0.56,False,2.23,355.0,0.71,False,Near Premium,45.06,30.24,False,Decreasing,0.0631,True,False,True,16.11,1036.2,False,1456.2,526.95,1065.0,1032.1,991.58,1041.4,1093.68,1116.24,1129.8,1496.0,799.0,599.0,499.0,Sideways,Moderate,31.21,No Clear Pattern,0,,,,,No Clear Pattern,4410472,Beverages
2025-08-26,DOLLAR,356.4,Stage 4 (Downtrend),37.24,387.11,62189,60.2,0.56,False,2.22,357.0,-3.41,False,Discount,35.56,37.67,False,Decreasing,0.0774,False,False,False,24.8,369.0,False,577.95,353.65,369.0,355.1,465.8,368.9,378.73,385.73,418.76,571.8,349.95,411.0,499.0,Sideways,Moderate,26.48,Cup and Handle,87,11-06-2025,11-08-2025,RimL:11-06-2025@409.25 ; Btm:23-06-2025@363.3 ; RimR:15-07-2025@408.8 ; Hdl:11-08-2025@353.65,Triple Top(70) | Double Top(66),Cup and Handle(87) | Triple Top(70) | Double Top(66),1454285,Textiles & Apparel
2025-08-26,ORISSAMINE,4842.2,Stage 4 (Downtrend),43.01,5110.15,4586,37.35,0.53,False,2.22,357.0,-0.47,False,Near Discount,47.22,50.19,False,Decreasing,0.0808,False,False,False,17.45,4865.0,False,9362.5,4483.0,4907.9,4827.7,6922.75,4864.42,4872.35,4993.01,5763.58,9721.05,4310.0,774.0,532.0,Sideways,Moderate,21.02,Double Bottom,86,11-07-2025,08-08-2025,P1:11-07-2025@4693.9 ; P2:08-08-2025@4720.3,,Double Bottom(86),1499753,Metals & Mining
2025-08-26,GEOJITFSL,72.1,Stage 4 (Downtrend),39.35,77.46,306372,47.25,0.85,False,2.21,359.0,-1.44,False,Near Discount,37.58,59.27,False,Decreasing,0.0585,True,False,False,33.57,73.15,False,170.58,61.26,73.79,71.56,115.92,73.21,77.97,79.05,89.11,177.0,60.73,182.0,300.0,Downtrend,Strong,21.09,Broadening Formation,68,07-03-2025,08-08-2025,H1:07-03-2025@78.86 ; H2:27-06-2025@86.18 ; L1:11-04-2025@70.33 ; L2:08-08-2025@71.81,Double Top(66) | Rounding Top(59),Broadening Formation(68) | Double Top(66) | Rounding Top(59),108772917,Investment Banking & Investment Services
2025-08-26,SOTL,402.3,Stage 4 (Downtrend),44.96,402.5,54363,55.74,0.95,False,2.19,360.0,-1.54,False,Near Discount,44.12,36.54,False,Increasing,0.0574,True,False,False,29.72,408.6,False,642.15,354.7,408.6,401.0,498.42,407.39,414.72,403.74,441.18,633.9,343.25,440.0,251.0,Downtrend,Strong,32.19,Rising Wedge,65,11-04-2025,08-08-2025,UL1:18-04-2025@386.75 ; UL2:06-06-2025@424.3 ; UL3:04-07-2025@444.7 ; UL4:08-08-2025@414.15 ; LL1:11-04-2025@367.2 ; LL2:09-05-2025@354.7 ; LL3:20-06-2025@414.4 ; LL4:01-08-2025@400.9,Diamond Top(60) | Rounding Top(59),Rising Wedge(65) | Diamond Top(60) | Rounding Top(59),5205275,Oil & Gas
2025-08-26,NITCO,122.29,Stage 4 (Downtrend),46.95,125.85,178914,52.65,0.79,False,2.19,360.0,-1.68,False,Near Premium,39.52,25.41,False,Decreasing,0.1117,False,False,False,17.82,124.38,False,160.95,65.05,125.7,120.42,113.0,127.09,136.43,132.19,127.27,163.95,75.51,246.0,336.0,Sideways,Moderate,45.69,Symmetrical Triangle,74,20-06-2025,15-08-2025,H1:04-07-2025@154.28 ; H2:15-08-2025@127.37 ; L1:20-06-2025@130.51 ; L2:08-08-2025@122.09,Diamond Top(72) | Rounding Top(71),Symmetrical Triangle(74) | Diamond Top(72) | Rounding Top(71),29790925,Homebuilding & Construction Supplies
2025-08-26,PRECAM,174.07,Stage 4 (Downtrend),42.41,186.67,124284,47.22,0.83,False,2.16,362.0,-3.14,False,Near Discount,39.44,54.53,False,Decreasing,0.11,False,False,False,19.93,179.72,False,365.75,151.39,179.72,172.5,258.57,177.21,193.48,186.25,233.05,382.8,145.0,303.0,305.0,Sideways,Moderate,36.1,Broadening Formation,68,21-03-2025,15-08-2025,H1:21-03-2025@181.35 ; H2:04-07-2025@213.56 ; L1:11-04-2025@153.82 ; L2:15-08-2025@168.46,,Broadening Formation(68),57154086,Automobiles & Auto Parts
2025-08-26,VAKRANGEE,8.63,Stage 4 (Downtrend),33.4,10.77,2476946,60.44,1.68,False,2.14,363.0,-2.82,False,Discount,39.98,77.41,False,Increasing,0.1178,False,False,False,34.76,8.88,False,37.22,8.57,9.0,8.48,22.9,8.93,9.46,9.79,16.39,38.2,8.25,35.0,96.0,Downtrend,Strong,40.85,Double Top,70,13-06-2025,04-07-2025,P1:13-06-2025@10.06 ; P2:04-07-2025@10.09,,Double Top(70),502443896,Software & IT Services
2025-08-26,SALASAR,7.58,Stage 4 (Downtrend),37.12,8.53,2819527,60.8,0.55,False,2.14,363.0,-1.56,False,Near Discount,54.05,67.44,False,Decreasing,0.1823,False,True,True,27.99,7.7,False,22.77,6.98,7.7,7.55,14.88,7.28,7.5,8.23,10.49,23.28,6.91,30.0,511.0,Downtrend,Strong,36.63,No Clear Pattern,0,,,,,No Clear Pattern,-221230781,Metals & Mining
2025-08-26,HINDOILEXP,164.07,Stage 4 (Downtrend),43.3,175.17,129077,58.36,0.49,False,2.12,365.0,-1.75,False,Near Discount,47.35,40.12,False,Decreasing,0.0911,False,False,True,15.09,167.0,False,285.8,158.21,167.0,163.22,222.0,163.63,166.97,172.56,181.47,274.0,147.84,297.0,575.0,Sideways,Moderate,21.85,Diamond Top,60,03-01-2025,08-08-2025,H1:03-01-2025@198.66 ; H2:25-04-2025@187.6 ; H3:18-07-2025@170.76 ; L1:14-03-2025@170.33 ; L2:09-05-2025@172.76 ; L3:08-08-2025@158.21,,Diamond Top(60),73612127,Oil & Gas
2025-08-26,ROSSARI,618.55,Stage 4 (Downtrend),39.23,665.14,33998,58.93,0.72,False,2.1,366.0,-1.21,False,Near Discount,29.69,36.41,False,Decreasing,0.1788,False,False,False,31.58,626.1,False,942.4,595.0,626.1,616.0,768.7,657.29,680.17,677.87,708.07,972.7,569.0,518.0,380.0,Downtrend,Strong,21.03,No Clear Pattern,0,,,,,No Clear Pattern,5209014,Chemicals
2025-08-26,APOLLOPIPE,399.85,Stage 1/3 (Neutral),45.99,397.53,52104,64.11,1.01,False,2.08,367.0,-0.04,False,Near Discount,46.64,41.07,False,Increasing,0.0922,False,False,True,16.2,400.0,False,688.75,322.65,402.65,396.15,505.7,397.45,415.91,415.57,420.54,678.5,312.8,448.0,229.0,Sideways,Moderate,29.27,Flag Pattern (Bear Flag),64,17-12-2024,28-01-2025,PoleS:17-12-2024@477.3 ; PoleE:08-01-2025@439.8 ; Consol:28-01-2025@415.8,Diamond Top(60) | Rounding Top(59),Flag Pattern (Bear Flag)(64) | Diamond Top(60) | Rounding Top(59),1817893,Homebuilding & Construction Supplies
2025-08-26,SPAL,712.3,Stage 4 (Downtrend),41.26,776.52,29133,57.05,0.49,False,2.08,367.0,-1.28,False,Near Discount,37.48,36.4,False,Decreasing,0.1847,False,False,False,13.58,721.5,False,1073.2,557.35,721.5,705.0,815.28,774.1,808.54,804.39,821.19,1120.0,628.0,545.0,575.0,Sideways,Weak,65.01,No Clear Pattern,0,,,,,No Clear Pattern,3648867,Textiles & Apparel
2025-08-26,SARLAPOLY,103.21,Stage 2 (Uptrend),49.03,98.93,200393,58.02,1.93,False,2.07,369.0,-1.56,True,Equilibrium,39.94,21.99,False,Increasing,0.1569,False,False,False,17.72,104.85,False,127.83,70.25,105.43,101.64,99.04,108.75,112.35,107.58,100.05,132.3,68.7,229.0,80.0,Sideways,Moderate,42.21,Double Top,90,06-06-2025,04-07-2025,P1:06-06-2025@117.96 ; P2:04-07-2025@120.02,Rounding Top(83) | Symmetrical Triangle(78),Double Top(90) | Rounding Top(83) | Symmetrical Triangle(78),39043441,Textiles & Apparel
2025-08-26,INFOBEAN,162.64,Stage 2 (Uptrend),73.85,101.47,127327,53.53,0.78,False,2.07,369.0,-8.34,True,Near Premium,58.33,13.28,False,Decreasing,0.3103,False,True,True,50.18,177.45,False,176.93,72.13,178.02,161.24,124.53,156.71,125.96,106.56,102.7,187.55,69.73,300.0,342.0,Uptrend,Strong,78.57,Long-term Rounding Bottom,75,21-08-2024,26-08-2025,Start:21-08-2024@109.12 ; Q1:22-11-2024@110.49 ; Mid:20-02-2025@88.04 ; Q3:29-05-2025@92.53 ; End:26-08-2025@162.64,,Long-term Rounding Bottom(75),5838906,Software & IT Services
2025-08-26,VADILALIND,4932.5,Stage 1/3 (Neutral),46.43,5232.85,4193,49.37,0.57,False,2.07,369.0,0.01,True,Near Discount,41.12,33.33,False,Decreasing,0.1312,False,False,False,21.32,4932.0,False,7346.5,3455.7,5043.0,4876.0,5401.1,5050.48,5277.08,5671.32,4830.41,7398.5,3414.05,781.0,493.0,Sideways,Moderate,29.56,Double Top,86,27-06-2025,25-07-2025,P1:27-06-2025@5563.5 ; P2:25-07-2025@5491.5,Descending Channel(77) | Diamond Bottom(76) | Broadening Formation(68),Double Top(86) | Descending Channel(77) | Diamond Bottom(76) | Broadening Formation(68),514805,Food & Tobacco
2025-08-26,ADSL,157.35,Stage 4 (Downtrend),36.95,189.92,131702,59.12,0.38,False,2.07,369.0,-1.32,False,Discount,38.35,50.81,False,Decreasing,0.1307,False,False,False,15.51,159.45,False,309.35,155.72,160.04,156.16,232.54,161.98,172.62,182.83,209.62,319.9,147.61,291.0,670.0,Sideways,Moderate,50.35,Flag Pattern (Bear Flag),64,17-12-2024,28-01-2025,PoleS:17-12-2024@254.0 ; PoleE:08-01-2025@229.12 ; Consol:28-01-2025@219.97,,Flag Pattern (Bear Flag)(64),91112679,Software & IT Services
2025-08-26,SADBHAV,15.59,Stage 1/3 (Neutral),51.8,13.47,1303168,41.41,2.14,True,2.03,373.0,-5.05,False,Near Discount,62.59,59.72,False,Increasing,0.5556,False,True,True,32.04,16.42,False,37.48,10.54,16.42,15.59,24.01,13.35,13.04,13.17,17.35,38.7,10.54,67.0,67.0,Uptrend,Strong,74.1,Rounding Bottom,83,13-05-2025,26-08-2025,Start:13-05-2025@12.66 ; Q1:06-06-2025@14.16 ; Mid:03-07-2025@12.51 ; Q3:30-07-2025@12.01 ; End:26-08-2025@15.59,Symmetrical Triangle(78),Rounding Bottom(83) | Symmetrical Triangle(78),11266337,Construction & Engineering
2025-04-21,RBL,745.05,Stage 4 (Downtrend),41.99,863.36,27055,44.41,1.24,False,2.02,374.0,-0.39,False,Near Discount,58.12,45.62,False,Decreasing,0.1272,False,True,True,18.91,748.0,False,1335.25,651.45,762.45,735.0,993.35,709.83,708.61,814.74,940.96,1370.0,645.0,557.0,165.0,Sideways,Moderate,40.81,No Clear Pattern,0,,,,,No Clear Pattern,1901297,NO DATA
2025-08-26,RGL,112.66,Stage 4 (Downtrend),43.64,122.21,176743,36.63,0.34,False,1.99,375.0,-3.3,False,Near Discount,49.34,45.68,False,Decreasing,0.1478,False,False,True,20.2,116.5,False,201.4,89.3,116.5,109.42,145.35,111.28,115.81,119.03,140.47,207.4,99.3,248.0,702.0,Sideways,Moderate,58.33,No Clear Pattern,0,,,,,No Clear Pattern,40796147,Textiles & Apparel
2025-08-26,PREMIERPOL,50.05,Stage 4 (Downtrend),42.35,57.01,394919,23.94,3.56,True,1.98,376.0,-0.4,False,Near Discount,50.74,41.24,False,Increasing,0.1262,False,False,True,14.49,50.25,False,85.16,36.19,53.4,49.25,60.68,49.07,50.91,54.33,60.15,85.17,41.89,157.0,31.0,Sideways,Weak,47.94,Broadening Formation,72,14-03-2025,15-08-2025,H1:21-03-2025@65.38 ; H2:18-07-2025@54.64 ; L1:14-03-2025@61.42 ; L2:15-08-2025@47.89,Diamond Top(64) | Long-term Rounding Top(63) | Descending Channel(61),Broadening Formation(72) | Diamond Top(64) | Long-term Rounding Top(63) | Descending Channel(61),9287640,Homebuilding & Construction Supplies
2025-08-26,HATSUN,883.6,Stage 4 (Downtrend),40.09,931.63,21990,55.56,0.84,False,1.94,377.0,-1.71,False,Discount,38.38,34.35,False,Decreasing,0.0481,True,False,False,14.78,899.0,False,1341.95,868.0,909.0,877.0,1104.97,898.08,929.62,928.66,966.13,1346.0,859.55,593.0,303.0,Sideways,Weak,17.72,Cup and Handle,87,25-03-2025,13-08-2025,RimL:25-03-2025@989.6 ; Btm:06-05-2025@869.0 ; RimR:04-06-2025@993.35 ; Hdl:13-08-2025@879.7,Broadening Formation(68) | Rounding Top(59),Cup and Handle(87) | Broadening Formation(68) | Rounding Top(59),5030732,Food & Tobacco
2025-08-26,ATULAUTO,429.5,Stage 4 (Downtrend),40.1,463.42,45224,52.23,0.79,False,1.94,377.0,-2.74,False,Near Discount,40.06,40.68,False,Decreasing,0.0877,False,False,False,14.85,441.6,False,799.7,414.85,443.95,425.0,607.28,441.3,449.37,465.77,496.86,724.0,412.65,472.0,336.0,Sideways,Weak,24.57,Cup and Handle,87,11-06-2025,11-08-2025,RimL:11-06-2025@491.75 ; Btm:19-06-2025@439.45 ; RimR:17-07-2025@471.7 ; Hdl:11-08-2025@424.9,,Cup and Handle(87),16337270,Automobiles & Auto Parts
2025-08-26,PUNJABCHEM,1167.1,Stage 2 (Uptrend),51.22,1063.36,16580,29.53,0.07,False,1.94,377.0,-1.46,True,Equilibrium,35.97,29.95,False,Decreasing,0.3211,False,False,False,21.74,1184.4,False,1547.0,685.85,1195.7,1159.0,1116.42,1305.14,1264.32,1168.38,1049.05,1666.0,662.0,627.0,855.0,Sideways,Moderate,62.21,Rounding Top,79,01-07-2025,26-08-2025,Start:01-07-2025@1267.1 ; Q1:15-07-2025@1302.2 ; Mid:29-07-2025@1547.0 ; Q3:12-08-2025@1268.2 ; End:26-08-2025@1167.1,Long-term Rounding Bottom(75),Rounding Top(79) | Long-term Rounding Bottom(75),3104048,Chemicals
2025-08-26,GNA,303.05,Stage 4 (Downtrend),41.93,319.79,63486,57.97,1.34,False,1.92,380.0,-2.56,False,Near Discount,42.66,38.63,False,Increasing,0.0954,False,False,False,27.07,311.0,False,469.75,283.75,311.0,295.5,376.75,306.05,317.26,322.11,347.89,493.8,271.05,408.0,146.0,Downtrend,Strong,28.65,No Clear Pattern,0,,,,,No Clear Pattern,5724794,Automobiles & Auto Parts
2025-08-26,GANDHITUBE,832.95,Stage 2 (Uptrend),64.24,698.29,23019,55.52,0.53,False,1.92,380.0,-3.46,True,Near Premium,64.29,10.34,False,Decreasing,0.184,False,True,True,18.16,862.8,False,901.45,592.75,862.8,828.0,747.1,766.49,743.21,713.38,726.22,929.0,585.5,585.0,532.0,Sideways,Moderate,62.87,Ascending Channel,73,18-04-2025,08-08-2025,UL1:18-04-2025@682.3 ; UL2:06-06-2025@719.75 ; UL3:04-07-2025@733.0 ; UL4:01-08-2025@779.55 ; LL1:09-05-2025@627.45 ; LL2:20-06-2025@698.9 ; LL3:18-07-2025@730.7 ; LL4:08-08-2025@713.7,Broadening Formation(68),Ascending Channel(73) | Broadening Formation(68),1229462,Metals & Mining
2025-08-26,QUICKHEAL,300.75,Stage 4 (Downtrend),41.6,320.59,63695,37.42,0.44,False,1.92,380.0,-1.92,False,Near Discount,43.2,63.55,False,Decreasing,0.1672,False,False,False,22.87,306.65,False,811.7,255.65,308.2,300.0,533.68,301.02,340.75,319.46,409.17,825.0,245.0,407.0,623.0,Sideways,Moderate,39.18,Double Bottom,86,30-05-2025,15-08-2025,P1:30-05-2025@285.65 ; P2:15-08-2025@281.2,Broadening Formation(68) | Rounding Top(59),Double Bottom(86) | Broadening Formation(68) | Rounding Top(59),35667102,Software & IT Services
2025-08-26,GREENPANEL,270.7,Stage 1/3 (Neutral),47.8,264.72,70878,37.47,0.32,False,1.92,380.0,2.09,False,Near Discount,44.14,36.6,False,Increasing,0.2402,False,False,False,20.82,265.15,False,418.2,217.85,273.5,262.05,318.02,277.32,281.13,263.72,295.1,427.0,202.81,394.0,714.0,Sideways,Moderate,38.39,Rounding Top,59,17-06-2025,26-08-2025,Start:17-06-2025@268.0 ; Q1:03-07-2025@278.05 ; Mid:22-07-2025@291.75 ; Q3:07-08-2025@269.25 ; End:26-08-2025@270.7,,Rounding Top(59),19599331,Paper & Forest Products
2025-08-26,ZYDUSWELL,406.59,Stage 2 (Uptrend),56.78,373.41,47034,44.16,0.98,False,1.91,384.0,2.42,True,Equilibrium,52.36,13.61,False,Increasing,0.0846,False,False,True,14.82,396.97,False,484.4,310.18,411.11,394.44,397.29,402.07,407.26,388.37,379.2,470.67,301.66,465.0,236.0,Sideways,Weak,27.48,Broadening Formation,68,25-04-2025,15-08-2025,H1:25-04-2025@356.69 ; H2:25-07-2025@424.77 ; L1:09-05-2025@348.24 ; L2:15-08-2025@389.86,,Broadening Formation(68),1668134,Food & Tobacco
2025-08-26,SIS,366.95,Stage 2 (Uptrend),53.04,346.97,51226,75.9,0.56,False,1.88,385.0,0.26,True,Equilibrium,48.74,14.66,False,Decreasing,0.1015,False,False,False,21.1,366.0,False,457.9,290.25,368.5,361.0,374.08,368.83,371.69,357.83,352.3,430.0,287.9,451.0,499.0,Sideways,Moderate,16.83,Inverse Head and Shoulders,84,24-01-2025,09-05-2025,LS:24-01-2025@328.9 ; H:14-03-2025@299.5 ; RS:09-05-2025@325.65,Rounding Top(71) | Broadening Formation(68),Inverse Head and Shoulders(84) | Rounding Top(71) | Broadening Formation(68),2502421,Professional & Commercial Services
2025-08-26,RAJRATAN,318.9,Stage 4 (Downtrend),33.98,372.54,58540,55.98,0.94,False,1.87,386.0,-0.34,False,Near Discount,22.03,48.8,False,Decreasing,0.2878,False,False,False,38.96,320.0,False,621.95,282.25,324.15,317.15,452.1,345.04,386.76,388.14,412.56,622.85,260.0,425.0,256.0,Downtrend,Strong,19.89,Symmetrical Triangle,74,30-05-2025,04-07-2025,H1:06-06-2025@436.3 ; H2:04-07-2025@422.6 ; L1:30-05-2025@411.05 ; L2:20-06-2025@405.25,,Symmetrical Triangle(74),2901374,Metals & Mining
2025-08-26,SHILPAMED,404.33,Stage 2 (Uptrend),49.9,381.62,46221,,0.8,False,1.87,386.0,-3.91,True,Near Premium,37.22,18.33,False,Decreasing,0.1333,False,False,False,13.31,420.79,False,488.02,223.14,422.28,401.09,355.58,428.09,436.23,403.51,390.62,495.05,274.75,469.0,328.0,Sideways,Weak,40.21,Double Top,86,18-07-2025,15-08-2025,P1:18-07-2025@453.32 ; P2:15-08-2025@449.83,Diamond Bottom(76) | Long-term Rounding Bottom(75) | Broadening Formation(68),Double Top(86) | Diamond Bottom(76) | Long-term Rounding Bottom(75) | Broadening Formation(68),29508277,Pharmaceuticals
2025-08-26,RUPA,192.36,Stage 4 (Downtrend),40.56,202.27,96887,55.78,0.66,False,1.86,388.0,-2.36,False,Near Discount,35.14,46.86,False,Decreasing,0.1429,False,False,False,14.21,197.0,False,352.7,174.77,197.54,191.2,263.74,203.48,210.98,206.08,218.34,362.0,173.55,349.0,417.0,Sideways,Weak,40.91,Symmetrical Triangle,74,23-05-2025,18-07-2025,H1:23-05-2025@218.33 ; H2:18-07-2025@220.13 ; L1:20-06-2025@205.2 ; L2:11-07-2025@214.53,Double Top(66),Symmetrical Triangle(74) | Double Top(66),18832785,Textiles & Apparel
2025-08-26,WALCHANNAG,176.2,Stage 4 (Downtrend),40.47,196.41,104381,,1.53,False,1.84,389.0,-4.16,False,Near Discount,30.79,55.25,False,Increasing,0.1449,False,False,False,43.45,183.85,False,418.89,146.2,183.85,175.0,282.54,186.99,206.2,206.0,217.95,393.7,142.79,328.0,115.0,Downtrend,Strong,27.72,No Clear Pattern,0,,,,,No Clear Pattern,11453290,"Machinery, Equipment & Components"
2025-08-26,CANTABIL,258.45,Stage 1/3 (Neutral),50.37,258.29,70789,26.08,0.61,False,1.83,390.0,-0.4,False,Equilibrium,50.67,22.62,False,Decreasing,0.1152,False,False,True,22.13,259.5,False,329.85,189.9,263.05,254.4,259.88,255.46,263.83,254.63,259.44,334.0,211.01,395.0,459.0,Sideways,Moderate,29.68,Falling Wedge,77,07-02-2025,15-08-2025,UL1:07-02-2025@329.85 ; UL2:21-03-2025@270.3 ; UL3:06-06-2025@255.55 ; UL4:18-07-2025@282.5 ; LL1:28-02-2025@242.35 ; LL2:11-04-2025@245.45 ; LL3:09-05-2025@226.65 ; LL4:15-08-2025@242.15,Rounding Top(71),Falling Wedge(77) | Rounding Top(71),16368833,Textiles & Apparel
2025-08-26,20MICRONS,228.91,Stage 2 (Uptrend),50.04,216.61,79770,51.53,0.4,False,1.83,390.0,-1.99,True,Near Discount,44.15,34.22,False,Decreasing,0.1057,False,False,False,14.68,233.56,False,339.0,158.85,234.15,227.02,248.92,235.18,236.93,228.74,222.51,348.0,158.2,374.0,654.0,Sideways,Weak,55.56,Triple Bottom,82,20-06-2025,15-08-2025,P1:20-06-2025@224.0 ; P2:11-07-2025@223.66 ; P3:15-08-2025@228.65,Diamond Bottom(72) | Rounding Top(71) | Broadening Formation(68),Triple Bottom(82) | Diamond Bottom(72) | Rounding Top(71) | Broadening Formation(68),27942405,Chemicals
2025-08-26,MGEL,15.29,Stage 2 (Uptrend),51.07,14.78,1184458,52.41,1.33,False,1.81,392.0,-4.44,True,Near Premium,35.69,17.34,False,Increasing,0.1432,False,False,False,25.9,16.0,True,17.62,10.72,16.19,15.15,14.17,16.52,16.07,14.69,14.54,18.5,11.7,73.0,150.0,Uptrend,Strong,30.63,Inverse Head and Shoulders,91,11-04-2025,06-06-2025,LS:11-04-2025@13.06 ; H:09-05-2025@12.05 ; RS:06-06-2025@12.73,Broadening Formation(71),Inverse Head and Shoulders(91) | Broadening Formation(71),65819271,Food & Tobacco
2025-08-26,GRPLTD,2193.1,Stage 4 (Downtrend),37.89,2639.93,8252,29.76,0.78,False,1.81,392.0,-6.87,False,Near Discount,44.23,54.45,False,Decreasing,0.189,False,False,False,25.31,2355.0,False,4732.0,1999.2,2355.0,2143.5,3365.6,2194.94,2448.21,2667.4,2810.36,4815.15,1975.6,712.0,342.0,Downtrend,Strong,56.72,Double Top,66,04-04-2025,23-05-2025,P1:04-04-2025@2983.25 ; P2:23-05-2025@2993.3,,Double Top(66),92299,Automobiles & Auto Parts
2025-08-26,SASKEN,1406.3,Stage 4 (Downtrend),42.33,1507.33,12837,48.48,0.63,False,1.81,392.0,-1.73,False,Near Discount,37.77,41.4,False,Decreasing,0.0712,False,False,False,29.85,1431.0,True,2242.05,1296.45,1436.9,1395.0,1769.25,1469.03,1461.48,1473.88,1683.89,2399.8,1276.0,664.0,444.0,Downtrend,Strong,25.19,Triple Bottom,93,11-04-2025,20-06-2025,P1:11-04-2025@1387.25 ; P2:09-05-2025@1393.8 ; P3:20-06-2025@1395.4,,Triple Bottom(93),1385922,Software & IT Services
2025-08-26,HATHWAY,14.7,Stage 1/3 (Neutral),46.5,14.51,1225250,29.83,0.5,False,1.8,395.0,0.62,False,Near Discount,44.77,33.69,False,Decreasing,0.0734,False,False,True,11.03,14.61,False,25.22,12.46,14.89,14.56,18.84,14.69,15.27,14.9,15.28,22.17,11.94,70.0,564.0,Sideways,Weak,18.4,Ascending Channel,77,04-04-2025,15-08-2025,UL1:25-04-2025@14.03 ; UL2:30-05-2025@16.0 ; UL3:27-06-2025@16.03 ; UL4:18-07-2025@16.26 ; LL1:04-04-2025@12.99 ; LL2:09-05-2025@13.16 ; LL3:20-06-2025@14.86 ; LL4:15-08-2025@14.34,Triple Top(70) | Broadening Formation(68),Ascending Channel(77) | Triple Top(70) | Broadening Formation(68),149790235,Media & Publishing
2025-08-26,INDOTECH,1778.4,Stage 4 (Downtrend),42.74,2078.12,10117,70.71,0.37,False,1.8,395.0,-3.35,False,Near Discount,46.4,52.85,False,Decreasing,0.2753,False,False,True,32.66,1840.0,False,3592.35,1568.3,1840.0,1752.3,2580.32,1750.79,1853.25,2054.85,2351.21,3771.95,1525.0,692.0,676.0,Downtrend,Strong,47.89,Descending Channel,57,28-02-2025,15-08-2025,UL1:21-03-2025@2383.25 ; UL2:25-04-2025@2491.9 ; UL3:16-05-2025@2528.3 ; UL4:15-08-2025@1906.1 ; LL1:28-02-2025@2015.55 ; LL2:11-04-2025@2108.0 ; LL3:30-05-2025@1951.5 ; LL4:08-08-2025@1568.3,,Descending Channel(57),-356840,"Machinery, Equipment & Components"
2025-08-26,JINDALPOLY,510.6,Stage 4 (Downtrend),32.83,640.56,35074,55.37,1.31,False,1.79,397.0,-2.55,False,Discount,23.7,55.6,False,Increasing,0.1637,False,False,False,43.06,523.95,False,1072.8,510.6,525.15,509.8,791.7,539.83,579.55,615.5,722.39,1150.0,509.8,515.0,154.0,Downtrend,Strong,21.33,No Clear Pattern,0,,,,,No Clear Pattern,8041124,Containers & Packaging
2025-08-26,CONFIPET,48.41,Stage 4 (Downtrend),38.45,54.09,370551,29.25,0.77,False,1.79,397.0,-1.41,False,Near Discount,38.74,50.87,False,Decreasing,0.0977,False,False,False,19.8,49.1,False,95.23,46.5,49.51,48.2,70.87,50.01,53.01,54.45,60.41,98.54,46.05,167.0,348.0,Sideways,Moderate,37.1,Symmetrical Triangle,74,18-04-2025,15-08-2025,H1:18-04-2025@55.22 ; H2:23-05-2025@60.55 ; L1:27-06-2025@50.41 ; L2:15-08-2025@47.88,Rounding Top(59),Symmetrical Triangle(74) | Rounding Top(59),52387481,Oil & Gas
2025-08-26,BOROLTD,337.0,Stage 4 (Downtrend),47.23,338.01,53205,49.72,0.58,False,1.79,397.0,0.6,False,Near Discount,52.07,34.68,False,Decreasing,0.0707,False,True,True,8.87,335.0,False,500.5,300.3,340.9,329.1,400.4,331.95,335.66,338.89,365.25,515.9,282.65,444.0,485.0,Sideways,Weak,24.42,Symmetrical Triangle,74,07-03-2025,01-08-2025,H1:07-03-2025@357.5 ; H2:06-06-2025@370.05 ; L1:20-06-2025@337.3 ; L2:01-08-2025@323.1,Rounding Top(59),Symmetrical Triangle(74) | Rounding Top(59),11457521,Household Goods
2025-08-26,IGARASHI,475.85,Stage 4 (Downtrend),43.12,512.4,37514,53.53,0.36,False,1.79,397.0,-4.12,False,Near Discount,33.0,43.95,False,Decreasing,0.3519,False,False,False,17.99,496.3,False,829.35,420.7,496.3,472.8,625.02,537.62,536.39,506.23,582.32,848.95,401.05,505.0,684.0,Sideways,Moderate,54.9,No Clear Pattern,0,,,,,No Clear Pattern,11189486,Automobiles & Auto Parts
2025-08-26,MAHLOG,321.85,Stage 1/3 (Neutral),46.54,313.67,54843,55.41,0.28,False,1.77,401.0,-1.23,False,Near Discount,41.51,37.73,False,Decreasing,0.1116,False,False,False,26.22,325.85,False,545.2,242.46,326.2,321.5,393.83,327.04,346.02,327.66,335.93,516.85,238.2,436.0,745.0,Downtrend,Strong,30.94,Triple Bottom,90,30-05-2025,08-08-2025,P1:30-05-2025@319.35 ; P2:20-06-2025@325.1 ; P3:08-08-2025@322.0,Broadening Formation(68) | Rounding Top(59),Triple Bottom(90) | Broadening Formation(68) | Rounding Top(59),2497256,Freight & Logistics Services
2025-08-26,RAMCOSYS,430.0,Stage 2 (Uptrend),56.77,378.51,40823,,1.44,False,1.76,402.0,4.6,True,Near Premium,60.08,17.78,False,Decreasing,0.2162,False,True,True,25.32,411.1,False,514.8,274.6,450.0,411.1,394.7,404.22,399.02,400.11,391.09,523.0,270.0,490.0,125.0,Downtrend,Strong,39.84,Triple Bottom,86,20-06-2025,01-08-2025,P1:20-06-2025@384.35 ; P2:11-07-2025@386.8 ; P3:01-08-2025@381.8,Broadening Formation(68),Triple Bottom(86) | Broadening Formation(68),8797330,Software & IT Services
2025-08-26,ASTEC,839.6,Stage 1/3 (Neutral),49.55,782.17,20871,47.14,0.32,False,1.75,403.0,-2.82,False,Near Discount,48.29,37.04,False,Decreasing,0.1655,False,False,False,21.68,863.95,False,1458.4,640.95,864.0,833.15,1049.68,842.9,870.38,794.87,870.2,1333.5,634.6,603.0,714.0,Sideways,Moderate,56.84,Flag Pattern (Bull Flag),84,17-12-2024,28-01-2025,PoleS:17-12-2024@1081.9 ; PoleE:08-01-2025@1160.35 ; Consol:28-01-2025@975.85,Broadening Formation(68),Flag Pattern (Bull Flag)(84) | Broadening Formation(68),2793212,Chemicals
2025-08-26,BHARATWIRE,177.16,Stage 4 (Downtrend),43.45,187.51,98067,56.32,0.49,False,1.74,404.0,-2.5,False,Near Discount,40.42,41.09,False,Decreasing,0.1262,False,False,False,20.12,181.7,False,297.35,128.35,181.99,176.0,212.85,181.52,201.1,195.01,195.61,300.75,122.23,344.0,575.0,Sideways,Moderate,43.34,Rounding Top,59,21-04-2025,26-08-2025,Start:21-04-2025@184.68 ; Q1:22-05-2025@183.95 ; Mid:24-06-2025@216.19 ; Q3:24-07-2025@199.62 ; End:26-08-2025@177.16,,Rounding Top(59),15471774,Metals & Mining
2025-08-26,WONDERLA,623.05,Stage 4 (Downtrend),42.92,652.26,27799,61.48,0.54,False,1.73,405.0,-2.3,False,Near Discount,49.87,34.24,False,Decreasing,0.1375,False,False,True,25.87,637.75,False,941.2,571.0,642.55,616.1,756.1,614.98,633.05,651.42,697.28,947.4,562.1,552.0,522.0,Downtrend,Strong,30.64,Broadening Formation,68,07-03-2025,15-08-2025,H1:07-03-2025@678.95 ; H2:18-07-2025@654.3 ; L1:14-03-2025@629.05 ; L2:15-08-2025@589.65,Diamond Top(60) | Descending Channel(57),Broadening Formation(68) | Diamond Top(60) | Descending Channel(57),-1637926,Hotels & Entertainment Services
2025-08-26,JAGSNPHARM,233.85,Stage 2 (Uptrend),50.34,230.23,73769,50.9,0.26,False,1.73,405.0,-2.09,False,Near Premium,38.68,24.72,False,Decreasing,0.2648,False,False,False,23.77,238.85,False,292.75,113.79,239.55,233.0,203.27,257.91,245.44,235.06,234.29,310.64,140.3,382.0,757.0,Sideways,Moderate,53.31,Broadening Formation,68,14-03-2025,01-08-2025,H1:21-03-2025@222.7 ; H2:01-08-2025@271.35 ; L1:14-03-2025@204.96 ; L2:20-06-2025@214.1,,Broadening Formation(68),24112709,Pharmaceuticals
2025-08-26,SOMANYCERA,472.05,Stage 4 (Downtrend),40.12,483.34,36185,66.43,1.38,False,1.71,407.0,-2.66,False,Near Discount,28.95,37.31,False,Increasing,0.1233,False,False,False,14.86,484.95,False,832.4,407.0,491.0,470.0,619.7,515.5,544.07,503.26,532.94,753.0,395.25,513.0,137.0,Sideways,Weak,29.14,Symmetrical Triangle,74,18-04-2025,04-07-2025,H1:18-04-2025@440.3 ; H2:04-07-2025@590.65 ; L1:02-05-2025@420.45 ; L2:06-06-2025@470.05,,Symmetrical Triangle(74),2181811,Homebuilding & Construction Supplies
2025-08-26,AMBIKCO,1387.5,Stage 4 (Downtrend),43.76,1455.72,11867,59.96,1.21,False,1.65,408.0,-3.64,False,Near Discount,36.45,25.76,False,Increasing,0.1672,False,False,False,22.97,1439.9,False,2131.0,1281.0,1442.5,1382.5,1706.0,1474.84,1538.32,1505.24,1499.71,1869.0,1273.05,671.0,173.0,Sideways,Moderate,40.15,No Clear Pattern,0,,,,,No Clear Pattern,903217,Textiles & Apparel
2025-08-26,ALEMBICLTD,103.64,Stage 4 (Downtrend),42.32,106.13,159564,53.12,0.6,False,1.65,408.0,-1.3,False,Near Discount,33.06,38.67,False,Decreasing,0.1145,False,False,False,26.39,105.0,False,164.17,88.98,105.08,103.35,126.57,108.68,113.69,110.09,114.39,169.0,85.46,263.0,467.0,Downtrend,Strong,25.34,Symmetrical Triangle,74,09-05-2025,04-07-2025,H1:13-06-2025@115.66 ; H2:04-07-2025@119.81 ; L1:09-05-2025@98.25 ; L2:20-06-2025@111.25,Rounding Top(59),Symmetrical Triangle(74) | Rounding Top(59),98943048,Real Estate Operations
2025-08-26,HEIDELBERG,210.84,Stage 1/3 (Neutral),53.89,202.1,77967,55.25,0.37,False,1.64,410.0,0.35,True,Equilibrium,46.32,18.28,False,Decreasing,0.0497,False,True,False,18.87,210.11,False,237.85,185.84,213.59,210.0,211.84,213.66,210.56,203.26,207.0,258.0,182.42,377.0,676.0,Sideways,Moderate,20.91,Rising Wedge,77,04-04-2025,08-08-2025,UL1:18-04-2025@199.69 ; UL2:23-05-2025@201.02 ; UL3:04-07-2025@218.63 ; UL4:25-07-2025@212.43 ; LL1:04-04-2025@193.74 ; LL2:09-05-2025@187.66 ; LL3:13-06-2025@193.19 ; LL4:08-08-2025@210.24,Ascending Channel(69),Rising Wedge(77) | Ascending Channel(69),44861430,Construction Materials
2025-08-26,ZEEMEDIA,12.54,Stage 4 (Downtrend),39.23,13.81,1291838,50.87,0.63,False,1.62,411.0,0.56,False,Near Discount,36.27,52.41,False,Decreasing,0.0986,False,False,False,20.78,12.47,False,25.1,11.5,12.63,12.23,18.3,12.89,13.77,13.87,15.48,26.35,10.96,68.0,444.0,Sideways,Moderate,21.19,Symmetrical Triangle,74,09-05-2025,04-07-2025,H1:16-05-2025@14.51 ; H2:04-07-2025@14.68 ; L1:09-05-2025@13.53 ; L2:20-06-2025@13.37,Triple Top(70) | Double Top(66),Symmetrical Triangle(74) | Triple Top(70) | Double Top(66),434867874,Media & Publishing
2025-08-26,EIHAHOTELS,386.5,Stage 2 (Uptrend),51.8,369.98,40918,50.5,0.74,False,1.58,412.0,-2.64,True,Equilibrium,48.18,15.19,False,Decreasing,0.1238,False,True,False,31.5,397.0,False,466.37,310.7,398.95,384.0,388.53,388.34,385.39,379.24,379.12,455.7,304.0,489.0,367.0,Uptrend,Strong,40.07,Rising Wedge,85,07-02-2025,08-08-2025,UL1:07-02-2025@396.65 ; UL2:18-04-2025@377.3 ; UL3:30-05-2025@388.65 ; UL4:18-07-2025@400.4 ; LL1:28-02-2025@317.3 ; LL2:09-05-2025@341.7 ; LL3:20-06-2025@367.3 ; LL4:08-08-2025@370.6,Double Bottom(82),Rising Wedge(85) | Double Bottom(82),2798866,Hotels & Entertainment Services
2025-08-26,ESABINDIA,5352.5,Stage 2 (Uptrend),54.13,4937.62,2928,71.35,0.91,False,1.57,413.0,-1.25,True,Equilibrium,53.47,21.28,False,Decreasing,0.1077,False,True,True,18.54,5420.0,False,6634.5,4330.65,5426.5,5305.0,5482.58,5254.65,5280.89,5079.24,5217.61,6799.0,4133.05,805.0,272.0,Sideways,Moderate,25.57,Triple Bottom,82,30-05-2025,15-08-2025,P1:30-05-2025@5027.8 ; P2:20-06-2025@5037.0 ; P3:15-08-2025@5009.5,Double Bottom(78) | Symmetrical Triangle(74),Triple Bottom(82) | Double Bottom(78) | Symmetrical Triangle(74),-8569,"Machinery, Equipment & Components"
2025-08-26,NELCAST,158.32,Stage 2 (Uptrend),61.97,121.79,98947,53.29,0.09,False,1.57,413.0,-1.91,True,Near Premium,46.88,12.48,False,Decreasing,0.1171,False,True,False,26.38,161.4,False,174.05,79.37,162.63,157.01,126.71,165.98,154.07,131.41,120.54,180.9,78.55,341.0,848.0,Uptrend,Strong,46.13,Flag Pattern (Bear Flag),84,17-12-2024,28-01-2025,PoleS:17-12-2024@129.4 ; PoleE:08-01-2025@118.19 ; Consol:28-01-2025@111.89,Broadening Formation(68),Flag Pattern (Bear Flag)(84) | Broadening Formation(68),20759085,Metals & Mining
2025-08-26,SHANTIGEAR,552.8,Stage 2 (Uptrend),56.44,496.33,28219,55.81,0.43,False,1.56,415.0,-1.99,True,Equilibrium,50.19,17.25,False,Decreasing,0.1196,False,True,False,19.61,564.0,False,685.05,408.95,566.5,550.0,547.0,555.3,533.85,513.23,498.78,668.0,399.0,550.0,633.0,Sideways,Moderate,42.16,Broadening Formation,68,28-02-2025,25-07-2025,H1:21-03-2025@483.1 ; H2:25-07-2025@578.85 ; L1:28-02-2025@424.15 ; L2:27-06-2025@492.15,,Broadening Formation(68),3100183,"Machinery, Equipment & Components"
2025-08-26,STEELXIND,9.05,Stage 1/3 (Neutral),45.16,8.95,1727389,49.81,0.26,False,1.56,415.0,-1.31,False,Near Discount,29.54,38.69,False,Decreasing,0.204,False,False,False,22.22,9.17,False,14.87,7.56,9.22,8.91,11.22,10.32,10.03,9.17,9.45,14.76,7.06,52.0,757.0,Sideways,Moderate,35.18,Broadening Formation,68,14-03-2025,08-08-2025,H1:16-05-2025@8.62 ; H2:08-08-2025@10.71 ; L1:14-03-2025@7.71 ; L2:20-06-2025@8.11,,Broadening Formation(68),230409696,Software & IT Services
2025-08-26,EIMCOELECO,2203.3,Stage 2 (Uptrend),49.66,2000.37,7003,52.45,0.66,False,1.54,417.0,-0.15,True,Near Discount,38.02,35.1,False,Increasing,0.1028,True,False,False,12.58,2206.7,False,3372.75,1353.35,2249.0,2140.0,2363.05,2307.72,2420.71,2206.31,2072.55,3395.05,1301.0,731.0,417.0,Sideways,Weak,33.5,No Clear Pattern,0,,,,,No Clear Pattern,142939,Metals & Mining
2025-08-26,PRSMJOHNSN,147.87,Stage 2 (Uptrend),50.12,138.91,104011,54.79,0.5,False,1.54,417.0,-0.46,False,Near Discount,45.84,39.89,False,Decreasing,0.1174,False,False,False,18.75,148.55,False,232.61,110.89,148.8,146.09,171.75,148.56,153.32,144.8,149.35,246.0,105.3,330.0,564.0,Sideways,Moderate,25.59,Ascending Channel,77,28-02-2025,15-08-2025,UL1:07-03-2025@129.66 ; UL2:28-03-2025@135.42 ; UL3:18-04-2025@134.57 ; UL4:04-07-2025@159.36 ; LL1:28-02-2025@114.02 ; LL2:09-05-2025@121.16 ; LL3:06-06-2025@137.96 ; LL4:15-08-2025@143.09,Rounding Top(59),Ascending Channel(77) | Rounding Top(59),110050582,Construction Materials
2025-08-26,TNPETRO,101.61,Stage 2 (Uptrend),57.39,85.28,150198,,0.95,False,1.53,419.0,-4.79,True,Near Premium,47.75,10.87,False,Decreasing,0.2053,False,False,False,23.93,106.72,False,113.18,64.25,106.72,101.47,88.72,101.84,101.66,90.89,83.79,114.0,63.66,271.0,251.0,Sideways,Moderate,43.21,No Clear Pattern,0,,,,,No Clear Pattern,33344851,Chemicals
2025-08-26,KOPRAN,156.71,Stage 4 (Downtrend),35.55,178.54,97220,62.54,0.66,False,1.52,420.0,-0.88,False,Discount,34.56,57.61,False,Increasing,0.0748,False,False,False,15.03,158.1,False,350.0,156.71,161.75,156.0,253.36,160.16,172.78,181.58,191.99,369.7,155.0,347.0,417.0,Sideways,Moderate,30.21,No Clear Pattern,0,,,,,No Clear Pattern,26866439,Pharmaceuticals
2025-08-26,HUHTAMAKI,213.58,Stage 1/3 (Neutral),46.22,204.17,70896,59.72,0.81,False,1.51,421.0,-1.76,False,Near Discount,46.17,52.22,False,Increasing,0.0609,True,False,False,17.49,217.4,False,440.25,176.06,217.4,212.3,308.15,214.92,218.86,208.76,225.52,447.0,170.56,393.0,320.0,Sideways,Moderate,24.89,Symmetrical Triangle,74,25-04-2025,08-08-2025,H1:25-04-2025@195.65 ; H2:11-07-2025@229.82 ; L1:02-05-2025@190.19 ; L2:08-08-2025@207.48,Rounding Top(59),Symmetrical Triangle(74) | Rounding Top(59),17829445,Containers & Packaging
2025-08-26,BHARATRAS,2771.85,Stage 2 (Uptrend),49.76,2719.05,5405,48.33,0.98,False,1.5,422.0,0.01,False,Near Discount,40.58,27.62,False,Decreasing,0.1285,False,False,False,18.79,2771.58,False,3684.44,2382.84,2809.38,2686.33,3033.64,2904.44,2916.15,2738.46,2779.41,3829.62,2358.85,756.0,236.0,Sideways,Moderate,43.18,Cup and Handle,87,25-03-2025,25-08-2025,RimL:25-03-2025@2960.09 ; Btm:29-05-2025@2382.84 ; RimR:02-07-2025@3094.37 ; Hdl:25-08-2025@2740.21,Double Bottom(86) | Broadening Formation(68) | Flag Pattern (Bear Flag)(64) | Rounding Top(59),Cup and Handle(87) | Double Bottom(86) | Broadening Formation(68) | Flag Pattern (Bear Flag)(64) | Rounding Top(59),372595,Chemicals
2025-08-26,SHALBY,191.82,Stage 4 (Downtrend),44.86,194.9,76689,64.06,0.46,False,1.47,423.0,-1.12,False,Near Discount,37.74,35.61,False,Decreasing,0.0992,False,False,False,25.69,194.0,False,310.5,180.06,194.66,191.01,245.28,203.28,194.87,192.97,205.47,297.9,177.25,379.0,608.0,Uptrend,Strong,18.24,Cup and Handle,87,21-04-2025,26-08-2025,RimL:21-04-2025@201.8 ; Btm:13-06-2025@180.06 ; RimR:30-07-2025@209.91 ; Hdl:26-08-2025@191.82,Rounding Bottom(79) | Triple Top(70),Cup and Handle(87) | Rounding Bottom(79) | Triple Top(70),-70480,Healthcare Providers & Services
2025-08-26,DSSL,987.2,Stage 4 (Downtrend),39.8,1058.72,14790,55.9,0.56,False,1.46,424.0,-1.67,False,Discount,44.15,43.16,False,Decreasing,0.0775,False,False,False,15.3,1004.0,False,1597.1,961.15,1004.0,985.05,1279.12,996.23,1036.2,1063.71,1158.86,1736.9,926.9,643.0,499.0,Sideways,Moderate,33.74,Head and Shoulders,72,18-04-2025,27-06-2025,LS:18-04-2025@1104.9 ; H:23-05-2025@1179.6 ; RS:27-06-2025@1085.8,Diamond Top(60),Head and Shoulders(72) | Diamond Top(60),2382875,Software & IT Services
2025-04-08,HIL,1845.05,Stage 4 (Downtrend),33.15,2325.85,7795,49.87,0.29,False,1.44,425.0,-0.69,False,Near Discount,49.84,41.82,False,Decreasing,0.0733,False,False,True,24.64,1857.85,False,3099.3,1733.65,1870.4,1825.0,2416.48,1823.36,1866.93,2161.65,2515.58,3171.15,1605.05,718.0,737.0,Sideways,Moderate,38.32,Flag Pattern (Bear Flag),76,30-07-2024,10-09-2024,PoleS:30-07-2024@3029.45 ; PoleE:21-08-2024@2762.4 ; Consol:10-09-2024@2797.55,,Flag Pattern (Bear Flag)(76),-142668,Investment Banking & Investment Services
2025-08-26,KAMDHENU,27.54,Stage 4 (Downtrend),22.18,30.5,520537,55.55,0.57,False,1.43,426.0,-1.15,False,Near Discount,31.62,95.91,False,Decreasing,0.0969,False,False,False,16.23,27.86,False,643.0,25.64,28.0,27.4,334.32,29.33,30.02,29.75,131.44,673.0,25.1,133.0,493.0,Sideways,Moderate,25.76,Symmetrical Triangle,74,25-04-2025,25-07-2025,H1:25-04-2025@26.97 ; H2:30-05-2025@33.99 ; L1:20-06-2025@31.0 ; L2:25-07-2025@29.85,Flag Pattern (Bear Flag)(64) | Rounding Top(59),Symmetrical Triangle(74) | Flag Pattern (Bear Flag)(64) | Rounding Top(59),-65997053,Metals & Mining
2025-08-26,PPL,321.95,Stage 4 (Downtrend),32.23,399.11,43423,49.81,0.41,False,1.4,427.0,-0.98,False,Discount,30.48,51.8,False,Decreasing,0.1989,False,False,False,31.97,325.15,False,648.55,317.8,329.4,321.0,483.17,346.85,373.52,395.89,430.37,667.95,299.45,480.0,646.0,Downtrend,Strong,38.35,Broadening Formation,68,14-02-2025,15-08-2025,H1:07-03-2025@447.3 ; H2:13-06-2025@405.4 ; L1:14-02-2025@392.7 ; L2:15-08-2025@320.15,,Broadening Formation(68),3747385,Homebuilding & Construction Supplies
2025-08-26,KECL,116.65,Stage 4 (Downtrend),39.41,131.08,119314,54.65,1.0,False,1.39,428.0,-2.63,False,Near Discount,32.52,47.69,False,Decreasing,0.1361,False,False,False,38.47,119.8,False,246.33,110.55,119.8,115.6,178.44,121.51,132.41,131.65,146.87,223.0,106.06,307.0,230.0,Downtrend,Strong,27.06,Inverse Head and Shoulders,92,11-04-2025,06-06-2025,LS:11-04-2025@128.11 ; H:09-05-2025@116.64 ; RS:06-06-2025@126.54,Rounding Top(59),Inverse Head and Shoulders(92) | Rounding Top(59),18597099,"Machinery, Equipment & Components"
2025-08-26,TALBROAUTO,260.65,Stage 4 (Downtrend),45.39,265.24,53309,54.08,0.48,False,1.39,428.0,-0.63,False,Near Discount,39.84,29.54,False,Decreasing,0.1861,False,False,False,14.62,262.3,False,389.75,209.53,266.15,259.0,299.64,272.61,284.03,277.76,280.0,369.9,200.2,443.0,590.0,Sideways,Weak,49.39,Triple Top,70,23-05-2025,04-07-2025,P1:23-05-2025@304.25 ; P2:13-06-2025@303.0 ; P3:04-07-2025@302.55,Broadening Formation(68) | Double Top(66),Triple Top(70) | Broadening Formation(68) | Double Top(66),15599298,Automobiles & Auto Parts
2025-08-26,MARINE,168.44,Stage 4 (Downtrend),41.1,187.26,81722,,0.7,False,1.38,430.0,-0.92,False,Near Discount,33.23,49.42,False,Decreasing,0.0974,True,False,False,40.99,170.01,False,327.6,99.1,171.92,167.07,213.35,174.58,192.4,197.23,208.84,333.0,138.9,368.0,396.0,Downtrend,Strong,27.49,Symmetrical Triangle,74,18-04-2025,15-08-2025,H1:18-04-2025@203.34 ; H2:06-06-2025@236.17 ; L1:30-05-2025@203.37 ; L2:15-08-2025@165.81,Rounding Top(59),Symmetrical Triangle(74) | Rounding Top(59),26013741,"Machinery, Equipment & Components"
2025-08-26,KHAICHEM,104.88,Stage 2 (Uptrend),65.87,75.38,130857,,1.09,False,1.37,431.0,1.45,True,Near Premium,47.72,8.81,False,Increasing,0.0793,True,True,False,22.82,103.38,False,115.01,46.17,107.0,100.35,80.59,107.8,101.64,83.3,73.93,115.01,43.17,292.0,203.0,Sideways,Moderate,26.44,Flag Pattern (Bear Flag),84,17-12-2024,28-01-2025,PoleS:17-12-2024@76.7 ; PoleE:08-01-2025@68.8 ; Consol:28-01-2025@65.76,,Flag Pattern (Bear Flag)(84),54601147,Chemicals
2025-08-26,AMRUTANJAN,703.9,Stage 1/3 (Neutral),52.68,672.76,19254,46.39,1.04,False,1.36,432.0,-1.4,True,Equilibrium,53.94,18.4,False,Decreasing,0.127,False,True,True,22.18,713.9,False,832.25,577.75,722.95,701.95,705.0,684.94,701.44,696.42,687.04,862.6,544.1,612.0,221.0,Sideways,Moderate,27.97,Double Top,78,23-05-2025,27-06-2025,P1:23-05-2025@718.3 ; P2:27-06-2025@731.05,Rounding Top(71),Double Top(78) | Rounding Top(71),1236612,Pharmaceuticals
2025-08-26,MADRASFERT,89.16,Stage 1/3 (Neutral),49.66,85.39,151696,36.96,0.37,False,1.35,433.0,-2.02,False,Near Discount,44.51,25.01,False,Decreasing,0.0942,False,False,False,17.11,91.0,False,130.08,69.05,91.56,88.25,99.56,91.29,91.0,89.45,89.37,118.9,66.5,268.0,676.0,Sideways,Moderate,34.74,Triple Bottom,90,20-06-2025,15-08-2025,P1:20-06-2025@89.63 ; P2:25-07-2025@89.11 ; P3:15-08-2025@87.46,Double Top(66),Triple Bottom(90) | Double Top(66),72006325,Chemicals
2025-08-26,DHAMPURSUG,127.79,Stage 4 (Downtrend),38.44,136.32,105122,42.76,1.14,False,1.34,434.0,-0.24,False,Near Discount,27.41,45.39,False,Decreasing,0.1332,False,False,False,38.07,128.1,False,249.8,115.45,129.66,127.25,182.62,134.62,144.69,140.87,147.37,234.0,110.0,327.0,185.0,Downtrend,Strong,21.96,Ascending Triangle,88,16-05-2025,20-06-2025,H1:16-05-2025@148.97 ; H2:13-06-2025@158.56 ; L1:30-05-2025@146.61 ; L2:20-06-2025@148.72,Flag Pattern (Bear Flag)(64) | Rounding Top(59),Ascending Triangle(88) | Flag Pattern (Bear Flag)(64) | Rounding Top(59),24755174,Food & Tobacco
2025-08-26,UTTAMSUGAR,263.15,Stage 1/3 (Neutral),46.66,264.19,50700,63.44,1.15,False,1.33,435.0,-0.25,False,Near Discount,50.42,33.55,False,Increasing,0.1594,False,False,True,23.07,263.8,False,390.95,177.66,268.5,261.0,284.3,254.64,275.61,286.1,265.87,396.0,171.51,453.0,183.0,Sideways,Moderate,34.96,Rounding Top,59,18-03-2025,26-08-2025,Start:18-03-2025@230.9 ; Q1:30-04-2025@284.6 ; Mid:10-06-2025@318.0 ; Q3:17-07-2025@290.45 ; End:26-08-2025@263.15,,Rounding Top(59),8383728,Food & Tobacco
2025-08-26,TCPLPACK,3380.0,Stage 1/3 (Neutral),43.0,3822.69,3948,75.38,0.53,False,1.33,435.0,1.3,False,Equilibrium,39.37,31.02,False,Decreasing,0.1236,False,False,False,26.24,3336.6,False,4668.5,2071.85,3403.0,3336.6,3370.18,3466.08,3616.26,3755.41,3643.23,4900.0,3000.0,787.0,532.0,Downtrend,Strong,33.15,No Clear Pattern,0,,,,,No Clear Pattern,731331,Containers & Packaging
2025-08-26,TASTYBITE,9605.0,Stage 1/3 (Neutral),43.49,9739.89,1384,44.94,0.28,False,1.33,435.0,-0.83,False,Near Discount,26.85,36.81,False,Decreasing,0.2501,False,False,False,19.04,9685.0,False,14713.95,7785.45,9759.0,9558.0,11249.7,10475.6,10800.88,10183.53,10036.47,15199.0,7543.4,835.0,745.0,Sideways,Moderate,32.13,Broadening Formation,68,07-03-2025,01-08-2025,H1:21-03-2025@8772.55 ; H2:01-08-2025@11171.0 ; L1:07-03-2025@8465.35 ; L2:06-06-2025@10331.0,Rounding Top(59),Broadening Formation(68) | Rounding Top(59),478239,Food & Tobacco
2025-08-26,EXCELINDUS,1223.8,Stage 1/3 (Neutral),49.93,1141.81,10682,48.19,0.37,False,1.31,438.0,-3.53,True,Equilibrium,43.17,30.47,False,Decreasing,0.2023,False,False,False,31.11,1268.6,False,1657.2,834.85,1268.6,1218.0,1246.03,1274.79,1294.84,1206.29,1215.27,1760.0,799.1,686.0,676.0,Uptrend,Strong,49.26,Rounding Top,71,17-06-2025,26-08-2025,Start:17-06-2025@1269.7 ; Q1:03-07-2025@1286.8 ; Mid:22-07-2025@1370.7 ; Q3:07-08-2025@1265.2 ; End:26-08-2025@1223.8,,Rounding Top(71),3611483,Chemicals
2025-08-26,MAYURUNIQ,531.8,Stage 1/3 (Neutral),47.3,526.83,24485,54.38,0.44,False,1.3,439.0,-0.6,False,Equilibrium,43.29,22.83,False,Decreasing,0.1687,False,False,False,16.74,535.0,False,671.15,445.3,542.65,530.0,558.22,536.98,559.44,546.37,548.45,689.1,441.0,576.0,623.0,Sideways,Moderate,38.11,No Clear Pattern,0,,,,,No Clear Pattern,3730098,Textiles & Apparel
2025-08-26,BODALCHEM,65.23,Stage 1/3 (Neutral),44.07,67.28,197902,60.24,0.47,False,1.29,440.0,0.43,False,Near Discount,33.08,25.75,False,Decreasing,0.1981,False,False,False,13.8,64.95,False,86.51,52.03,65.99,64.95,69.27,69.28,72.62,71.27,68.7,87.85,50.01,234.0,603.0,Sideways,Weak,32.26,Ascending Channel,77,28-02-2025,04-07-2025,UL1:21-03-2025@64.17 ; UL2:18-04-2025@68.15 ; UL3:23-05-2025@75.77 ; UL4:04-07-2025@78.09 ; LL1:28-02-2025@53.51 ; LL2:28-03-2025@58.37 ; LL3:09-05-2025@63.01 ; LL4:20-06-2025@67.78,Rounding Top(59),Ascending Channel(77) | Rounding Top(59),38114092,Chemicals
2025-08-26,ONMOBILE,50.56,Stage 4 (Downtrend),43.14,51.96,255011,58.18,0.32,False,1.29,440.0,-2.77,False,Near Discount,38.32,46.94,False,Decreasing,0.0888,False,False,False,27.14,52.0,True,91.6,42.19,52.44,50.3,66.9,53.47,53.49,52.16,58.58,95.28,41.07,200.0,714.0,Downtrend,Strong,36.73,Double Top,69,18-07-2025,15-08-2025,P1:18-07-2025@55.24 ; P2:15-08-2025@54.8,,Double Top(69),68288524,Software & IT Services
2025-08-26,PENINLAND,34.77,Stage 1/3 (Neutral),50.33,30.43,372256,56.81,0.18,False,1.29,440.0,-4.27,False,Near Discount,42.4,46.05,False,Decreasing,0.1282,False,False,False,16.94,36.32,False,75.83,21.97,36.44,34.5,48.9,37.04,35.77,31.92,35.19,64.45,20.87,165.0,814.0,Sideways,Moderate,66.66,Rounding Top,59,01-07-2025,26-08-2025,Start:01-07-2025@32.44 ; Q1:15-07-2025@41.16 ; Mid:29-07-2025@37.71 ; Q3:12-08-2025@37.95 ; End:26-08-2025@34.77,,Rounding Top(59),45318613,Real Estate Operations
2025-08-26,DPWIRES,224.06,Stage 4 (Downtrend),44.58,229.97,57102,31.59,0.91,False,1.28,443.0,-2.96,False,Near Discount,52.02,50.09,False,Decreasing,0.2348,False,False,True,26.61,230.9,False,478.35,194.07,241.17,222.02,336.21,216.02,224.5,226.42,268.89,448.95,185.99,428.0,272.0,Downtrend,Strong,80.68,Symmetrical Triangle,74,23-05-2025,15-08-2025,H1:23-05-2025@273.25 ; H2:04-07-2025@237.9 ; L1:20-06-2025@221.8 ; L2:15-08-2025@207.25,,Symmetrical Triangle(74),512137,Metals & Mining
2025-08-26,MAZDA,288.75,Stage 1/3 (Neutral),55.4,257.73,44221,57.27,0.68,False,1.28,443.0,-0.36,True,Near Discount,54.11,35.77,False,Increasing,0.1158,False,True,True,23.85,289.8,False,429.76,211.45,297.75,286.85,320.6,283.53,278.56,262.37,277.42,449.56,205.0,478.0,403.0,Sideways,Moderate,36.66,Inverse Head and Shoulders,88,11-04-2025,20-06-2025,LS:11-04-2025@234.0 ; H:09-05-2025@211.45 ; RS:20-06-2025@237.15,Flag Pattern (Bull Flag)(80) | Ascending Channel(73) | Broadening Formation(68),Inverse Head and Shoulders(88) | Flag Pattern (Bull Flag)(80) | Ascending Channel(73) | Broadening Formation(68),6360166,"Machinery, Equipment & Components"
2025-08-26,GREENLAM,233.03,Stage 4 (Downtrend),48.03,236.22,54689,51.0,0.74,False,1.27,445.0,1.32,False,Near Discount,51.44,20.08,False,Decreasing,0.1114,False,False,True,27.94,230.0,False,291.38,205.04,237.0,227.1,248.21,228.26,237.05,236.34,245.57,291.59,197.42,437.0,367.0,Downtrend,Strong,28.64,Symmetrical Triangle,74,30-05-2025,15-08-2025,H1:30-05-2025@264.23 ; H2:18-07-2025@250.31 ; L1:20-06-2025@235.5 ; L2:15-08-2025@216.96,Rounding Top(59),Symmetrical Triangle(74) | Rounding Top(59),2213851,Paper & Forest Products
2025-08-26,PITTIENG,925.2,Stage 4 (Downtrend),40.93,969.84,13514,62.92,0.27,False,1.25,446.0,-1.93,False,Near Discount,42.38,38.83,False,Decreasing,0.0931,False,False,False,14.05,943.4,False,1459.5,841.25,943.4,922.65,1150.38,940.42,959.04,973.25,1083.87,1512.4,838.0,656.0,754.0,Sideways,Weak,27.08,Symmetrical Triangle,74,20-06-2025,15-08-2025,H1:18-07-2025@984.7 ; H2:15-08-2025@973.6 ; L1:20-06-2025@962.8 ; L2:08-08-2025@917.65,Double Top(66),Symmetrical Triangle(74) | Double Top(66),81686,"Machinery, Equipment & Components"
2025-08-26,LINCOLN,541.85,Stage 4 (Downtrend),43.94,564.5,23129,66.0,0.07,False,1.25,446.0,-0.54,False,Near Discount,45.89,44.68,False,Decreasing,0.1104,False,False,False,30.67,544.8,False,953.7,520.3,549.4,541.0,737.0,547.19,554.56,562.54,628.64,979.5,499.0,584.0,855.0,Downtrend,Strong,54.98,No Clear Pattern,0,,,,,No Clear Pattern,8979946,Pharmaceuticals
2025-08-26,JTEKTINDIA,130.11,Stage 4 (Downtrend),44.42,133.96,95682,50.55,0.68,False,1.24,448.0,-2.73,False,Near Discount,48.43,30.27,False,Decreasing,0.1054,False,False,True,26.37,133.76,False,221.75,112.07,133.76,129.5,166.91,127.67,136.18,137.41,143.81,186.59,106.06,350.0,403.0,Downtrend,Strong,39.86,Triple Top,70,25-04-2025,04-07-2025,P1:25-04-2025@142.64 ; P2:13-06-2025@143.04 ; P3:04-07-2025@143.11,Double Top(66) | Rounding Top(59),Triple Top(70) | Double Top(66) | Rounding Top(59),16571244,Automobiles & Auto Parts
2025-08-26,ORIENTHOT,136.49,Stage 4 (Downtrend),43.58,144.12,90788,53.41,0.52,False,1.24,448.0,-0.6,False,Near Discount,36.91,32.43,False,Decreasing,0.0624,True,False,False,13.63,137.31,False,197.15,127.2,137.99,135.74,162.18,139.79,145.72,146.78,155.27,202.0,126.01,357.0,544.0,Sideways,Weak,14.28,Triple Top,70,16-05-2025,18-07-2025,P1:16-05-2025@154.22 ; P2:06-06-2025@156.84 ; P3:18-07-2025@157.14,Broadening Formation(68) | Double Top(66) | Flag Pattern (Bear Flag)(64),Triple Top(70) | Broadening Formation(68) | Double Top(66) | Flag Pattern (Bear Flag)(64),18310869,Hotels & Entertainment Services
2025-08-26,RPPINFRA,122.34,Stage 4 (Downtrend),41.77,141.49,99575,41.37,1.07,False,1.22,450.0,0.28,False,Near Discount,50.52,52.08,False,Decreasing,0.2103,False,False,True,31.59,122.0,False,244.52,109.72,125.8,118.47,177.12,119.8,128.16,142.08,157.69,255.3,108.58,340.0,210.0,Downtrend,Strong,48.91,No Clear Pattern,0,,,,,No Clear Pattern,18913680,Construction & Engineering
2025-08-26,MUKANDLTD,130.32,Stage 2 (Uptrend),52.53,115.48,93772,51.78,0.31,False,1.22,450.0,-2.01,True,Equilibrium,43.06,26.5,False,Decreasing,0.1449,False,False,False,13.96,132.99,False,185.01,87.25,132.99,130.05,136.13,136.25,136.81,122.08,120.53,177.3,84.4,352.0,723.0,Sideways,Weak,59.45,Rounding Top,71,17-06-2025,26-08-2025,Start:17-06-2025@116.71 ; Q1:03-07-2025@154.06 ; Mid:22-07-2025@139.78 ; Q3:07-08-2025@124.02 ; End:26-08-2025@130.32,,Rounding Top(71),18352269,Metals & Mining
2025-08-26,VINDHYATEL,1480.0,Stage 4 (Downtrend),40.55,1500.81,8041,69.89,0.92,False,1.19,452.0,-2.26,False,Near Discount,36.29,44.15,False,Decreasing,0.0892,False,False,False,26.47,1514.2,False,3143.0,1171.45,1514.2,1470.1,2157.22,1538.79,1635.26,1555.1,1644.55,2650.0,1160.3,717.0,269.0,Downtrend,Strong,30.33,No Clear Pattern,0,,,,,No Clear Pattern,199055,Communications & Networking
2025-08-26,GREENPLY,307.55,Stage 2 (Uptrend),49.7,298.86,38548,52.55,0.38,False,1.19,452.0,-1.71,True,Near Discount,44.02,25.34,False,Decreasing,0.0961,False,False,False,11.21,312.9,False,404.5,249.3,313.4,306.0,326.9,313.14,316.24,307.26,305.08,411.95,245.1,499.0,670.0,Sideways,Weak,24.43,Triple Bottom,82,06-06-2025,15-08-2025,P1:06-06-2025@307.5 ; P2:11-07-2025@302.55 ; P3:15-08-2025@307.05,Cup and Handle(79) | Double Top(78) | Diamond Bottom(72),Triple Bottom(82) | Cup and Handle(79) | Double Top(78) | Diamond Bottom(72),24529158,Paper & Forest Products
2025-08-26,MSPL,31.56,Stage 1/3 (Neutral),51.85,28.7,376835,49.73,0.37,False,1.19,452.0,-1.13,False,Near Discount,49.26,51.08,False,Decreasing,0.1151,False,True,False,17.74,31.92,False,63.19,22.48,32.4,31.01,42.84,31.99,30.72,29.07,32.87,64.52,21.6,163.0,676.0,Sideways,Moderate,52.96,Inverse Head and Shoulders,92,21-03-2025,06-06-2025,LS:21-03-2025@26.58 ; H:09-05-2025@24.34 ; RS:06-06-2025@26.42,Ascending Channel(77) | Broadening Formation(68),Inverse Head and Shoulders(92) | Ascending Channel(77) | Broadening Formation(68),91852909,Metals & Mining
2025-08-26,NUCLEUS,1025.4,Stage 1/3 (Neutral),47.17,1001.25,11532,43.79,0.18,False,1.18,455.0,-2.25,False,Near Discount,44.86,34.85,False,Decreasing,0.0917,False,False,True,21.68,1049.0,False,1543.0,772.1,1050.0,1024.0,1157.55,1017.02,1094.67,1068.85,1029.58,1574.0,725.0,675.0,814.0,Sideways,Moderate,37.87,Broadening Formation,68,14-02-2025,08-08-2025,H1:07-03-2025@900.25 ; H2:04-07-2025@1199.2 ; L1:14-02-2025@806.15 ; L2:08-08-2025@998.0,Rounding Top(59),Broadening Formation(68) | Rounding Top(59),4194638,Software & IT Services
2025-08-26,DALMIASUG,371.35,Stage 1/3 (Neutral),46.35,380.2,31590,51.87,0.51,False,1.17,456.0,0.16,False,Near Discount,49.25,36.52,False,Decreasing,0.1177,False,False,True,20.33,370.75,False,571.0,298.15,373.9,364.9,434.58,364.67,384.53,397.96,386.32,585.0,291.0,531.0,554.0,Sideways,Moderate,28.49,Broadening Formation,68,07-02-2025,15-08-2025,H1:07-02-2025@360.6 ; H2:06-06-2025@439.05 ; L1:28-02-2025@307.65 ; L2:15-08-2025@350.8,Rounding Top(59),Broadening Formation(68) | Rounding Top(59),13577049,Food & Tobacco
2025-08-26,REMSONSIND,116.96,Stage 4 (Downtrend),41.37,126.7,98169,62.12,0.41,False,1.15,457.0,-4.76,False,Near Discount,38.63,50.19,False,Decreasing,0.1326,False,False,False,14.9,122.8,False,225.46,108.74,122.8,115.92,167.1,124.32,130.63,130.57,134.57,234.8,101.71,343.0,646.0,Sideways,Weak,55.83,Broadening Formation,68,21-03-2025,08-08-2025,H1:04-04-2025@124.12 ; H2:18-07-2025@133.32 ; L1:21-03-2025@116.33 ; L2:08-08-2025@116.4,Diamond Top(60) | Rounding Top(59),Broadening Formation(68) | Diamond Top(60) | Rounding Top(59),2726315,Automobiles & Auto Parts
2025-08-26,DYNPRO,391.55,Stage 2 (Uptrend),66.79,303.82,29093,52.69,0.55,False,1.14,458.0,-3.36,True,Near Premium,62.2,19.27,False,Decreasing,0.2124,False,True,True,36.29,405.15,False,478.4,254.8,410.95,388.25,366.6,363.88,335.73,310.5,335.52,485.0,252.35,547.0,511.0,Uptrend,Strong,59.56,No Clear Pattern,0,,,,,No Clear Pattern,3889954,Chemicals
2025-08-26,PRECWIRE,173.25,Stage 2 (Uptrend),51.97,160.72,65255,48.34,0.52,False,1.13,459.0,-2.97,True,Equilibrium,43.35,21.61,False,Decreasing,0.0707,True,False,False,18.65,178.55,False,216.35,114.25,178.55,173.0,165.3,175.15,181.68,169.7,165.61,221.0,118.0,403.0,544.0,Sideways,Moderate,25.68,Double Top,78,06-06-2025,18-07-2025,P1:06-06-2025@186.87 ; P2:18-07-2025@190.93,Rounding Top(71),Double Top(78) | Rounding Top(71),66976531,"Machinery, Equipment & Components"
2025-08-26,NCLIND,215.03,Stage 2 (Uptrend),50.29,209.41,52708,61.03,0.47,False,1.13,459.0,-0.72,True,Equilibrium,44.84,10.18,False,Decreasing,0.0637,True,False,False,15.14,216.6,False,255.42,182.02,217.0,214.1,218.72,216.98,221.87,216.84,210.87,239.39,179.21,446.0,603.0,Sideways,Moderate,30.34,Rounding Top,79,03-06-2025,26-08-2025,Start:03-06-2025@210.21 ; Q1:24-06-2025@225.31 ; Mid:15-07-2025@217.26 ; Q3:05-08-2025@216.64 ; End:26-08-2025@215.03,Long-term Rounding Bottom(75) | Broadening Formation(68),Rounding Top(79) | Long-term Rounding Bottom(75) | Broadening Formation(68),14197046,Construction Materials
2025-08-26,SATIA,85.41,Stage 1/3 (Neutral),51.96,78.71,129621,44.76,1.19,False,1.11,461.0,-2.66,True,Near Discount,53.58,33.84,False,Decreasing,0.1066,False,False,True,25.68,87.74,False,139.84,66.12,87.74,84.2,102.98,82.8,85.96,80.84,84.75,129.1,64.4,295.0,176.0,Uptrend,Strong,34.61,Symmetrical Triangle,74,09-05-2025,15-08-2025,H1:23-05-2025@81.04 ; H2:04-07-2025@93.75 ; L1:09-05-2025@70.17 ; L2:15-08-2025@80.09,Rounding Top(71),Symmetrical Triangle(74) | Rounding Top(71),14975253,Paper & Forest Products
2025-08-26,XCHANGING,88.89,Stage 4 (Downtrend),42.79,92.69,123324,54.1,1.23,False,1.1,462.0,2.7,False,Near Discount,49.62,33.51,False,Increasing,0.0812,False,False,True,23.78,86.55,False,139.08,83.21,91.0,86.55,111.15,87.11,92.58,92.77,98.41,133.68,79.44,304.0,169.0,Sideways,Moderate,23.19,Symmetrical Triangle,74,30-05-2025,15-08-2025,H1:30-05-2025@101.54 ; H2:04-07-2025@99.75 ; L1:20-06-2025@94.38 ; L2:15-08-2025@85.68,Double Top(66) | Rounding Top(59),Symmetrical Triangle(74) | Double Top(66) | Rounding Top(59),10470228,Software & IT Services
2025-08-26,APEX,229.38,Stage 1/3 (Neutral),49.06,225.0,47390,36.52,0.18,False,1.09,463.0,-0.78,False,Near Discount,44.31,19.8,False,Decreasing,0.1537,False,False,False,18.5,231.19,False,311.1,196.75,231.28,224.44,253.92,234.24,239.37,229.02,233.09,286.0,186.55,464.0,814.0,Sideways,Moderate,50.51,Ascending Channel,77,21-03-2025,15-08-2025,UL1:21-03-2025@231.81 ; UL2:18-04-2025@216.03 ; UL3:25-07-2025@248.64 ; UL4:15-08-2025@246.42 ; LL1:04-04-2025@206.46 ; LL2:09-05-2025@203.09 ; LL3:11-07-2025@240.67 ; LL4:08-08-2025@222.98,Double Top(66) | Rounding Top(59),Ascending Channel(77) | Double Top(66) | Rounding Top(59),24747636,Food & Tobacco
2025-08-26,MANAKCOAT,147.31,Stage 2 (Uptrend),63.33,111.74,73314,44.2,0.35,False,1.08,464.0,-1.42,True,Near Premium,49.81,14.33,False,Decreasing,0.1618,False,True,False,27.91,149.43,False,166.88,57.99,149.43,143.99,112.44,151.13,143.55,120.6,105.88,171.95,56.7,385.0,694.0,Uptrend,Strong,39.47,Flag Pattern (Bull Flag),80,17-12-2024,28-01-2025,PoleS:17-12-2024@102.32 ; PoleE:08-01-2025@110.2 ; Consol:28-01-2025@106.34,Broadening Formation(68),Flag Pattern (Bull Flag)(80) | Broadening Formation(68),19648727,Metals & Mining
2025-08-26,PILANIINVS,4928.5,Stage 2 (Uptrend),50.01,4627.4,2163,47.53,0.82,False,1.07,465.0,-0.13,True,Near Discount,39.48,39.95,False,Decreasing,0.0606,True,False,False,16.4,4935.0,False,7536.05,3324.3,4956.0,4884.5,5430.18,5030.68,5197.6,4896.01,4918.02,8207.45,3279.55,818.0,312.0,Sideways,Moderate,20.67,No Clear Pattern,0,,,,,No Clear Pattern,804925,Holding Companies
2025-08-26,GPTINFRA,115.85,Stage 4 (Downtrend),42.91,121.73,90045,67.19,0.4,False,1.04,466.0,-2.24,False,Near Discount,37.71,40.21,False,Decreasing,0.1799,False,False,False,12.5,118.5,False,200.1,86.64,118.99,114.78,143.37,122.85,125.47,130.09,126.56,193.75,84.48,359.0,654.0,Sideways,Weak,30.92,Falling Wedge,85,18-04-2025,15-08-2025,UL1:18-04-2025@138.15 ; UL2:23-05-2025@141.74 ; UL3:04-07-2025@129.32 ; UL4:25-07-2025@128.04 ; LL1:09-05-2025@116.98 ; LL2:20-06-2025@123.8 ; LL3:18-07-2025@123.5 ; LL4:15-08-2025@115.32,Double Top(66) | Rounding Top(59),Falling Wedge(85) | Double Top(66) | Rounding Top(59),12848817,Construction & Engineering
2025-08-26,BSHSL,144.34,Stage 1/3 (Neutral),53.96,135.57,71683,53.35,3.99,True,1.03,467.0,0.66,True,Near Discount,67.87,29.23,False,Increasing,0.1205,False,True,True,16.76,143.4,False,217.96,117.38,150.0,140.59,167.67,134.86,137.16,135.61,141.05,203.95,115.82,391.0,28.0,Sideways,Moderate,28.01,Flag Pattern (Bear Flag),80,17-12-2024,28-01-2025,PoleS:17-12-2024@159.29 ; PoleE:08-01-2025@145.77 ; Consol:28-01-2025@148.77,Symmetrical Triangle(78),Flag Pattern (Bear Flag)(80) | Symmetrical Triangle(78),1460785,Food & Tobacco
2025-08-26,PFS,38.54,Stage 2 (Uptrend),49.63,36.37,266953,65.71,0.51,False,1.03,467.0,-0.93,True,Near Discount,41.35,38.14,False,Decreasing,0.0997,False,False,False,13.92,38.9,False,60.42,29.95,39.23,38.31,45.18,39.47,40.71,37.91,37.95,62.3,29.41,195.0,554.0,Sideways,Weak,28.35,Symmetrical Triangle,74,18-04-2025,08-08-2025,H1:18-04-2025@32.95 ; H2:27-06-2025@42.71 ; L1:04-07-2025@40.93 ; L2:08-08-2025@38.07,,Symmetrical Triangle(74),88877040,Banking Services
2025-08-26,KESORAMIND,5.63,Stage 4 (Downtrend),17.17,39.46,1802849,,4.84,True,1.02,469.0,-1.23,False,Near Discount,53.5,97.61,False,Increasing,0.1286,False,False,True,26.86,5.7,False,232.1,2.99,5.7,5.45,117.54,5.32,5.77,5.27,94.89,235.98,2.84,49.0,19.0,Downtrend,Strong,36.74,Rounding Top,63,13-05-2025,26-08-2025,Start:13-05-2025@4.52 ; Q1:06-06-2025@6.36 ; Mid:03-07-2025@5.64 ; Q3:30-07-2025@5.52 ; End:26-08-2025@5.63,,Rounding Top(63),7339451,Chemicals
2025-08-26,INDNIPPON,782.75,Stage 2 (Uptrend),63.08,676.74,13087,58.1,0.44,False,1.02,469.0,-2.02,True,Near Premium,47.55,7.91,False,Decreasing,0.0748,False,True,False,24.43,798.85,False,831.6,552.05,798.85,778.05,691.82,795.34,773.22,709.72,680.93,850.0,545.3,659.0,623.0,Sideways,Moderate,25.5,Long-term Rounding Bottom,75,21-08-2024,26-08-2025,Start:21-08-2024@779.0 ; Q1:22-11-2024@692.3 ; Mid:20-02-2025@635.0 ; Q3:29-05-2025@691.95 ; End:26-08-2025@782.75,Ascending Channel(73) | Broadening Formation(68),Long-term Rounding Bottom(75) | Ascending Channel(73) | Broadening Formation(68),2349239,Automobiles & Auto Parts
2025-08-26,MAGADSUGAR,545.55,Stage 4 (Downtrend),41.45,616.87,18552,81.71,1.14,False,1.01,471.0,-2.06,False,Near Discount,45.46,45.99,False,Increasing,0.1614,False,False,True,34.11,557.0,False,957.45,459.65,560.95,542.75,708.55,533.87,599.28,651.79,632.39,1010.0,440.05,615.0,185.0,Downtrend,Strong,39.61,Broadening Formation,68,17-01-2025,15-08-2025,H1:24-01-2025@597.15 ; H2:30-05-2025@746.5 ; L1:17-01-2025@577.1 ; L2:15-08-2025@503.55,,Broadening Formation(68),3301369,Food & Tobacco
2025-08-26,PANAMAPET,330.8,Stage 4 (Downtrend),39.41,360.45,30078,78.94,1.31,False,0.99,472.0,-1.18,False,Near Discount,32.29,22.44,False,Increasing,0.0987,False,False,False,13.74,334.75,False,439.95,309.5,334.75,328.9,374.72,343.4,351.05,361.7,362.72,426.5,305.0,540.0,154.0,Sideways,Weak,20.43,No Clear Pattern,0,,,,,No Clear Pattern,7594552,Chemicals
2025-08-26,STERTOOLS,310.5,Stage 4 (Downtrend),40.85,338.31,31889,58.11,0.42,False,0.99,472.0,-2.65,False,Near Discount,37.73,58.28,False,Decreasing,0.1731,False,False,False,21.18,318.95,False,736.55,285.55,318.95,309.1,511.05,321.48,343.92,334.16,415.39,744.3,270.0,528.0,641.0,Sideways,Moderate,32.25,Broadening Formation,68,11-04-2025,08-08-2025,H1:25-04-2025@323.45 ; H2:18-07-2025@377.75 ; L1:11-04-2025@294.4 ; L2:08-08-2025@301.55,Double Top(66) | Rounding Top(59),Broadening Formation(68) | Double Top(66) | Rounding Top(59),14596962,Automobiles & Auto Parts
2025-08-26,EVERESTIND,620.3,Stage 1/3 (Neutral),55.02,526.34,15875,74.54,0.56,False,0.98,474.0,0.02,True,Near Discount,64.19,47.87,False,Decreasing,0.2948,False,True,True,31.32,620.2,False,1243.55,427.6,638.0,614.0,835.58,561.4,555.16,521.23,603.21,1189.95,420.0,632.0,499.0,Uptrend,Strong,60.77,Symmetrical Triangle,74,23-05-2025,08-08-2025,H1:23-05-2025@529.95 ; H2:18-07-2025@584.0 ; L1:11-07-2025@548.0 ; L2:08-08-2025@508.75,,Symmetrical Triangle(74),-16903,Homebuilding & Construction Supplies
2025-08-26,HESTERBIO,2116.2,Stage 1/3 (Neutral),56.54,1761.66,4628,41.94,0.15,False,0.98,474.0,-0.41,True,Near Discount,63.25,24.04,False,Decreasing,0.1815,False,True,True,32.37,2125.0,False,3212.7,1254.5,2150.7,2101.6,2233.6,1992.3,1894.85,1844.78,1953.61,2786.1,1242.95,772.0,827.0,Uptrend,Strong,57.92,Broadening Formation,68,25-04-2025,15-08-2025,H1:25-04-2025@1940.5 ; H2:01-08-2025@2193.8 ; L1:30-05-2025@1791.4 ; L2:15-08-2025@1893.7,,Broadening Formation(68),2250525,Pharmaceuticals
2025-08-26,DHANBANK,26.23,Stage 1/3 (Neutral),41.23,27.85,367150,59.68,0.96,False,0.96,476.0,-1.76,False,Near Discount,34.91,41.71,False,Increasing,0.0477,True,False,False,14.91,26.7,True,45.81,22.53,26.8,26.08,34.17,26.9,28.42,29.09,29.27,45.0,22.0,169.0,247.0,Sideways,Weak,20.68,Pennant Pattern,76,17-12-2024,28-01-2025,PoleS:17-12-2024@42.53 ; PoleE:08-01-2025@27.63 ; Consol:28-01-2025@23.21,Head and Shoulders(75),Pennant Pattern(76) | Head and Shoulders(75),44729346,Banking Services
2025-04-09,ADORWELD,852.45,Stage 4 (Downtrend),27.82,1099.76,11208,48.74,0.44,False,0.96,476.0,-0.3,False,Discount,43.32,42.75,False,Decreasing,0.0899,False,False,False,19.19,855.0,False,1470.2,836.65,860.0,837.35,1153.42,866.08,898.49,1019.93,1186.14,1489.0,788.0,677.0,623.0,Sideways,Moderate,35.87,Flag Pattern (Bear Flag),76,31-07-2024,11-09-2024,PoleS:31-07-2024@1431.85 ; PoleE:22-08-2024@1320.75 ; Consol:11-09-2024@1342.35,,Flag Pattern (Bear Flag)(76),-343983,NO DATA
2025-08-26,GUJALKALI,565.25,Stage 4 (Downtrend),42.56,587.3,16539,54.04,0.49,False,0.93,478.0,-0.84,False,Near Discount,45.18,37.19,False,Decreasing,0.0742,False,False,False,14.41,570.05,False,875.95,499.3,570.05,563.35,687.62,568.72,581.13,598.26,642.66,900.0,483.6,628.0,575.0,Sideways,Weak,21.88,Symmetrical Triangle,74,20-06-2025,15-08-2025,H1:27-06-2025@606.45 ; H2:25-07-2025@594.1 ; L1:20-06-2025@570.2 ; L2:15-08-2025@550.35,,Symmetrical Triangle(74),6039369,Chemicals
2025-08-26,KUANTUM,113.29,Stage 1/3 (Neutral),45.64,112.92,80937,64.58,1.08,False,0.92,479.0,-4.56,False,Near Discount,39.95,25.86,False,Decreasing,0.195,False,False,False,28.26,118.7,False,175.53,99.77,118.7,112.51,137.65,120.38,121.96,115.59,117.93,152.8,95.23,370.0,208.0,Uptrend,Strong,42.82,Ascending Channel,77,14-03-2025,25-07-2025,UL1:21-03-2025@111.48 ; UL2:18-04-2025@113.18 ; UL3:13-06-2025@114.54 ; LL1:25-07-2025@131.23 ; LL2:14-03-2025@100.42 ; LL3:09-05-2025@101.48 ; LL4:20-06-2025@113.65,Rounding Top(59),Ascending Channel(77) | Rounding Top(59),5060124,Paper & Forest Products
2025-08-26,RAJSREESUG,38.18,Stage 4 (Downtrend),33.68,44.83,238716,21.88,5.34,True,0.91,480.0,-0.83,False,Discount,15.36,52.55,False,Increasing,0.2096,False,False,False,25.31,38.5,False,83.4,37.84,40.5,37.71,60.62,41.23,45.12,45.84,49.63,80.47,35.6,203.0,15.0,Downtrend,Strong,17.02,Symmetrical Triangle,78,16-05-2025,27-06-2025,H1:16-05-2025@48.84 ; H2:27-06-2025@49.04 ; L1:30-05-2025@47.75 ; L2:20-06-2025@47.12,Triple Top(74) | Double Top(70) | Flag Pattern (Bear Flag)(68) | Rounding Top(63),Symmetrical Triangle(78) | Triple Top(74) | Double Top(70) | Flag Pattern (Bear Flag)(68) | Rounding Top(63),4999714,Food & Tobacco
2025-08-26,LAOPALA,243.4,Stage 1/3 (Neutral),44.71,241.35,37394,55.7,0.39,False,0.91,480.0,-1.76,False,Near Discount,40.72,36.94,False,Decreasing,0.21,False,False,False,19.34,247.75,False,383.25,203.1,247.95,241.85,293.18,257.16,259.92,249.55,266.41,386.0,187.37,507.0,663.0,Sideways,Moderate,44.48,Broadening Formation,68,28-02-2025,15-08-2025,H1:21-03-2025@221.72 ; H2:25-07-2025@279.15 ; L1:28-02-2025@203.1 ; L2:15-08-2025@237.15,Rounding Top(59),Broadening Formation(68) | Rounding Top(59),9366910,Household Goods
2025-08-26,ACCELYA,1412.3,Stage 1/3 (Neutral),51.22,1360.75,6313,63.76,0.57,False,0.89,482.0,-1.24,False,Near Discount,52.85,25.76,False,Decreasing,0.0415,False,True,True,21.58,1430.0,False,1927.75,1236.85,1444.7,1402.1,1582.3,1398.59,1404.35,1383.03,1414.4,1902.45,1218.5,745.0,493.0,Sideways,Moderate,18.25,Triple Bottom,90,20-06-2025,08-08-2025,P1:20-06-2025@1372.6 ; P2:11-07-2025@1393.9 ; P3:08-08-2025@1394.0,Symmetrical Triangle(74),Triple Bottom(90) | Symmetrical Triangle(74),743421,Software & IT Services
2025-08-26,OSWALAGRO,77.63,Stage 1/3 (Neutral),48.17,79.93,113762,46.37,0.23,False,0.88,483.0,-5.2,True,Near Premium,46.6,29.94,False,Decreasing,0.2109,False,False,False,15.44,81.89,False,103.89,42.26,81.89,77.15,73.08,78.06,83.01,85.59,77.38,110.8,57.5,315.0,777.0,Sideways,Moderate,63.45,Rounding Top,79,18-03-2025,26-08-2025,Start:18-03-2025@68.51 ; Q1:30-04-2025@78.03 ; Mid:10-06-2025@101.24 ; Q3:17-07-2025@85.67 ; End:26-08-2025@77.63,,Rounding Top(79),18517982,Investment Banking & Investment Services
2025-08-26,WHEELS,740.2,Stage 2 (Uptrend),51.32,699.8,11765,70.51,0.52,False,0.87,484.0,-0.15,True,Equilibrium,45.06,18.39,False,Decreasing,0.0937,False,False,False,18.12,741.3,False,901.5,560.3,752.4,735.0,730.9,741.31,772.22,738.29,703.52,907.0,543.6,672.0,544.0,Sideways,Moderate,25.79,Rounding Top,79,13-05-2025,26-08-2025,Start:13-05-2025@720.5 ; Q1:06-06-2025@745.1 ; Mid:03-07-2025@803.55 ; Q3:30-07-2025@772.5 ; End:26-08-2025@740.2,Long-term Rounding Bottom(75),Rounding Top(79) | Long-term Rounding Bottom(75),3732500,Automobiles & Auto Parts
2025-08-25,JPASSOCIAT,3.8,Stage 1/3 (Neutral),47.96,3.61,2300200,,0.25,False,0.87,484.0,0.0,False,Near Discount,55.96,77.58,False,Decreasing,0.3995,False,True,True,20.4,3.8,False,15.5,2.7,3.8,3.8,9.1,3.46,3.45,4.54,,16.95,2.56,37.0,766.0,Sideways,Moderate,74.65,Inverse Head and Shoulders,84,28-03-2025,04-07-2025,LS:28-03-2025@3.12 ; H:30-05-2025@2.7 ; RS:04-07-2025@3.04,Broadening Formation(68),Inverse Head and Shoulders(84) | Broadening Formation(68),-74849874,Consumer Goods Conglomerates
2025-08-26,MONTECARLO,569.75,Stage 4 (Downtrend),43.28,586.38,15035,47.84,0.58,False,0.86,486.0,-1.93,False,Near Discount,44.73,42.22,False,Decreasing,0.1112,False,False,False,21.61,580.95,False,952.2,524.75,581.0,566.3,738.48,571.5,590.29,589.11,652.31,986.0,518.05,640.0,485.0,Sideways,Moderate,27.38,Symmetrical Triangle,74,13-06-2025,15-08-2025,H1:13-06-2025@612.3 ; H2:11-07-2025@607.65 ; L1:20-06-2025@596.1 ; L2:15-08-2025@545.6,Triple Top(70),Symmetrical Triangle(74) | Triple Top(70),1725307,Textiles & Apparel
2025-08-26,ONWARDTEC,318.9,Stage 2 (Uptrend),50.83,295.78,26650,,2.34,True,0.85,487.0,-1.88,True,Near Discount,43.85,31.27,False,Increasing,0.105,False,False,False,13.16,325.0,False,488.1,208.25,331.0,315.0,348.18,326.17,332.75,302.55,302.12,464.0,206.0,561.0,58.0,Sideways,Weak,26.89,Rounding Top,75,17-06-2025,26-08-2025,Start:17-06-2025@306.3 ; Q1:03-07-2025@333.25 ; Mid:22-07-2025@350.45 ; Q3:07-08-2025@321.0 ; End:26-08-2025@318.9,Ascending Channel(73) | Broadening Formation(72),Rounding Top(75) | Ascending Channel(73) | Broadening Formation(72),7285491,Software & IT Services
2025-08-26,DREDGECORP,602.0,Stage 4 (Downtrend),39.61,640.18,14077,63.49,0.55,False,0.85,487.0,-1.16,False,Near Discount,26.82,50.28,False,Decreasing,0.1407,False,False,False,39.18,609.05,False,1438.4,509.8,616.0,600.6,974.1,645.62,679.82,670.59,708.95,1210.75,495.0,649.0,511.0,Downtrend,Strong,25.59,Rounding Top,59,21-04-2025,26-08-2025,Start:21-04-2025@611.35 ; Q1:22-05-2025@746.85 ; Mid:24-06-2025@701.1 ; Q3:24-07-2025@706.2 ; End:26-08-2025@602.0,,Rounding Top(59),8703195,Transport Infrastructure
2025-08-26,CONTROLPR,771.8,Stage 2 (Uptrend),55.15,698.76,11048,51.64,0.46,False,0.85,487.0,-1.89,True,Equilibrium,51.37,15.88,False,Decreasing,0.0988,False,False,True,20.23,786.7,False,900.05,589.3,786.7,765.0,744.68,755.77,787.71,727.74,705.29,917.5,547.0,680.0,608.0,Sideways,Moderate,34.52,Rounding Top,71,03-06-2025,26-08-2025,Start:03-06-2025@732.85 ; Q1:24-06-2025@778.65 ; Mid:15-07-2025@893.1 ; Q3:05-08-2025@759.2 ; End:26-08-2025@771.8,,Rounding Top(71),69765,"Machinery, Equipment & Components"
2025-08-26,VERTOZ,78.9,Stage 2 (Uptrend),63.56,30.3,107008,64.56,0.6,False,0.84,490.0,-1.99,True,Near Discount,50.32,29.13,False,Decreasing,0.1832,False,True,False,36.69,80.5,False,768.85,7.83,81.76,78.5,388.34,85.9,59.77,34.31,23.95,111.33,7.83,324.0,467.0,Uptrend,Strong,49.16,Diamond Bottom,76,03-01-2025,08-08-2025,H1:03-01-2025@14.85 ; H2:25-04-2025@10.15 ; H3:08-08-2025@90.88 ; L1:28-02-2025@9.13 ; L2:18-04-2025@8.2 ; L3:01-08-2025@83.68,Broadening Formation(68),Diamond Bottom(76) | Broadening Formation(68),97808914,Media & Publishing
2025-08-26,SELAN,552.25,Stage 4 (Downtrend),42.37,591.86,15126,59.55,0.36,False,0.84,490.0,-0.1,False,Near Discount,39.19,46.78,False,Decreasing,0.1491,False,False,False,35.5,552.8,False,1022.95,500.2,556.6,547.1,761.58,567.51,629.84,600.1,668.51,1037.75,475.85,639.0,684.0,Downtrend,Strong,39.88,Inverse Head and Shoulders,92,04-04-2025,30-05-2025,LS:04-04-2025@546.0 ; H:09-05-2025@500.2 ; RS:30-05-2025@549.25,Broadening Formation(68) | Rounding Top(59),Inverse Head and Shoulders(92) | Broadening Formation(68) | Rounding Top(59),12110858,NO DATA
2025-08-26,BUTTERFLY,737.65,Stage 2 (Uptrend),53.23,681.45,11388,33.52,0.2,False,0.84,490.0,-0.81,True,Near Discount,51.74,40.99,False,Increasing,0.0714,False,True,True,14.36,743.65,False,1175.95,555.0,750.0,727.8,865.48,730.24,729.85,711.32,709.72,1250.0,550.7,676.0,797.0,Sideways,Weak,30.35,Triple Bottom,82,20-06-2025,08-08-2025,P1:20-06-2025@717.3 ; P2:11-07-2025@711.1 ; P3:08-08-2025@706.9,Cup and Handle(79) | Double Bottom(78) | Rising Wedge(77) | Ascending Channel(69),Triple Bottom(82) | Cup and Handle(79) | Double Bottom(78) | Rising Wedge(77) | Ascending Channel(69),4374624,Household Goods
2025-08-26,RANEHOLDIN,1509.4,Stage 1/3 (Neutral),50.82,1419.75,5481,57.05,0.46,False,0.83,493.0,-0.48,False,Near Discount,49.49,38.61,False,Decreasing,0.0653,False,False,True,16.0,1516.7,False,2446.0,1097.2,1518.0,1495.1,1771.6,1497.26,1540.18,1474.25,1522.98,2458.7,1151.1,753.0,608.0,Sideways,Moderate,28.08,Ascending Channel,77,18-04-2025,08-08-2025,UL1:18-04-2025@1394.8 ; UL2:06-06-2025@1555.2 ; UL3:27-06-2025@1583.8 ; UL4:18-07-2025@1617.0 ; LL1:09-05-2025@1264.1 ; LL2:13-06-2025@1511.3 ; LL3:11-07-2025@1566.2 ; LL4:08-08-2025@1444.8,Broadening Formation(68),Ascending Channel(77) | Broadening Formation(68),2592678,Automobiles & Auto Parts
2025-08-26,VENUSREM,480.45,Stage 2 (Uptrend),58.27,390.55,17161,,1.38,False,0.82,494.0,-3.51,True,Near Premium,45.3,15.38,False,Increasing,0.1512,False,False,False,17.04,497.95,False,552.8,275.9,507.5,480.0,414.35,497.52,483.3,419.66,363.51,567.8,270.25,621.0,137.0,Sideways,Moderate,28.39,No Clear Pattern,0,,,,,No Clear Pattern,5976766,Pharmaceuticals
2025-04-21,RANEENGINE,317.75,Stage 4 (Downtrend),45.09,367.65,25811,65.24,0.74,False,0.82,494.0,-1.47,False,Near Discount,59.8,52.29,False,Decreasing,0.2333,False,True,True,20.78,322.5,False,642.95,261.15,324.45,310.55,452.05,288.75,289.39,346.67,402.97,666.0,254.3,571.0,367.0,Sideways,Moderate,70.84,Falling Wedge,85,16-08-2024,28-03-2025,UL1:23-08-2024@642.95 ; UL2:13-09-2024@546.35 ; UL3:20-12-2024@449.0 ; UL4:21-03-2025@292.5 ; LL1:16-08-2024@419.3 ; LL2:22-11-2024@382.0 ; LL3:28-02-2025@271.8 ; LL4:28-03-2025@265.8,Flag Pattern (Bull Flag)(84),Falling Wedge(85) | Flag Pattern (Bull Flag)(84),2175635,NO DATA
2025-08-26,INDIANHUME,374.95,Stage 1/3 (Neutral),44.15,387.71,21947,50.0,0.59,False,0.82,494.0,1.38,False,Near Discount,39.16,38.9,False,Decreasing,0.17,False,False,False,16.58,369.85,False,572.0,290.0,378.0,367.0,431.0,391.62,416.59,412.67,389.0,613.7,281.05,595.0,478.0,Sideways,Moderate,42.3,Rounding Top,59,21-04-2025,26-08-2025,Start:21-04-2025@399.65 ; Q1:22-05-2025@424.75 ; Mid:24-06-2025@409.3 ; Q3:24-07-2025@428.35 ; End:26-08-2025@374.95,,Rounding Top(59),14000896,Construction & Engineering
2025-08-26,ICEMAKE,726.6,Stage 1/3 (Neutral),42.9,805.48,11116,82.68,0.53,False,0.81,497.0,-1.01,False,Near Discount,38.89,33.26,False,Increasing,0.1453,False,False,False,23.95,734.05,False,1045.95,510.15,734.3,723.45,778.05,751.0,773.76,823.68,798.6,1088.75,575.15,678.0,532.0,Sideways,Moderate,34.79,No Clear Pattern,0,,,,,No Clear Pattern,2085344,"Machinery, Equipment & Components"
2025-08-26,AGROPHOS,46.08,Stage 2 (Uptrend),62.59,34.98,170964,,0.94,False,0.79,498.0,0.41,True,Near Premium,66.2,10.45,False,Increasing,0.3692,False,True,True,27.35,45.89,False,50.83,27.71,47.44,43.64,39.27,41.17,38.32,35.79,36.62,51.46,27.2,250.0,256.0,Uptrend,Strong,67.14,Triple Bottom,82,20-06-2025,15-08-2025,P1:20-06-2025@35.12 ; P2:11-07-2025@35.66 ; P3:15-08-2025@35.31,Double Bottom(78) | Broadening Formation(68),Triple Bottom(82) | Double Bottom(78) | Broadening Formation(68),10888711,Chemicals
2025-08-26,RESPONIND,197.15,Stage 4 (Downtrend),41.83,205.11,40195,53.18,0.45,False,0.79,498.0,-2.1,False,Near Discount,35.32,34.28,False,Decreasing,0.1604,False,False,False,23.28,201.38,False,327.7,176.7,201.59,196.1,252.2,206.78,220.92,207.35,222.64,300.0,155.8,495.0,614.0,Sideways,Moderate,33.75,Symmetrical Triangle,74,18-04-2025,15-08-2025,H1:18-04-2025@195.28 ; H2:11-07-2025@243.23 ; L1:20-06-2025@205.79 ; L2:15-08-2025@196.61,Rounding Top(59),Symmetrical Triangle(74) | Rounding Top(59),372114,Homebuilding & Construction Supplies
2025-08-26,KICL,4832.0,Stage 1/3 (Neutral),47.97,4644.64,1606,60.09,1.14,False,0.78,500.0,1.37,False,Near Discount,48.62,41.3,False,Increasing,0.0476,True,False,True,24.87,4766.7,False,8203.2,3536.5,4927.8,4688.8,5869.85,4796.18,4963.17,4862.73,5065.41,8231.45,3470.0,832.0,185.0,Sideways,Moderate,25.18,Symmetrical Triangle,74,18-04-2025,15-08-2025,H1:18-04-2025@4628.0 ; H2:06-06-2025@5269.0 ; L1:20-06-2025@5035.5 ; L2:15-08-2025@4701.8,,Symmetrical Triangle(74),571154,Investment Banking & Investment Services
2025-08-26,DEN,35.77,Stage 1/3 (Neutral),47.09,34.87,218143,51.83,0.45,False,0.78,500.0,-1.6,False,Near Discount,42.42,37.74,False,Decreasing,0.1043,False,False,False,16.13,36.35,False,57.59,29.43,36.35,35.45,43.51,36.56,37.39,35.76,37.52,57.45,28.14,214.0,614.0,Sideways,Moderate,26.97,Double Bottom,86,20-06-2025,15-08-2025,P1:20-06-2025@34.89 ; P2:15-08-2025@34.92,Broadening Formation(68) | Rounding Top(59),Double Bottom(86) | Broadening Formation(68) | Rounding Top(59),61558960,Media & Publishing
2025-08-26,AVADHSUGAR,424.3,Stage 4 (Downtrend),38.37,472.21,17885,57.49,0.72,False,0.76,502.0,-1.98,False,Near Discount,33.92,48.91,False,Decreasing,0.1192,False,False,False,31.48,432.85,False,814.95,367.8,434.2,422.0,591.38,442.58,473.05,501.43,494.6,830.5,354.4,618.0,380.0,Downtrend,Strong,27.74,Inverse Head and Shoulders,92,24-01-2025,11-04-2025,LS:24-01-2025@426.7 ; H:28-02-2025@373.75 ; RS:11-04-2025@425.65,,Inverse Head and Shoulders(92),8080934,Food & Tobacco
2025-08-26,CENTRUM,38.23,Stage 2 (Uptrend),61.11,30.67,197605,,0.7,False,0.76,502.0,-0.03,True,Near Premium,50.47,8.76,False,Decreasing,0.0912,False,True,False,16.89,38.24,False,42.96,23.03,39.95,37.5,33.0,38.8,36.84,32.48,31.46,41.9,22.4,235.0,396.0,Sideways,Moderate,35.68,Long-term Rounding Bottom,75,21-08-2024,26-08-2025,Start:21-08-2024@37.9 ; Q1:22-11-2024@32.79 ; Mid:20-02-2025@28.06 ; Q3:29-05-2025@34.72 ; End:26-08-2025@38.23,,Long-term Rounding Bottom(75),-2586869,Banking Services
2025-08-26,LIKHITHA,249.3,Stage 4 (Downtrend),37.21,274.65,30651,56.89,0.6,False,0.76,502.0,-0.56,False,Discount,36.11,44.85,False,Decreasing,0.1732,False,False,False,18.45,250.7,False,480.15,247.2,253.7,248.05,363.67,261.76,275.87,277.17,299.48,452.0,238.9,535.0,467.0,Sideways,Moderate,33.79,Broadening Formation,68,21-03-2025,15-08-2025,H1:21-03-2025@285.3 ; H2:08-08-2025@273.25 ; L1:04-04-2025@267.0 ; L2:15-08-2025@247.2,Rounding Top(59),Broadening Formation(68) | Rounding Top(59),10988651,Construction & Engineering
2025-08-26,APCOTEXIND,386.2,Stage 2 (Uptrend),52.99,358.4,19750,78.09,0.46,False,0.76,502.0,0.31,True,Equilibrium,37.28,18.47,False,Decreasing,0.1207,False,False,False,19.97,385.0,False,467.25,288.9,389.0,382.2,378.08,408.36,400.36,372.34,363.83,473.7,286.95,611.0,608.0,Sideways,Moderate,29.52,No Clear Pattern,0,,,,,No Clear Pattern,173780,Chemicals
2025-08-26,CLEDUCATE,115.45,Stage 1/3 (Neutral),63.59,90.15,65578,61.9,0.36,False,0.76,502.0,-2.57,True,Near Premium,72.64,15.72,False,Decreasing,0.4719,False,True,True,41.75,118.49,False,128.18,70.25,119.0,112.54,99.22,98.52,95.19,91.75,97.62,136.98,67.5,401.0,684.0,Uptrend,Strong,79.96,Triple Top,82,18-04-2025,18-07-2025,P1:18-04-2025@93.75 ; P2:13-06-2025@93.71 ; P3:18-07-2025@95.55,Flag Pattern (Bear Flag)(76) | Symmetrical Triangle(74),Triple Top(82) | Flag Pattern (Bear Flag)(76) | Symmetrical Triangle(74),15368682,Personal & Household Products & Services
2025-08-26,RML,875.95,Stage 2 (Uptrend),55.54,775.76,8571,71.93,0.55,False,0.75,507.0,-0.32,True,Near Discount,56.77,42.71,False,Decreasing,0.1336,False,False,True,21.86,878.8,False,1413.45,582.45,882.45,865.75,997.95,841.77,875.95,831.78,802.6,1529.0,575.0,706.0,511.0,Sideways,Moderate,25.21,No Clear Pattern,0,,,,,No Clear Pattern,3489152,Automobiles & Auto Parts
2025-08-26,DWARKESH,39.55,Stage 4 (Downtrend),39.71,42.95,189059,57.61,0.48,False,0.75,507.0,-1.0,False,Near Discount,33.84,50.77,False,Decreasing,0.1375,False,False,False,37.87,39.95,False,78.66,35.97,40.83,39.25,57.32,41.0,45.06,44.49,47.99,80.34,34.42,242.0,590.0,Downtrend,Strong,32.81,Symmetrical Triangle,74,25-04-2025,15-08-2025,H1:25-04-2025@40.52 ; H2:27-06-2025@49.78 ; L1:20-06-2025@46.3 ; L2:15-08-2025@38.85,Rounding Top(59),Symmetrical Triangle(74) | Rounding Top(59),55368266,Food & Tobacco
2025-08-26,RCOM,1.63,Stage 1/3 (Neutral),49.3,1.62,4451490,,0.98,False,0.73,509.0,-1.81,False,Near Discount,49.1,36.82,False,Decreasing,0.4447,False,True,True,14.86,1.66,False,2.58,1.26,1.69,1.63,1.92,1.6,1.58,1.7,,2.58,1.26,22.0,236.0,Sideways,Weak,72.82,Flag Pattern (Bear Flag),76,23-12-2024,17-04-2025,PoleS:23-12-2024@2.09 ; PoleE:03-03-2025@1.66 ; Consol:17-04-2025@1.6,Broadening Formation(68),Flag Pattern (Bear Flag)(76) | Broadening Formation(68),181605440,Telecommunications Services
2025-08-26,MANAKALUCO,31.58,Stage 2 (Uptrend),59.29,26.18,225674,38.45,1.17,False,0.71,510.0,3.14,True,Near Premium,57.08,11.04,False,Increasing,0.1326,False,True,True,31.97,30.62,False,35.58,18.25,32.83,30.14,26.92,30.83,28.55,27.36,26.98,35.5,17.81,209.0,180.0,Uptrend,Strong,47.79,Double Bottom,82,09-05-2025,20-06-2025,P1:09-05-2025@24.88 ; P2:20-06-2025@24.74,Ascending Channel(73) | Broadening Formation(68),Double Bottom(82) | Ascending Channel(73) | Broadening Formation(68),10367945,Metals & Mining
2025-08-26,HGS,522.7,Stage 4 (Downtrend),43.88,530.65,13678,54.3,0.71,False,0.71,510.0,-2.84,False,Near Discount,36.34,45.25,False,Decreasing,0.1402,False,False,False,15.35,538.0,False,926.95,454.1,538.2,521.1,690.53,550.3,556.73,531.06,579.98,954.75,437.0,655.0,390.0,Sideways,Moderate,30.2,Symmetrical Triangle,74,23-05-2025,18-07-2025,H1:23-05-2025@528.4 ; H2:18-07-2025@614.05 ; L1:06-06-2025@508.85 ; L2:11-07-2025@545.65,Rounding Top(59),Symmetrical Triangle(74) | Rounding Top(59),3947292,Software & IT Services
2025-08-26,SMSPHARMA,231.41,Stage 2 (Uptrend),47.77,229.27,30476,68.18,0.54,False,0.71,510.0,-1.11,False,Near Discount,45.39,41.86,False,Decreasing,0.1271,False,False,True,15.49,234.0,False,376.8,183.0,234.4,229.56,279.9,231.26,237.62,240.06,233.91,398.0,176.05,537.0,522.0,Sideways,Moderate,28.06,Diamond Bottom,80,07-02-2025,08-08-2025,H1:07-02-2025@217.48 ; H2:25-04-2025@240.35 ; H3:18-07-2025@251.55 ; L1:14-03-2025@190.86 ; L2:09-05-2025@238.06 ; L3:08-08-2025@224.31,Broadening Formation(68) | Double Top(66),Diamond Bottom(80) | Broadening Formation(68) | Double Top(66),12559011,Pharmaceuticals
2025-08-26,GICHSGFIN,173.83,Stage 4 (Downtrend),40.66,180.67,40641,65.24,0.51,False,0.71,510.0,-0.1,False,Near Discount,35.35,37.4,False,Decreasing,0.1115,False,False,False,27.36,174.0,False,270.48,159.95,175.31,173.1,215.22,180.79,188.83,185.65,188.91,277.69,156.01,492.0,554.0,Downtrend,Strong,25.27,Broadening Formation,68,14-03-2025,15-08-2025,H1:18-04-2025@179.06 ; H2:11-07-2025@199.02 ; L1:14-03-2025@160.73 ; L2:15-08-2025@173.22,Double Top(66) | Rounding Top(59),Broadening Formation(68) | Double Top(66) | Rounding Top(59),24685485,Banking Services
2025-08-26,LUXIND,1296.6,Stage 4 (Downtrend),38.3,1402.06,5492,63.4,0.3,False,0.71,510.0,0.12,False,Near Discount,35.09,47.51,False,Decreasing,0.102,False,False,False,32.64,1295.0,False,2417.7,1214.2,1302.9,1291.0,1815.95,1330.0,1400.88,1425.67,1551.11,2469.95,1211.0,752.0,730.0,Downtrend,Strong,21.23,Head and Shoulders,72,18-04-2025,11-07-2025,LS:18-04-2025@1438.2 ; H:23-05-2025@1585.2 ; RS:11-07-2025@1466.0,Broadening Formation(68) | Rounding Top(59),Head and Shoulders(72) | Broadening Formation(68) | Rounding Top(59),6992629,Textiles & Apparel
2025-08-26,STEL,449.75,Stage 2 (Uptrend),58.85,405.44,15541,68.64,1.44,False,0.7,515.0,5.19,True,Equilibrium,67.12,25.69,False,Decreasing,0.1388,False,True,True,21.88,427.55,False,586.5,322.9,468.05,415.7,454.7,425.21,416.53,412.36,415.75,605.25,310.1,637.0,125.0,Sideways,Moderate,20.71,Triple Top,82,27-12-2024,06-06-2025,P1:27-12-2024@431.05 ; P2:21-03-2025@440.05 ; P3:06-06-2025@436.65,Pennant Pattern(73) | Rounding Bottom(71),Triple Top(82) | Pennant Pattern(73) | Rounding Bottom(71),1024895,Holding Companies
2025-08-26,ENIL,170.99,Stage 2 (Uptrend),60.98,144.88,40784,67.96,0.72,False,0.7,515.0,2.35,True,Near Discount,63.93,28.32,False,Increasing,0.2128,False,True,True,23.88,167.07,False,261.05,124.83,172.0,163.16,192.94,157.99,151.6,146.13,154.45,238.55,121.0,491.0,380.0,Sideways,Moderate,51.9,Triple Bottom,82,20-06-2025,01-08-2025,P1:20-06-2025@142.5 ; P2:11-07-2025@145.64 ; P3:01-08-2025@145.59,Ascending Channel(69),Triple Bottom(82) | Ascending Channel(69),2864754,Media & Publishing
2025-08-26,IGPL,439.6,Stage 4 (Downtrend),45.02,452.55,15850,61.1,0.45,False,0.7,515.0,-2.33,False,Near Discount,42.7,39.53,False,Decreasing,0.1984,False,False,False,24.39,450.1,False,706.95,406.9,456.5,437.3,556.92,455.15,468.22,459.83,479.52,727.0,386.0,633.0,614.0,Sideways,Moderate,39.45,No Clear Pattern,0,,,,,No Clear Pattern,1951225,Chemicals
2025-03-19,CAREERP,377.75,Stage 4 (Downtrend),47.04,422.38,18505,72.7,0.44,False,0.7,515.0,2.58,False,Near Discount,61.12,33.61,True,Decreasing,0.2026,False,True,True,16.3,368.25,False,538.9,314.5,380.7,366.8,426.7,342.64,352.04,393.27,428.65,569.0,298.0,616.0,623.0,Sideways,Moderate,51.95,Pennant Pattern,76,10-07-2024,22-08-2024,PoleS:10-07-2024@394.4 ; PoleE:01-08-2024@538.15 ; Consol:22-08-2024@534.05,Diamond Top(75) | Rounding Bottom(74) | Broadening Formation(71),Pennant Pattern(76) | Diamond Top(75) | Rounding Bottom(74) | Broadening Formation(71),2428043,NO DATA
2025-08-26,PANACHE,246.6,Stage 1/3 (Neutral),52.84,239.51,28057,,3.64,True,0.69,519.0,-0.9,True,Near Premium,50.11,28.64,False,Increasing,0.1232,True,True,False,12.65,248.85,False,340.0,72.45,258.0,238.8,206.22,251.82,235.43,228.26,246.53,345.55,145.25,551.0,29.0,Sideways,Weak,25.27,Rounding Bottom,79,18-03-2025,26-08-2025,Start:18-03-2025@254.0 ; Q1:30-04-2025@263.95 ; Mid:10-06-2025@186.81 ; Q3:17-07-2025@261.32 ; End:26-08-2025@246.6,,Rounding Bottom(79),2245117,"Computers, Phones & Household Electronics"
2025-08-26,FCL,28.99,Stage 4 (Downtrend),43.08,30.06,236468,53.62,0.91,False,0.69,519.0,-3.79,False,Near Discount,41.48,44.99,False,Decreasing,0.18,False,False,False,25.67,30.13,False,50.72,25.7,30.18,28.84,38.21,29.69,31.65,30.54,33.53,52.7,24.85,206.0,272.0,Downtrend,Strong,39.65,Triple Bottom,90,11-04-2025,15-08-2025,P1:11-04-2025@27.32 ; P2:09-05-2025@27.73 ; P3:15-08-2025@28.07,Double Bottom(86) | Broadening Formation(68) | Flag Pattern (Bear Flag)(64) | Rounding Top(59),Triple Bottom(90) | Double Bottom(86) | Broadening Formation(68) | Flag Pattern (Bear Flag)(64) | Rounding Top(59),26554199,Chemicals
2025-08-26,ARIHANTSUP,413.95,Stage 1/3 (Neutral),52.72,399.35,16358,57.99,0.59,False,0.68,521.0,1.2,True,Equilibrium,46.85,25.23,False,Decreasing,0.0626,True,True,False,21.94,409.05,False,542.9,281.05,417.7,409.05,411.98,419.74,410.74,393.54,411.74,553.6,294.45,629.0,478.0,Sideways,Moderate,19.5,Rounding Top,79,01-07-2025,26-08-2025,Start:01-07-2025@401.6 ; Q1:15-07-2025@423.6 ; Mid:29-07-2025@434.05 ; Q3:12-08-2025@419.2 ; End:26-08-2025@413.95,Broadening Formation(68),Rounding Top(79) | Broadening Formation(68),5640359,Real Estate Operations
2025-08-26,SIMPLEXINF,294.65,Stage 1/3 (Neutral),52.88,286.18,23149,62.15,0.2,False,0.68,521.0,-3.39,True,Near Premium,50.93,16.29,False,Decreasing,0.1963,False,True,False,20.88,305.0,False,341.25,113.05,305.2,293.0,227.15,295.38,285.93,289.89,287.72,352.0,137.75,582.0,797.0,Sideways,Moderate,45.22,Head and Shoulders,92,07-02-2025,30-05-2025,LS:07-02-2025@298.65 ; H:18-04-2025@328.05 ; RS:30-05-2025@291.95,Inverse Head and Shoulders(88) | Cup and Handle(83) | Rounding Bottom(75),Head and Shoulders(92) | Inverse Head and Shoulders(88) | Cup and Handle(83) | Rounding Bottom(75),12012761,Construction & Engineering
2025-08-26,IFGLEXPOR,259.87,Stage 2 (Uptrend),56.26,221.11,26335,52.75,0.15,False,0.68,521.0,-3.39,True,Equilibrium,54.33,21.36,False,Decreasing,0.2592,False,True,True,38.41,269.0,False,343.28,166.95,269.0,257.3,255.11,243.68,256.58,237.17,224.62,330.48,163.02,568.0,827.0,Uptrend,Strong,78.98,No Clear Pattern,0,,,,,No Clear Pattern,1399791,Construction Materials
2025-08-26,UGARSUGAR,41.49,Stage 4 (Downtrend),39.13,45.83,160565,57.91,1.13,False,0.67,524.0,0.8,False,Near Discount,38.41,55.46,False,Increasing,0.1441,False,False,False,38.89,41.16,False,89.34,39.73,42.47,40.95,64.54,42.19,45.63,45.97,52.8,93.15,38.91,262.0,188.0,Downtrend,Strong,26.78,Broadening Formation,68,21-03-2025,15-08-2025,H1:21-03-2025@47.85 ; H2:04-07-2025@49.89 ; L1:09-05-2025@40.34 ; L2:15-08-2025@39.73,Double Top(66) | Diamond Top(60) | Rounding Top(59),Broadening Formation(68) | Double Top(66) | Diamond Top(60) | Rounding Top(59),10592370,Food & Tobacco
2025-08-26,JAGRAN,71.77,Stage 4 (Downtrend),45.48,72.04,93754,73.99,0.69,False,0.67,524.0,-1.16,False,Near Discount,44.1,35.57,False,Increasing,0.0345,True,False,False,18.11,72.61,False,107.75,66.19,72.98,71.5,86.97,72.74,72.35,72.95,75.7,111.4,65.01,353.0,401.0,Sideways,Moderate,17.45,Ascending Channel,77,07-03-2025,18-07-2025,UL1:07-03-2025@71.66 ; UL2:18-04-2025@76.33 ; UL3:30-05-2025@76.25 ; UL4:18-07-2025@74.77 ; LL1:28-03-2025@68.95 ; LL2:09-05-2025@68.5 ; LL3:13-06-2025@71.4 ; LL4:11-07-2025@71.32,Triple Top(70) | Broadening Formation(68) | Double Top(66),Ascending Channel(77) | Triple Top(70) | Broadening Formation(68) | Double Top(66),10595757,Media & Publishing
2025-08-26,VSSL,248.55,Stage 2 (Uptrend),49.25,238.67,27054,63.4,0.57,False,0.67,524.0,-2.49,True,Equilibrium,41.26,22.81,False,Decreasing,0.0912,False,False,False,9.95,254.9,False,331.95,185.07,254.9,247.15,258.51,258.37,258.23,251.71,240.91,322.0,178.0,558.0,493.0,Sideways,Weak,35.44,Triple Bottom,82,20-06-2025,08-08-2025,P1:20-06-2025@251.4 ; P2:18-07-2025@257.05 ; P3:08-08-2025@254.8,Symmetrical Triangle(74) | Diamond Bottom(72) | Rounding Top(71),Triple Bottom(82) | Symmetrical Triangle(74) | Diamond Bottom(72) | Rounding Top(71),4714523,Metals & Mining
2025-08-26,TVSSRICHAK,2858.7,Stage 4 (Downtrend),43.9,2895.55,2328,63.62,0.3,False,0.67,524.0,-0.75,False,Near Discount,40.15,41.66,False,Decreasing,0.1046,False,False,False,21.0,2880.2,False,4814.3,2448.9,2890.0,2830.6,3631.6,2902.36,3029.33,2965.36,3095.35,4900.0,2431.8,816.0,730.0,Sideways,Moderate,19.98,Ascending Channel,77,28-03-2025,08-08-2025,UL1:18-04-2025@3033.1 ; UL2:16-05-2025@3034.0 ; UL3:13-06-2025@3138.9 ; UL4:04-07-2025@3233.3 ; LL1:28-03-2025@2520.05 ; LL2:09-05-2025@2801.4 ; LL3:30-05-2025@2926.2 ; LL4:08-08-2025@2809.4,Rounding Top(59),Ascending Channel(77) | Rounding Top(59),262417,Automobiles & Auto Parts
2025-08-26,FAIRCHEMOR,796.7,Stage 4 (Downtrend),37.6,905.72,8250,74.33,1.02,False,0.66,528.0,-2.68,False,Near Discount,21.0,44.87,False,Increasing,0.1239,False,False,False,24.1,818.65,True,1513.05,773.45,825.8,791.85,1143.25,852.67,914.84,892.67,943.2,1445.0,752.0,713.0,223.0,Sideways,Moderate,17.94,Flag Pattern (Bear Flag),67,17-12-2024,28-01-2025,PoleS:17-12-2024@1194.2 ; PoleE:08-01-2025@1043.5 ; Consol:28-01-2025@1059.9,Rounding Top(62),Flag Pattern (Bear Flag)(67) | Rounding Top(62),1688218,Chemicals
2025-08-26,MANALIPETC,65.13,Stage 2 (Uptrend),50.17,62.14,101150,50.86,0.2,False,0.66,528.0,-1.32,True,Near Discount,43.78,32.66,False,Decreasing,0.1198,False,False,False,15.27,66.0,False,101.82,51.6,66.59,65.0,76.71,66.25,68.78,62.6,62.28,96.72,49.93,337.0,797.0,Sideways,Moderate,32.86,Broadening Formation,68,28-02-2025,15-08-2025,H1:07-03-2025@62.15 ; H2:18-07-2025@79.25 ; L1:28-02-2025@61.29 ; L2:15-08-2025@64.21,,Broadening Formation(68),60773472,Chemicals
2025-08-26,MAGNUM,24.65,Stage 4 (Downtrend),41.08,26.7,264724,86.68,1.75,False,0.65,530.0,-2.91,False,Near Discount,55.31,56.45,False,Increasing,0.1298,False,False,True,15.93,25.39,False,54.68,22.6,25.39,24.15,38.64,23.72,24.72,25.91,31.17,56.6,22.25,196.0,90.0,Sideways,Moderate,39.54,Double Top,70,25-04-2025,16-05-2025,P1:25-04-2025@27.9 ; P2:16-05-2025@28.09,,Double Top(70),1326223,Paper & Forest Products
2025-08-26,INDORAMA,50.45,Stage 2 (Uptrend),57.38,43.28,127962,,0.97,False,0.65,530.0,-3.44,True,Near Premium,45.8,15.21,False,Decreasing,0.1461,False,True,False,15.83,52.25,False,58.61,32.94,53.5,50.35,45.78,52.03,50.41,45.92,42.94,59.5,32.0,298.0,243.0,Sideways,Moderate,45.05,No Clear Pattern,0,,,,,No Clear Pattern,32095149,Textiles & Apparel
2025-08-26,CENTENKA,501.65,Stage 1/3 (Neutral),47.49,501.24,12705,62.35,0.6,False,0.64,532.0,-1.04,False,Near Discount,48.65,42.0,False,Decreasing,0.0623,False,False,True,26.32,506.9,False,821.4,421.35,506.9,494.45,621.38,501.32,507.38,495.92,538.5,864.9,419.3,665.0,467.0,Uptrend,Strong,22.32,Cup and Handle,87,27-03-2025,01-08-2025,RimL:27-03-2025@554.3 ; Btm:13-05-2025@421.35 ; RimR:22-07-2025@529.6 ; Hdl:01-08-2025@490.9,Rounding Bottom(79) | Symmetrical Triangle(74) | Diamond Top(60),Cup and Handle(87) | Rounding Bottom(79) | Symmetrical Triangle(74) | Diamond Top(60),7635451,Textiles & Apparel
2025-08-26,SPLIL,40.85,Stage 1/3 (Neutral),49.04,39.1,153152,17.94,11.58,True,0.63,533.0,-0.1,False,Near Discount,59.27,41.64,False,Increasing,0.2149,False,True,True,23.39,40.89,False,67.0,31.65,44.0,39.5,49.32,38.81,40.38,38.61,45.52,70.0,30.4,267.0,5.0,Sideways,Moderate,35.98,Broadening Formation,72,28-02-2025,15-08-2025,H1:07-03-2025@40.76 ; H2:04-07-2025@44.18 ; L1:28-02-2025@36.31 ; L2:15-08-2025@35.46,Rounding Top(63),Broadening Formation(72) | Rounding Top(63),930698,Textiles & Apparel
2025-08-26,BHAGERIA,186.19,Stage 1/3 (Neutral),51.24,175.94,33700,55.88,0.81,False,0.63,533.0,1.19,True,Near Discount,53.18,35.22,False,Decreasing,0.2162,False,False,True,30.13,184.0,False,269.27,144.97,187.31,181.53,207.12,181.78,191.02,180.96,182.95,287.4,132.0,520.0,320.0,Downtrend,Strong,40.86,Rounding Top,71,13-05-2025,26-08-2025,Start:13-05-2025@161.49 ; Q1:06-06-2025@189.44 ; Mid:03-07-2025@204.4 ; Q3:30-07-2025@202.39 ; End:26-08-2025@186.19,,Rounding Top(71),16728673,Chemicals
2025-08-26,JAYBARMARU,84.35,Stage 2 (Uptrend),56.66,72.16,74239,,0.22,False,0.63,533.0,-0.65,True,Near Discount,55.96,23.72,False,Increasing,0.2162,False,True,True,29.44,84.9,False,121.69,56.61,87.5,82.1,89.15,83.64,79.33,74.22,77.15,110.58,55.5,381.0,784.0,Uptrend,Strong,59.31,Ascending Channel,69,25-04-2025,15-08-2025,UL1:25-04-2025@63.66 ; UL2:23-05-2025@78.83 ; UL3:13-06-2025@78.29 ; UL4:08-08-2025@90.44 ; LL1:09-05-2025@59.68 ; LL2:20-06-2025@77.0 ; LL3:25-07-2025@72.58 ; LL4:15-08-2025@81.25,Broadening Formation(68),Ascending Channel(69) | Broadening Formation(68),4716915,Automobiles & Auto Parts
2025-08-26,AUTOAXLES,1726.1,Stage 1/3 (Neutral),48.04,1722.05,3603,52.57,0.22,False,0.62,536.0,-2.72,False,Near Discount,46.18,18.0,False,Decreasing,0.1919,False,False,False,17.28,1774.4,False,2137.6,1549.05,1774.4,1718.5,1843.32,1747.96,1784.68,1746.05,1741.23,2105.0,1520.0,794.0,784.0,Sideways,Moderate,33.58,Broadening Formation,68,14-03-2025,15-08-2025,H1:21-03-2025@1719.25 ; H2:25-07-2025@1896.7 ; L1:14-03-2025@1549.05 ; L2:15-08-2025@1634.5,Rounding Top(59),Broadening Formation(68) | Rounding Top(59),110994,Automobiles & Auto Parts
2025-08-26,5PAISA,357.9,Stage 4 (Downtrend),37.94,377.75,17093,55.03,1.08,False,0.61,537.0,-1.26,False,Near Discount,33.21,41.04,False,Increasing,0.0868,False,False,False,35.31,362.45,False,588.1,315.8,362.45,350.0,451.95,373.54,390.87,389.15,407.0,607.05,311.65,622.0,208.0,Downtrend,Strong,23.9,Symmetrical Triangle,74,09-05-2025,04-07-2025,H1:30-05-2025@410.95 ; H2:04-07-2025@413.6 ; L1:09-05-2025@354.75 ; L2:20-06-2025@390.0,Double Top(66) | Rounding Top(59),Symmetrical Triangle(74) | Double Top(66) | Rounding Top(59),-1216664,Investment Banking & Investment Services
2025-08-26,SESHAPAPER,272.85,Stage 4 (Downtrend),45.32,279.01,22370,43.73,0.64,False,0.61,537.0,-1.85,False,Near Discount,49.24,26.94,False,Decreasing,0.0761,False,False,True,27.51,278.0,False,367.05,260.05,278.0,270.05,313.55,268.7,285.02,280.91,287.6,373.45,256.25,592.0,431.0,Downtrend,Strong,39.78,Broadening Formation,68,07-02-2025,20-06-2025,H1:21-02-2025@301.35 ; H2:20-06-2025@306.45 ; L1:07-02-2025@282.15 ; L2:06-06-2025@282.15,Diamond Top(60) | Rounding Top(59),Broadening Formation(68) | Diamond Top(60) | Rounding Top(59),776916,Paper & Forest Products
2025-08-26,VISAKAIND,83.49,Stage 1/3 (Neutral),51.3,75.54,72105,,0.73,False,0.6,539.0,-3.46,True,Near Discount,44.59,32.34,False,Increasing,0.0859,False,False,False,14.57,86.48,False,121.44,57.09,87.3,83.0,89.26,85.21,85.99,78.97,81.16,123.4,55.05,390.0,374.0,Sideways,Weak,30.93,Triple Bottom,82,20-06-2025,15-08-2025,P1:20-06-2025@80.74 ; P2:25-07-2025@83.08 ; P3:15-08-2025@83.39,Double Top(78) | Broadening Formation(68),Triple Bottom(82) | Double Top(78) | Broadening Formation(68),14580353,Construction Materials
2025-08-26,BROOKS,139.39,Stage 1/3 (Neutral),49.04,134.97,41083,,1.71,False,0.57,540.0,-0.66,False,Equilibrium,36.16,29.91,False,Increasing,0.1361,False,False,False,17.16,140.31,False,194.97,73.8,143.5,136.15,134.38,150.93,148.59,141.1,142.03,198.86,95.55,488.0,92.0,Sideways,Moderate,36.42,Rounding Top,75,01-07-2025,26-08-2025,Start:01-07-2025@145.97 ; Q1:15-07-2025@157.76 ; Mid:29-07-2025@148.0 ; Q3:12-08-2025@148.78 ; End:26-08-2025@139.39,,Rounding Top(75),6906021,Pharmaceuticals
2025-08-26,VIKASECO,2.1,Stage 4 (Downtrend),34.59,2.38,2709665,61.4,0.93,False,0.57,540.0,-2.33,False,Discount,34.85,48.4,False,Decreasing,0.1055,False,False,False,21.8,2.15,False,4.07,2.08,2.15,2.1,3.08,2.19,2.34,2.36,2.66,4.07,2.07,32.0,263.0,Sideways,Moderate,26.08,No Clear Pattern,0,,,,,No Clear Pattern,-37078436,Chemicals
2025-08-26,OMAXE,87.92,Stage 1/3 (Neutral),45.79,87.15,64971,54.27,0.41,False,0.57,540.0,-1.57,False,Near Discount,32.21,35.31,False,Decreasing,0.1301,False,False,False,24.07,89.32,False,162.31,70.27,89.49,87.25,116.29,93.89,99.0,90.88,93.15,135.9,68.91,404.0,646.0,Sideways,Moderate,31.92,Flag Pattern (Bear Flag),64,17-12-2024,28-01-2025,PoleS:17-12-2024@117.9 ; PoleE:08-01-2025@98.83 ; Consol:28-01-2025@95.53,,Flag Pattern (Bear Flag)(64),24745578,Real Estate Operations
2025-08-26,CHEMCON,215.41,Stage 2 (Uptrend),51.75,200.65,26547,56.33,0.13,False,0.57,540.0,-2.55,True,Near Discount,43.6,27.79,False,Decreasing,0.1271,False,True,False,30.55,221.05,False,289.85,165.65,224.95,213.0,227.75,228.02,213.11,204.29,209.96,298.3,160.0,563.0,836.0,Uptrend,Strong,51.02,Cup and Handle,79,14-05-2025,26-08-2025,RimL:14-05-2025@218.98 ; Btm:19-06-2025@189.12 ; RimR:18-07-2025@232.07 ; Hdl:26-08-2025@215.41,Broadening Formation(68),Cup and Handle(79) | Broadening Formation(68),4840336,Chemicals
2025-08-26,SAKAR,331.95,Stage 2 (Uptrend),54.58,298.05,16869,,1.94,False,0.56,544.0,-1.5,True,Near Premium,46.94,12.83,False,Increasing,0.104,False,False,False,19.5,337.0,False,369.0,211.72,337.0,331.0,290.36,333.24,345.55,320.31,300.07,380.8,210.1,625.0,79.0,Sideways,Moderate,24.19,Double Top,90,27-06-2025,25-07-2025,P1:27-06-2025@362.25 ; P2:25-07-2025@362.65,Rounding Top(83) | Diamond Bottom(80),Double Top(90) | Rounding Top(83) | Diamond Bottom(80),-128591,Pharmaceuticals
2025-08-26,SRHHYPOLTD,588.5,Stage 1/3 (Neutral),46.96,580.11,9485,63.27,0.61,False,0.56,544.0,-2.18,False,Near Discount,35.34,37.53,False,Decreasing,0.1022,False,False,False,23.7,601.6,False,898.5,455.25,601.6,585.0,676.88,616.11,637.3,596.18,626.42,942.0,464.3,695.0,459.0,Sideways,Moderate,31.93,Symmetrical Triangle,74,13-06-2025,08-08-2025,H1:13-06-2025@670.5 ; H2:18-07-2025@687.7 ; L1:20-06-2025@613.95 ; L2:08-08-2025@591.8,,Symmetrical Triangle(74),4869788,Chemicals
2025-08-26,MATRIMONY,505.9,Stage 4 (Downtrend),42.48,518.43,11035,53.65,0.45,False,0.56,544.0,-0.98,False,Near Discount,41.72,40.48,False,Decreasing,0.1017,False,False,False,35.96,510.9,False,844.15,489.5,514.4,500.25,666.82,521.02,526.57,516.38,564.37,849.9,487.0,681.0,614.0,Downtrend,Strong,24.35,Triple Bottom,90,11-04-2025,11-07-2025,P1:11-04-2025@499.8 ; P2:30-05-2025@500.0 ; P3:11-07-2025@511.6,Broadening Formation(68) | Double Top(66) | Rounding Top(59),Triple Bottom(90) | Broadening Formation(68) | Double Top(66) | Rounding Top(59),4185461,Software & IT Services
2025-08-26,A2ZINFRA,18.92,Stage 1/3 (Neutral),51.06,17.59,289015,,1.43,False,0.55,547.0,1.72,True,Equilibrium,43.78,29.4,False,Increasing,0.2237,False,False,False,13.39,18.6,False,26.62,12.68,19.3,18.0,19.65,19.66,20.02,17.77,18.53,26.8,12.35,185.0,127.0,Sideways,Weak,32.51,Broadening Formation,68,20-12-2024,25-07-2025,H1:03-01-2025@26.17 ; H2:25-07-2025@21.99 ; L1:20-12-2024@21.83 ; L2:09-05-2025@12.68,,Broadening Formation(68),10318340,Construction & Engineering
2025-08-26,MAXIND,216.49,Stage 1/3 (Neutral),53.37,198.6,25260,50.66,0.33,False,0.55,547.0,-1.6,False,Near Discount,58.96,32.49,False,Decreasing,0.0952,False,True,True,42.69,220.0,False,329.6,171.0,220.0,213.32,250.3,210.81,201.21,196.24,219.13,320.69,169.0,572.0,705.0,Uptrend,Strong,38.2,Pennant Pattern,73,17-12-2024,28-01-2025,PoleS:17-12-2024@311.23 ; PoleE:08-01-2025@259.05 ; Consol:28-01-2025@243.05,Rising Wedge(65),Pennant Pattern(73) | Rising Wedge(65),2175308,Healthcare Providers & Services
2025-08-26,SOUTHWEST,135.62,Stage 2 (Uptrend),50.05,130.04,40010,,1.4,False,0.54,549.0,0.76,True,Equilibrium,44.91,19.75,False,Increasing,0.1548,False,False,False,13.66,134.6,False,163.68,99.78,138.9,133.0,131.73,137.67,143.85,137.25,132.99,169.0,99.06,496.0,132.0,Sideways,Weak,38.3,Inverse Head and Shoulders,88,20-12-2024,20-06-2025,LS:20-12-2024@148.27 ; H:14-03-2025@103.26 ; RS:20-06-2025@144.73,Rounding Top(79) | Broadening Formation(68),Inverse Head and Shoulders(88) | Rounding Top(79) | Broadening Formation(68),6008761,Oil & Gas Related Equipment and Services
2025-06-26,UMANGDAIRY,85.73,Stage 4 (Downtrend),50.77,86.82,62942,61.53,1.02,False,0.54,549.0,-5.06,False,Near Discount,49.73,48.17,False,Decreasing,0.2109,False,True,False,23.76,90.3,False,160.44,67.6,92.45,83.36,114.02,86.68,81.98,80.6,89.15,165.4,67.03,409.0,223.0,Sideways,Moderate,52.83,Cup and Handle,87,13-03-2025,26-06-2025,RimL:13-03-2025@84.29 ; Btm:28-03-2025@71.34 ; RimR:21-05-2025@84.36 ; Hdl:26-06-2025@85.73,Rounding Bottom(79) | Symmetrical Triangle(74) | Diamond Top(60),Cup and Handle(87) | Rounding Bottom(79) | Symmetrical Triangle(74) | Diamond Top(60),11767920,NO DATA
2025-08-26,BALAJITELE,93.04,Stage 2 (Uptrend),59.19,78.16,57642,,0.97,False,0.54,549.0,2.44,True,Near Premium,50.21,8.78,False,Increasing,0.1364,False,True,False,13.89,90.82,False,100.19,51.1,94.98,90.05,75.64,93.17,92.55,85.36,76.29,102.0,49.02,427.0,243.0,Sideways,Weak,39.9,Long-term Cup and Handle,83,16-12-2024,19-06-2025,RimL:16-12-2024@94.18 ; Btm:13-03-2025@51.1 ; RimR:11-06-2025@95.75 ; Hdl:19-06-2025@85.74,,Long-term Cup and Handle(83),21663262,Media & Publishing
2025-08-26,VETO,112.6,Stage 4 (Downtrend),44.88,114.35,46639,61.71,0.58,False,0.53,552.0,-0.35,False,Near Discount,33.06,42.55,False,Increasing,0.2388,False,False,False,19.36,113.0,False,192.95,94.11,115.5,110.61,143.53,121.86,124.28,118.86,120.3,196.0,92.6,468.0,485.0,Sideways,Moderate,43.74,Broadening Formation,68,25-04-2025,15-08-2025,H1:25-04-2025@112.32 ; H2:01-08-2025@134.91 ; L1:09-05-2025@99.19 ; L2:15-08-2025@111.34,,Broadening Formation(68),20048384,"Machinery, Equipment & Components"
2025-08-26,BALAXI,45.66,Stage 4 (Downtrend),32.73,55.6,116180,31.04,0.44,False,0.53,552.0,-2.89,False,Near Discount,38.57,64.17,False,Decreasing,0.1007,False,False,False,16.57,47.02,False,136.29,43.67,47.19,45.5,89.98,47.34,48.59,52.67,62.31,127.45,42.56,309.0,623.0,Sideways,Moderate,52.31,Falling Wedge,85,07-03-2025,15-08-2025,UL1:07-03-2025@70.93 ; UL2:11-04-2025@67.76 ; UL3:13-06-2025@51.99 ; UL4:15-08-2025@47.71 ; LL1:28-03-2025@63.92 ; LL2:09-05-2025@52.27 ; LL3:30-05-2025@49.99 ; LL4:08-08-2025@43.67,Diamond Top(60) | Descending Channel(57),Falling Wedge(85) | Diamond Top(60) | Descending Channel(57),-6779617,Pharmaceuticals
2025-08-26,HLVLTD,11.56,Stage 4 (Downtrend),36.86,13.16,447891,63.29,0.81,False,0.52,554.0,-2.86,False,Discount,35.17,48.74,False,Decreasing,0.1879,False,False,False,20.88,11.9,False,27.7,11.43,11.98,11.05,19.56,12.4,12.93,13.08,14.72,22.55,10.86,144.0,320.0,Sideways,Moderate,41.13,Symmetrical Triangle,74,13-06-2025,25-07-2025,H1:13-06-2025@14.1 ; H2:18-07-2025@13.37 ; L1:20-06-2025@13.17 ; L2:25-07-2025@12.72,Rounding Top(59),Symmetrical Triangle(74) | Rounding Top(59),-3084924,Hotels & Entertainment Services
2025-08-26,DISHTV,5.13,Stage 4 (Downtrend),38.09,5.7,1014275,53.95,0.54,False,0.52,554.0,-0.77,False,Near Discount,43.04,67.82,False,Decreasing,0.1045,False,False,False,12.97,5.17,False,17.0,4.77,5.17,5.08,10.88,5.18,5.3,5.35,7.18,15.94,4.71,87.0,522.0,Sideways,Weak,21.59,Double Bottom,86,20-06-2025,15-08-2025,P1:20-06-2025@4.95 ; P2:15-08-2025@4.96,Symmetrical Triangle(74) | Rounding Top(59),Double Bottom(86) | Symmetrical Triangle(74) | Rounding Top(59),-267990971,Media & Publishing
2025-08-26,MUNJALSHOW,137.46,Stage 1/3 (Neutral),51.45,128.09,37511,44.72,0.54,False,0.52,554.0,-3.56,True,Near Discount,47.59,28.64,False,Decreasing,0.1824,False,False,False,19.24,142.54,False,186.51,106.82,142.59,136.05,146.66,137.78,140.34,132.34,133.94,192.63,104.2,506.0,522.0,Sideways,Moderate,38.3,Double Bottom,78,27-06-2025,08-08-2025,P1:27-06-2025@131.85 ; P2:08-08-2025@131.35,Flag Pattern (Bear Flag)(76) | Rounding Top(71),Double Bottom(78) | Flag Pattern (Bear Flag)(76) | Rounding Top(71),10491024,Automobiles & Auto Parts
2025-08-26,ITDC,532.7,Stage 4 (Downtrend),40.67,575.41,9579,53.96,0.68,False,0.51,557.0,-1.39,False,Near Discount,34.9,32.26,False,Decreasing,0.1198,False,False,False,23.58,540.2,False,900.15,474.95,542.3,530.0,687.55,558.2,583.14,586.96,593.4,786.4,467.05,694.0,403.0,Sideways,Moderate,26.51,Cup and Handle,87,10-06-2025,26-08-2025,RimL:10-06-2025@633.0 ; Btm:23-06-2025@579.25 ; RimR:10-07-2025@608.95 ; Hdl:26-08-2025@532.7,Double Top(66),Cup and Handle(87) | Double Top(66),14400442,Hotels & Entertainment Services
2025-08-26,KOTHARIPET,164.05,Stage 1/3 (Neutral),47.33,163.65,31277,58.95,0.55,False,0.51,557.0,-3.8,False,Near Discount,46.35,38.65,False,Decreasing,0.1212,False,False,True,22.6,170.53,False,257.97,123.45,170.53,162.17,190.71,162.96,171.83,168.19,172.66,267.42,132.31,533.0,511.0,Sideways,Moderate,37.28,Rounding Top,59,13-05-2025,26-08-2025,Start:13-05-2025@159.67 ; Q1:06-06-2025@169.78 ; Mid:03-07-2025@177.96 ; Q3:30-07-2025@162.45 ; End:26-08-2025@164.05,,Rounding Top(59),11206810,Chemicals
2025-08-26,NRAIL,408.5,Stage 2 (Uptrend),67.39,300.79,12305,,0.74,False,0.5,559.0,0.0,True,Near Premium,66.93,5.67,True,Decreasing,0.1579,False,True,True,16.73,408.5,False,527.35,217.2,408.5,408.5,372.28,369.12,360.34,311.57,314.7,433.05,205.75,668.0,367.0,Sideways,Moderate,47.54,No Clear Pattern,0,,,,,No Clear Pattern,771620,Paper & Forest Products
2025-08-26,NDL,3.36,Stage 4 (Downtrend),37.58,3.73,1438841,72.64,0.59,False,0.48,560.0,-0.3,False,Near Discount,31.05,54.29,False,Decreasing,0.0904,False,False,False,35.24,3.37,False,7.21,3.15,3.39,3.33,5.18,3.47,3.66,3.77,4.14,7.35,3.05,59.0,478.0,Downtrend,Strong,17.22,Symmetrical Triangle,74,18-04-2025,20-06-2025,H1:18-04-2025@4.07 ; H2:30-05-2025@4.04 ; L1:09-05-2025@3.52 ; L2:20-06-2025@3.74,Double Top(66),Symmetrical Triangle(74) | Double Top(66),31623486,Textiles & Apparel
2025-08-26,RUSHIL,23.03,Stage 4 (Downtrend),40.07,25.47,208297,50.59,0.48,False,0.48,560.0,1.23,False,Near Discount,38.9,42.35,False,Decreasing,0.1674,False,False,False,30.38,22.75,False,43.87,20.83,23.8,22.59,32.35,23.38,26.24,25.84,27.8,39.95,19.57,220.0,590.0,Downtrend,Strong,39.78,Symmetrical Triangle,74,06-06-2025,15-08-2025,H1:06-06-2025@30.27 ; H2:04-07-2025@28.94 ; L1:20-06-2025@28.26 ; L2:15-08-2025@21.54,Rounding Top(59),Symmetrical Triangle(74) | Rounding Top(59),-13146536,Paper & Forest Products
2025-08-26,SCHAND,193.92,Stage 4 (Downtrend),41.73,202.67,24546,71.3,0.48,False,0.48,560.0,-1.16,False,Near Discount,34.32,24.81,False,Decreasing,0.2189,False,False,False,31.13,196.2,False,249.82,158.72,197.01,193.21,204.27,203.93,220.09,215.14,206.12,257.9,156.91,575.0,590.0,Downtrend,Strong,34.31,Long-term Rounding Bottom,79,21-08-2024,26-08-2025,Start:21-08-2024@230.15 ; Q1:22-11-2024@200.72 ; Mid:20-02-2025@182.81 ; Q3:29-05-2025@219.04 ; End:26-08-2025@193.92,Broadening Formation(68) | Rounding Top(59),Long-term Rounding Bottom(79) | Broadening Formation(68) | Rounding Top(59),5581005,Media & Publishing
2025-08-26,EXPLEOSOL,1043.6,Stage 1/3 (Neutral),44.29,1027.47,4625,60.09,0.42,False,0.48,560.0,-1.7,False,Near Discount,34.38,33.42,False,Decreasing,0.2301,False,False,False,35.01,1061.7,False,1532.9,769.05,1061.7,1034.6,1150.97,1115.94,1204.73,1072.51,1133.18,1567.45,735.35,773.0,641.0,Downtrend,Strong,37.54,No Clear Pattern,0,,,,,No Clear Pattern,1580588,Software & IT Services
2025-08-26,TCIEXP,677.05,Stage 4 (Downtrend),41.17,703.05,7089,61.86,0.41,False,0.48,560.0,-0.73,False,Near Discount,40.45,42.13,False,Decreasing,0.0791,False,False,False,25.15,682.0,False,1259.05,612.75,685.1,675.0,935.9,685.48,721.19,717.98,747.8,1170.0,601.0,729.0,646.0,Downtrend,Strong,24.62,Rounding Top,59,21-04-2025,26-08-2025,Start:21-04-2025@694.9 ; Q1:22-05-2025@754.8 ; Mid:24-06-2025@748.6 ; Q3:24-07-2025@722.2 ; End:26-08-2025@677.05,,Rounding Top(59),830592,Freight & Logistics Services
2025-08-26,TVTODAY,147.26,Stage 4 (Downtrend),35.02,164.1,31690,53.42,0.35,False,0.47,565.0,-1.75,False,Near Discount,39.18,47.41,False,Decreasing,0.1039,False,False,False,28.88,149.89,False,287.0,141.12,150.49,146.22,214.06,147.84,161.22,165.35,176.52,280.0,139.92,529.0,694.0,Downtrend,Strong,40.99,Broadening Formation,68,14-03-2025,08-08-2025,H1:18-04-2025@169.99 ; H2:18-07-2025@170.59 ; L1:14-03-2025@151.23 ; L2:08-08-2025@142.3,,Broadening Formation(68),5978599,Media & Publishing
2025-08-26,HILTON,52.6,Stage 4 (Downtrend),37.65,69.03,87645,,1.42,False,0.46,566.0,-3.93,False,Discount,29.38,57.32,False,Increasing,0.1545,False,False,False,33.32,54.75,True,124.25,52.6,54.75,51.5,88.42,57.13,62.42,66.04,76.96,123.25,51.2,362.0,128.0,Downtrend,Strong,34.88,Falling Wedge,88,21-02-2025,15-08-2025,UL1:21-02-2025@91.91 ; UL2:23-05-2025@80.24 ; UL3:11-07-2025@67.54 ; UL4:15-08-2025@59.6 ; LL1:14-03-2025@70.4 ; LL2:09-05-2025@53.2 ; LL3:06-06-2025@69.45 ; LL4:04-07-2025@62.74,,Falling Wedge(88),-16950718,Metals & Mining
2025-08-26,NDTV,141.99,Stage 1/3 (Neutral),48.81,135.95,32158,,0.84,False,0.46,566.0,1.42,False,Near Discount,51.77,33.02,False,Decreasing,0.1986,False,False,True,26.4,140.0,False,263.4,111.76,145.95,138.2,187.58,136.49,145.63,141.8,145.1,212.0,107.11,525.0,303.0,Downtrend,Strong,43.23,Broadening Formation,68,21-03-2025,15-08-2025,H1:21-03-2025@122.64 ; H2:27-06-2025@162.48 ; L1:28-03-2025@111.76 ; L2:15-08-2025@125.48,Double Top(66),Broadening Formation(68) | Double Top(66),9688489,Media & Publishing
2025-08-26,TTKHLTCARE,1142.5,Stage 4 (Downtrend),37.92,1223.64,4057,56.57,0.8,False,0.46,566.0,-0.03,False,Near Discount,36.77,39.68,False,Increasing,0.1583,False,False,False,34.58,1142.9,False,1843.1,1104.5,1159.9,1130.9,1473.8,1169.39,1254.79,1241.56,1289.62,1893.95,1101.05,783.0,328.0,Downtrend,Strong,27.11,Symmetrical Triangle,74,09-05-2025,15-08-2025,H1:23-05-2025@1286.1 ; H2:04-07-2025@1357.8 ; L1:09-05-2025@1173.1 ; L2:15-08-2025@1130.8,Rounding Top(59),Symmetrical Triangle(74) | Rounding Top(59),211224,Pharmaceuticals
2025-08-26,EMAMIREAL,120.09,Stage 2 (Uptrend),54.41,110.79,37872,86.13,2.31,True,0.45,569.0,-3.33,True,Equilibrium,55.45,23.59,False,Increasing,0.1432,False,True,True,17.52,124.23,False,154.46,76.71,129.0,120.09,115.58,115.77,114.82,115.42,111.01,157.16,72.87,504.0,59.0,Sideways,Moderate,42.13,Triple Top,94,16-05-2025,25-07-2025,P1:16-05-2025@118.48 ; P2:20-06-2025@118.3 ; P3:25-07-2025@120.91,Cup and Handle(87) | Double Bottom(86) | Symmetrical Triangle(78) | Pennant Pattern(77),Triple Top(94) | Cup and Handle(87) | Double Bottom(86) | Symmetrical Triangle(78) | Pennant Pattern(77),4530485,Real Estate Operations
2025-08-26,AARVI,121.65,Stage 1/3 (Neutral),57.1,109.39,37130,68.91,0.31,False,0.45,569.0,0.54,True,Equilibrium,65.23,27.59,False,Decreasing,0.309,False,True,True,28.77,121.0,False,158.42,97.66,124.48,119.31,128.04,110.02,109.24,109.03,117.42,168.0,88.0,509.0,723.0,Uptrend,Strong,79.13,Rounding Bottom,71,03-06-2025,26-08-2025,Start:03-06-2025@115.05 ; Q1:24-06-2025@108.52 ; Mid:15-07-2025@106.84 ; Q3:05-08-2025@101.39 ; End:26-08-2025@121.65,,Rounding Bottom(71),3362191,Professional & Commercial Services
2025-08-26,OMAXAUTO,150.0,Stage 2 (Uptrend),71.44,100.38,30247,,0.06,False,0.45,569.0,-4.4,True,Near Premium,59.24,9.53,False,Decreasing,0.1987,False,True,True,51.71,156.9,False,161.85,79.73,156.9,148.1,120.79,149.05,118.47,102.92,103.83,165.8,77.55,539.0,860.0,Uptrend,Strong,86.87,No Clear Pattern,0,,,,,No Clear Pattern,15883898,Automobiles & Auto Parts
2025-08-26,SETCO,16.31,Stage 4 (Downtrend),48.14,17.63,269136,68.37,4.2,True,0.44,572.0,0.18,False,Near Premium,56.16,24.77,False,Increasing,0.187,False,False,True,22.84,16.28,False,21.26,9.67,16.33,15.61,15.46,15.2,16.58,17.49,17.09,21.68,9.36,194.0,25.0,Sideways,Moderate,48.9,Diamond Top,76,20-12-2024,27-06-2025,H1:20-12-2024@20.13 ; H2:07-02-2025@18.93 ; H3:27-06-2025@19.27 ; L1:27-12-2024@18.49 ; L2:28-02-2025@16.4 ; L3:20-06-2025@17.0,,Diamond Top(76),10146843,Automobiles & Auto Parts
2025-08-26,DVL,338.75,Stage 4 (Downtrend),46.74,340.49,12913,72.12,0.42,False,0.44,572.0,-1.9,False,Near Discount,41.78,37.66,False,Decreasing,0.0806,False,False,False,17.02,345.3,False,520.65,297.25,345.3,337.75,408.95,351.18,346.84,344.99,354.44,543.35,293.1,663.0,641.0,Sideways,Moderate,38.96,Rounding Bottom,79,21-04-2025,26-08-2025,Start:21-04-2025@354.7 ; Q1:22-05-2025@333.35 ; Mid:24-06-2025@345.1 ; Q3:24-07-2025@364.35 ; End:26-08-2025@338.75,,Rounding Bottom(79),5272126,Chemicals
2025-08-26,GULPOLY,164.46,Stage 4 (Downtrend),42.71,180.05,26520,61.12,0.32,False,0.44,572.0,-1.34,False,Near Discount,40.78,37.59,False,Decreasing,0.0652,True,False,False,16.31,166.69,False,257.37,148.01,166.69,164.05,202.69,168.14,171.73,182.49,181.42,263.52,141.0,564.0,714.0,Sideways,Moderate,26.23,Symmetrical Triangle,74,09-05-2025,08-08-2025,H1:16-05-2025@212.6 ; H2:08-08-2025@173.32 ; L1:09-05-2025@185.04 ; L2:01-08-2025@165.31,,Symmetrical Triangle(74),21564736,Chemicals
2025-08-26,AJMERA,182.21,Stage 1/3 (Neutral),51.21,176.78,23952,44.84,0.22,False,0.44,572.0,0.03,False,Equilibrium,49.65,26.81,False,Decreasing,0.118,False,False,True,20.5,182.15,False,237.98,125.15,184.91,179.84,181.57,180.53,184.98,178.09,186.66,248.96,123.89,579.0,784.0,Sideways,Moderate,48.94,Rising Wedge,77,28-02-2025,08-08-2025,UL1:21-03-2025@194.87 ; UL2:18-04-2025@175.57 ; UL3:20-06-2025@195.33 ; UL4:25-07-2025@190.43 ; LL1:28-02-2025@148.8 ; LL2:09-05-2025@153.52 ; LL3:04-07-2025@183.49 ; LL4:08-08-2025@173.75,,Rising Wedge(77),11689761,Real Estate Operations
2025-08-26,BANSWRAS,124.0,Stage 4 (Downtrend),39.5,137.33,34831,60.84,1.41,False,0.43,576.0,-3.31,False,Discount,29.16,30.65,False,Increasing,0.1864,False,False,False,25.84,128.25,False,176.05,120.78,128.42,123.5,148.42,135.4,142.15,140.95,139.58,178.8,112.6,516.0,130.0,Downtrend,Strong,29.54,Broadening Formation,68,07-02-2025,04-07-2025,H1:07-02-2025@140.61 ; H2:04-07-2025@159.67 ; L1:28-02-2025@125.48 ; L2:20-06-2025@137.25,Rounding Top(59),Broadening Formation(68) | Rounding Top(59),3902460,Textiles & Apparel
2025-08-26,SNOWMAN,52.34,Stage 4 (Downtrend),42.66,53.34,81785,68.4,0.44,False,0.43,576.0,-2.53,False,Near Discount,37.54,42.89,False,Decreasing,0.0639,True,False,False,19.22,53.7,False,90.49,43.15,53.7,52.1,66.82,53.56,57.01,55.46,58.55,91.65,43.0,367.0,623.0,Sideways,Moderate,27.21,Symmetrical Triangle,74,25-04-2025,15-08-2025,H1:25-04-2025@52.63 ; H2:13-06-2025@62.31 ; L1:06-06-2025@57.88 ; L2:15-08-2025@52.22,Rounding Top(59),Symmetrical Triangle(74) | Rounding Top(59),70098037,Freight & Logistics Services
2025-08-26,BLBLIMITED,15.74,Stage 1/3 (Neutral),49.17,15.54,269872,84.54,0.74,False,0.42,578.0,0.7,False,Near Discount,50.53,36.91,False,Increasing,0.1583,False,True,False,31.54,15.63,False,22.72,13.18,15.96,15.12,17.95,15.92,15.26,15.24,16.85,24.95,13.1,193.0,367.0,Uptrend,Strong,61.44,Rounding Bottom,79,18-03-2025,26-08-2025,Start:18-03-2025@15.47 ; Q1:30-04-2025@15.05 ; Mid:10-06-2025@14.82 ; Q3:17-07-2025@14.64 ; End:26-08-2025@15.74,,Rounding Bottom(79),1552827,Investment Banking & Investment Services
2025-08-26,TEXINFRA,95.9,Stage 4 (Downtrend),41.5,100.21,43481,60.39,0.48,False,0.42,578.0,-1.03,False,Near Discount,38.81,39.87,False,Decreasing,0.0508,True,False,False,12.01,96.9,False,155.11,89.38,97.0,95.57,122.24,97.46,100.08,100.72,109.73,159.5,85.35,479.0,590.0,Sideways,Weak,16.08,Cup and Handle,87,24-03-2025,19-08-2025,RimL:24-03-2025@108.84 ; Btm:08-05-2025@92.33 ; RimR:05-06-2025@107.18 ; Hdl:19-08-2025@95.4,Triple Top(70) | Double Top(66),Cup and Handle(87) | Triple Top(70) | Double Top(66),43661359,Real Estate Operations
2025-08-26,UFO,74.53,Stage 1/3 (Neutral),47.46,72.46,56109,56.98,0.2,False,0.42,578.0,-0.69,False,Near Discount,48.71,48.95,False,Decreasing,0.1202,False,True,False,41.75,75.05,False,148.54,61.1,75.97,74.12,104.82,74.97,73.83,71.56,81.72,146.0,59.95,431.0,797.0,Uptrend,Strong,40.13,Cup and Handle,87,11-06-2025,11-08-2025,RimL:11-06-2025@77.6 ; Btm:19-06-2025@68.83 ; RimR:10-07-2025@78.73 ; Hdl:11-08-2025@73.4,Double Bottom(86),Cup and Handle(87) | Double Bottom(86),13400126,Media & Publishing
2025-08-26,THEMISMED,100.28,Stage 4 (Downtrend),29.98,137.58,41652,66.04,0.11,False,0.42,578.0,-0.25,False,Discount,32.99,68.37,False,Decreasing,0.1602,False,False,False,28.86,100.53,False,300.15,100.28,101.69,99.04,200.21,106.26,118.43,127.53,180.11,317.0,99.04,485.0,841.0,Downtrend,Strong,52.71,No Clear Pattern,0,,,,,No Clear Pattern,13769732,Pharmaceuticals
2025-08-26,TIL,276.3,Stage 1/3 (Neutral),43.78,279.2,14356,,0.93,False,0.4,582.0,0.66,False,Near Discount,28.08,36.5,False,Decreasing,0.3436,False,False,False,43.12,274.5,False,426.65,165.4,285.95,268.7,296.02,307.77,350.41,312.87,285.76,435.15,165.4,646.0,263.0,Downtrend,Strong,40.33,Long-term Rounding Bottom,79,21-08-2024,26-08-2025,Start:21-08-2024@386.55 ; Q1:22-11-2024@270.25 ; Mid:20-02-2025@191.19 ; Q3:29-05-2025@349.86 ; End:26-08-2025@276.3,Rounding Top(59),Long-term Rounding Bottom(79) | Rounding Top(59),1461710,"Machinery, Equipment & Components"
2025-08-26,SUBEXLTD,13.01,Stage 4 (Downtrend),40.83,13.6,304832,,0.58,False,0.4,582.0,-1.06,False,Near Discount,44.01,58.92,False,Decreasing,0.1214,False,False,True,21.89,13.15,False,35.83,11.05,13.24,12.65,23.44,13.01,13.67,13.5,16.49,31.67,10.55,184.0,485.0,Sideways,Moderate,33.16,Broadening Formation,68,11-04-2025,15-08-2025,H1:25-04-2025@12.41 ; H2:15-08-2025@13.75 ; L1:11-04-2025@11.66 ; L2:08-08-2025@12.36,Rounding Top(59),Broadening Formation(68) | Rounding Top(59),47535340,Software & IT Services
2025-08-26,ESTER,107.29,Stage 4 (Downtrend),38.92,124.61,37274,59.94,0.33,False,0.4,582.0,-1.01,False,Near Discount,39.49,39.72,False,Decreasing,0.1764,False,False,False,21.95,108.39,False,172.24,103.69,108.44,106.59,137.96,109.78,119.44,123.1,134.7,178.0,102.99,508.0,705.0,Sideways,Moderate,40.9,No Clear Pattern,0,,,,,No Clear Pattern,38609722,Chemicals
2025-08-26,VASWANI,54.56,Stage 2 (Uptrend),59.38,44.79,71305,,1.56,False,0.39,585.0,4.52,True,Near Premium,57.17,26.15,False,Increasing,0.0906,False,True,True,20.06,52.2,False,68.95,30.4,55.0,52.2,49.68,52.77,51.05,46.66,46.72,73.88,33.3,392.0,110.0,Sideways,Moderate,31.79,No Clear Pattern,0,,,,,No Clear Pattern,19969687,Metals & Mining
2025-08-26,MAHASTEEL,352.35,Stage 2 (Uptrend),67.83,292.92,10716,60.42,1.39,False,0.38,586.0,-1.65,True,Near Premium,50.72,6.5,False,Increasing,0.0966,False,True,False,13.08,358.25,False,367.9,96.1,358.25,348.0,232.0,352.58,350.66,312.44,264.97,376.85,129.05,685.0,133.0,Sideways,Weak,40.33,Rounding Top,79,01-07-2025,26-08-2025,Start:01-07-2025@344.1 ; Q1:15-07-2025@367.5 ; Mid:29-07-2025@361.9 ; Q3:12-08-2025@328.6 ; End:26-08-2025@352.35,,Rounding Top(79),4744917,Metals & Mining
2025-08-26,STARPAPER,176.35,Stage 1/3 (Neutral),49.03,170.7,21510,70.53,0.87,False,0.38,586.0,-2.81,False,Near Discount,52.45,28.83,False,Decreasing,0.0864,False,True,True,15.1,181.45,False,273.05,153.65,181.45,175.8,213.35,173.4,175.7,172.94,183.13,247.79,152.49,598.0,292.0,Sideways,Moderate,29.16,Double Bottom,86,20-06-2025,08-08-2025,P1:20-06-2025@171.63 ; P2:08-08-2025@168.07,Ascending Channel(77) | Broadening Formation(68),Double Bottom(86) | Ascending Channel(77) | Broadening Formation(68),1537353,Paper & Forest Products
2025-08-26,INDOCO,277.25,Stage 1/3 (Neutral),47.57,264.69,13782,62.74,0.31,False,0.38,586.0,-0.98,False,Equilibrium,38.21,28.46,False,Decreasing,0.1863,False,False,False,15.02,280.0,False,379.6,196.47,282.5,275.0,288.04,294.12,305.75,278.54,282.59,387.55,190.0,653.0,723.0,Sideways,Moderate,34.18,Ascending Triangle,88,11-04-2025,04-07-2025,H1:16-05-2025@253.25 ; H2:04-07-2025@338.65 ; L1:11-04-2025@230.81 ; L2:02-05-2025@229.66,Rounding Top(59),Ascending Triangle(88) | Rounding Top(59),1877000,Pharmaceuticals
2025-08-26,PRIMESECU,257.05,Stage 2 (Uptrend),47.46,250.45,14837,52.92,0.28,False,0.38,586.0,-2.47,False,Equilibrium,37.79,28.4,False,Decreasing,0.1081,False,False,False,16.64,263.55,False,344.75,174.05,264.65,255.0,259.4,270.22,278.19,261.17,260.44,359.0,196.85,642.0,745.0,Sideways,Moderate,29.8,No Clear Pattern,0,,,,,No Clear Pattern,4932120,Investment Banking & Investment Services
2025-08-26,PRAXIS,13.56,Stage 1/3 (Neutral),52.86,11.96,273685,,1.11,False,0.37,590.0,0.0,False,Near Discount,66.88,51.26,False,Decreasing,0.3706,False,True,True,26.17,13.56,False,27.82,8.73,13.56,13.56,18.27,11.42,12.16,11.56,14.82,27.82,8.65,190.0,192.0,Uptrend,Strong,55.31,Symmetrical Triangle,74,23-05-2025,08-08-2025,H1:23-05-2025@14.13 ; H2:04-07-2025@13.21 ; L1:27-06-2025@12.07 ; L2:08-08-2025@9.97,,Symmetrical Triangle(74),38821431,Specialty Retailers
2025-08-26,AUTOIND,70.86,Stage 4 (Downtrend),39.36,77.9,52063,58.36,0.77,False,0.37,590.0,-3.55,False,Near Discount,41.78,54.87,False,Decreasing,0.1132,False,False,False,19.17,73.47,False,150.98,65.89,73.47,70.1,108.44,72.49,76.17,79.05,87.5,157.0,65.1,449.0,348.0,Sideways,Moderate,41.19,Rounding Top,59,18-03-2025,26-08-2025,Start:18-03-2025@66.72 ; Q1:30-04-2025@75.72 ; Mid:10-06-2025@89.19 ; Q3:17-07-2025@78.22 ; End:26-08-2025@70.86,,Rounding Top(59),13959334,Automobiles & Auto Parts
2025-08-26,KHADIM,233.5,Stage 4 (Downtrend),35.57,281.28,15900,78.25,0.76,False,0.37,590.0,-2.44,False,Discount,24.78,44.53,False,Decreasing,0.2191,False,False,False,22.85,239.35,False,434.05,233.5,239.95,232.5,333.78,257.2,265.49,278.31,308.93,420.95,232.5,631.0,355.0,Sideways,Moderate,22.86,Triple Top,70,25-04-2025,18-07-2025,P1:25-04-2025@298.95 ; P2:23-05-2025@304.0 ; P3:18-07-2025@297.85,Double Top(66),Triple Top(70) | Double Top(66),2285806,Specialty Retailers
2025-08-26,VALIANTORG,335.95,Stage 1/3 (Neutral),45.22,347.34,10651,,0.62,False,0.36,593.0,-3.18,False,Near Discount,36.94,33.84,False,Decreasing,0.1225,False,False,False,23.7,347.0,False,490.5,229.45,351.5,335.0,359.98,351.43,387.92,383.44,344.04,507.8,227.05,687.0,453.0,Sideways,Moderate,49.43,Long-term Rounding Bottom,79,21-08-2024,26-08-2025,Start:21-08-2024@388.35 ; Q1:22-11-2024@328.3 ; Mid:20-02-2025@275.75 ; Q3:29-05-2025@456.3 ; End:26-08-2025@335.95,Symmetrical Triangle(74) | Rounding Top(59),Long-term Rounding Bottom(79) | Symmetrical Triangle(74) | Rounding Top(59),3084300,Chemicals
2025-08-26,GINNIFILA,49.35,Stage 2 (Uptrend),63.07,35.27,72276,,0.45,False,0.36,593.0,0.51,True,Near Premium,49.37,14.62,False,Decreasing,0.2001,False,True,False,18.35,49.1,False,55.12,19.14,51.5,48.0,37.13,50.71,47.73,39.73,33.7,57.8,19.01,389.0,614.0,Sideways,Moderate,53.48,Cup and Handle,83,19-06-2025,05-08-2025,RimL:19-06-2025@49.67 ; Btm:14-07-2025@42.65 ; RimR:30-07-2025@49.79 ; Hdl:05-08-2025@47.57,,Cup and Handle(83),9016205,Textiles & Apparel
2025-08-26,ASAL,485.85,Stage 4 (Downtrend),43.13,508.13,7482,50.72,0.3,False,0.36,593.0,-2.23,False,Near Discount,42.25,46.47,False,Decreasing,0.1218,False,False,True,25.49,496.95,False,1043.8,431.2,496.95,483.7,737.5,484.78,541.63,518.94,556.0,907.7,395.5,727.0,730.0,Downtrend,Strong,47.49,Broadening Formation,68,11-04-2025,08-08-2025,H1:25-04-2025@526.0 ; H2:04-07-2025@606.05 ; L1:11-04-2025@469.3 ; L2:08-08-2025@457.2,Rounding Top(59),Broadening Formation(68) | Rounding Top(59),4865157,Automobiles & Auto Parts
2025-08-26,KCPSUGIND,32.21,Stage 4 (Downtrend),39.87,35.41,109078,58.71,1.1,False,0.35,596.0,-1.56,False,Near Discount,43.66,47.54,False,Increasing,0.0944,False,False,True,18.08,32.72,False,59.97,30.87,32.72,31.5,45.42,32.14,34.07,35.26,38.38,61.4,30.01,318.0,197.0,Sideways,Moderate,29.46,Head and Shoulders,72,25-04-2025,27-06-2025,LS:25-04-2025@36.89 ; H:23-05-2025@39.24 ; RS:27-06-2025@36.13,Broadening Formation(68),Head and Shoulders(72) | Broadening Formation(68),44357354,Food & Tobacco
2025-08-26,SPENCERS,57.89,Stage 4 (Downtrend),40.02,63.49,58053,40.82,0.64,False,0.34,597.0,-1.71,False,Near Discount,47.6,50.05,False,Decreasing,0.1274,False,False,True,16.56,58.9,False,111.34,54.15,59.8,57.11,82.74,57.47,60.2,62.31,70.68,115.9,53.76,426.0,431.0,Sideways,Moderate,38.98,Double Top,66,23-05-2025,27-06-2025,P1:23-05-2025@65.76 ; P2:27-06-2025@64.52,,Double Top(66),16536138,Specialty Retailers
2025-08-26,SPECIALITY,123.06,Stage 4 (Downtrend),41.44,132.45,26665,72.3,1.09,False,0.33,598.0,-1.31,False,Near Discount,38.28,38.16,False,Increasing,0.0961,False,False,False,11.25,124.69,False,192.53,118.29,124.7,122.12,155.41,126.47,128.49,131.71,137.72,199.0,114.41,560.0,203.0,Sideways,Weak,20.14,Cup and Handle,87,23-05-2025,26-08-2025,RimL:23-05-2025@137.16 ; Btm:23-06-2025@125.02 ; RimR:22-07-2025@141.24 ; Hdl:26-08-2025@123.06,Double Top(66) | Rounding Top(59),Cup and Handle(87) | Double Top(66) | Rounding Top(59),-166319,Hotels & Entertainment Services
2025-08-26,INDSWFTLAB,95.69,Stage 1/3 (Neutral),47.8,93.13,34659,,0.6,False,0.33,598.0,-1.35,False,Near Discount,33.7,39.65,False,Increasing,0.1201,False,False,False,18.12,97.0,False,176.72,70.13,99.0,95.0,123.42,101.69,105.79,94.39,97.92,158.56,68.72,517.0,467.0,Sideways,Moderate,27.75,Rounding Top,59,03-06-2025,26-08-2025,Start:03-06-2025@88.19 ; Q1:24-06-2025@109.25 ; Mid:15-07-2025@106.64 ; Q3:05-08-2025@102.09 ; End:26-08-2025@95.69,,Rounding Top(59),20339512,Pharmaceuticals
2025-08-26,ALICON,838.9,Stage 1/3 (Neutral),46.34,808.58,3936,64.68,0.51,False,0.33,598.0,-0.07,False,Near Discount,43.39,45.59,False,Decreasing,0.1608,False,False,False,24.26,839.5,False,1513.35,617.5,851.15,832.0,1065.42,853.4,890.38,828.06,895.74,1541.9,597.15,788.0,554.0,Sideways,Moderate,33.36,Rounding Top,59,13-05-2025,26-08-2025,Start:13-05-2025@692.2 ; Q1:06-06-2025@905.75 ; Mid:03-07-2025@892.05 ; Q3:30-07-2025@922.7 ; End:26-08-2025@838.9,,Rounding Top(59),1029195,Metals & Mining
2025-08-26,ASIANTILES,60.47,Stage 1/3 (Neutral),53.21,53.54,55155,,0.23,False,0.33,598.0,-1.61,True,Near Discount,49.96,38.42,False,Decreasing,0.1389,False,False,True,24.57,61.46,False,94.3,41.51,61.49,60.0,67.9,59.67,61.85,55.79,58.13,98.2,39.15,434.0,777.0,Sideways,Moderate,30.53,Broadening Formation,68,28-02-2025,08-08-2025,H1:07-03-2025@48.51 ; H2:11-07-2025@64.48 ; L1:28-02-2025@44.1 ; L2:08-08-2025@57.25,,Broadening Formation(68),85506235,Homebuilding & Construction Supplies
2025-08-26,AVTNPL,73.01,Stage 1/3 (Neutral),56.52,65.2,44864,68.64,0.19,False,0.33,598.0,-1.12,True,Equilibrium,53.76,25.64,False,Decreasing,0.0868,False,True,True,49.01,73.84,False,95.13,52.71,73.99,72.35,73.92,72.79,69.81,66.48,69.0,98.19,51.41,473.0,807.0,Uptrend,Strong,33.45,Flag Pattern (Bear Flag),76,17-12-2024,28-01-2025,PoleS:17-12-2024@79.98 ; PoleE:08-01-2025@74.01 ; Consol:28-01-2025@72.26,,Flag Pattern (Bear Flag)(76),12159279,Food & Tobacco
2025-08-26,NILKAMAL,1555.6,Stage 4 (Downtrend),39.68,1656.54,2069,70.37,0.32,False,0.32,603.0,-1.85,False,Discount,35.67,24.82,False,Decreasing,0.1483,False,False,False,13.27,1585.0,False,2030.05,1517.3,1585.0,1540.0,1773.68,1609.06,1691.14,1688.42,1728.57,2069.05,1494.05,823.0,714.0,Sideways,Weak,31.05,Triple Top,70,23-05-2025,25-07-2025,P1:23-05-2025@1799.9 ; P2:27-06-2025@1776.1 ; P3:25-07-2025@1796.8,,Triple Top(70),-104476,Chemicals
2025-08-26,ESSARSHPNG,23.72,Stage 4 (Downtrend),36.84,27.94,132234,62.67,1.35,False,0.31,604.0,-0.55,False,Near Discount,34.85,53.87,False,Decreasing,0.1871,False,False,False,28.49,23.85,False,71.54,21.65,24.29,23.4,46.6,25.73,27.75,29.11,30.74,51.42,21.5,290.0,145.0,Downtrend,Strong,45.39,Symmetrical Triangle,74,25-04-2025,20-06-2025,H1:25-04-2025@30.88 ; H2:16-05-2025@35.32 ; L1:09-05-2025@27.69 ; L2:20-06-2025@28.8,Rounding Top(59),Symmetrical Triangle(74) | Rounding Top(59),51820340,Freight & Logistics Services
2025-08-26,UNIVASTU,91.61,Stage 1/3 (Neutral),55.34,83.47,33666,65.01,0.82,False,0.31,604.0,-0.31,True,Near Premium,57.29,20.69,False,Decreasing,0.1204,False,True,True,21.17,91.89,False,110.48,57.55,94.6,90.33,84.02,88.2,87.2,84.57,84.56,115.5,58.53,521.0,312.0,Sideways,Moderate,32.35,Flag Pattern (Bull Flag),80,17-12-2024,28-01-2025,PoleS:17-12-2024@80.94 ; PoleE:08-01-2025@95.8 ; Consol:28-01-2025@91.32,,Flag Pattern (Bull Flag)(80),5004329,Construction & Engineering
2025-08-26,ZEELEARN,9.27,Stage 2 (Uptrend),53.82,8.02,333821,,0.53,False,0.31,604.0,-0.54,True,Near Premium,43.25,19.25,False,Decreasing,0.1464,False,False,False,14.64,9.32,False,11.22,5.47,9.48,9.25,8.35,9.87,9.48,8.5,8.14,11.48,4.57,173.0,532.0,Sideways,Weak,47.25,Long-term Rounding Bottom,75,21-08-2024,26-08-2025,Start:21-08-2024@9.35 ; Q1:22-11-2024@7.9 ; Mid:20-02-2025@7.19 ; Q3:29-05-2025@8.35 ; End:26-08-2025@9.27,,Long-term Rounding Bottom(75),56461696,"School, College & University"
2025-08-26,SOMICONVEY,144.62,Stage 4 (Downtrend),40.3,166.0,21044,43.17,1.95,False,0.3,607.0,-0.64,False,Near Discount,39.62,36.54,False,Increasing,0.0756,True,False,False,18.95,145.55,False,235.58,121.25,148.06,140.61,178.42,148.98,153.27,166.34,171.19,227.9,125.15,602.0,78.0,Sideways,Moderate,29.38,Broadening Formation,72,07-03-2025,08-08-2025,H1:07-03-2025@184.31 ; H2:27-06-2025@163.79 ; L1:11-04-2025@172.52 ; L2:08-08-2025@145.76,,Broadening Formation(72),443298,Automobiles & Auto Parts
2025-08-26,CHEMFAB,673.9,Stage 4 (Downtrend),39.03,775.94,4482,69.57,0.35,False,0.3,607.0,-2.94,False,Discount,38.23,45.21,False,Decreasing,0.1915,False,False,False,19.25,694.3,False,1183.5,664.05,700.3,666.75,923.78,699.77,738.08,771.4,850.63,1230.0,650.05,776.0,694.0,Sideways,Moderate,40.23,No Clear Pattern,0,,,,,No Clear Pattern,994038,Chemicals
2025-08-26,MIRZAINT,32.14,Stage 1/3 (Neutral),47.95,31.42,92184,63.71,0.21,False,0.3,607.0,-2.31,False,Near Discount,41.06,33.03,False,Decreasing,0.1114,False,False,False,35.27,32.9,False,48.43,26.86,32.98,32.02,37.64,33.69,32.9,31.56,33.39,47.99,25.03,356.0,794.0,Uptrend,Strong,40.07,Symmetrical Triangle,74,23-05-2025,25-07-2025,H1:23-05-2025@32.18 ; H2:25-07-2025@35.64 ; L1:13-06-2025@30.61 ; L2:18-07-2025@32.36,,Symmetrical Triangle(74),12198590,Textiles & Apparel
2025-08-26,BPL,78.28,Stage 4 (Downtrend),44.08,80.77,36423,62.83,0.65,False,0.29,610.0,-3.36,False,Near Discount,43.51,45.71,False,Decreasing,0.134,False,False,False,22.89,81.0,False,142.24,66.69,81.69,77.6,104.46,78.88,85.08,82.0,89.55,144.2,62.92,512.0,425.0,Sideways,Moderate,34.43,Broadening Formation,68,07-03-2025,15-08-2025,H1:07-03-2025@82.16 ; H2:13-06-2025@95.04 ; L1:11-04-2025@70.35 ; L2:15-08-2025@74.75,,Broadening Formation(68),27591187,"Computers, Phones & Household Electronics"
2025-08-26,APTECHT,129.4,Stage 4 (Downtrend),38.89,139.17,22682,,0.64,False,0.29,610.0,0.42,False,Near Discount,41.48,49.06,False,Decreasing,0.0612,True,False,False,34.56,128.86,False,244.04,110.5,130.4,127.0,177.27,129.95,140.38,145.7,151.23,254.0,107.0,589.0,431.0,Downtrend,Strong,28.16,Broadening Formation,68,28-02-2025,15-08-2025,H1:07-03-2025@131.78 ; H2:27-06-2025@158.0 ; L1:28-02-2025@111.42 ; L2:15-08-2025@127.71,Rounding Top(59),Broadening Formation(68) | Rounding Top(59),21983067,Professional & Business Education
2025-08-26,DENORA,856.1,Stage 1/3 (Neutral),45.96,821.4,3443,60.64,0.36,False,0.29,610.0,-0.15,False,Near Discount,46.06,50.71,False,Increasing,0.1661,False,False,False,14.06,857.4,False,1930.65,686.4,864.0,840.1,1308.53,859.7,886.76,851.19,943.53,1737.0,676.0,796.0,684.0,Sideways,Weak,45.61,Double Bottom,86,20-06-2025,15-08-2025,P1:20-06-2025@840.3 ; P2:15-08-2025@827.1,Ascending Channel(77) | Rising Wedge(65),Double Bottom(86) | Ascending Channel(77) | Rising Wedge(65),471856,"Machinery, Equipment & Components"
2025-08-26,PONNIERODE,288.4,Stage 4 (Downtrend),35.4,316.88,9693,29.58,0.64,False,0.28,613.0,0.07,False,Near Discount,40.17,48.59,False,Decreasing,0.1013,False,False,True,33.25,288.2,False,586.25,277.1,290.6,285.0,431.68,287.64,311.73,320.29,344.44,561.0,267.0,693.0,431.0,Downtrend,Strong,29.57,Broadening Formation,68,25-04-2025,08-08-2025,H1:25-04-2025@326.05 ; H2:11-07-2025@334.75 ; L1:02-05-2025@316.1 ; L2:08-08-2025@281.4,,Broadening Formation(68),2962904,Food & Tobacco
2025-08-26,TAINWALCHM,220.63,Stage 1/3 (Neutral),48.61,220.3,12614,61.19,0.17,False,0.28,613.0,-1.72,False,Near Discount,44.51,34.14,False,Increasing,0.1729,False,False,False,18.19,224.5,False,316.2,163.4,228.0,218.0,239.8,230.84,225.42,218.83,240.89,335.0,186.0,666.0,821.0,Sideways,Moderate,56.77,Inverse Head and Shoulders,92,04-04-2025,20-06-2025,LS:04-04-2025@215.31 ; H:09-05-2025@193.34 ; RS:20-06-2025@212.26,Double Bottom(86) | Broadening Formation(68),Inverse Head and Shoulders(92) | Double Bottom(86) | Broadening Formation(68),5120960,Chemicals
2025-07-07,OCCL,233.34,Stage 1/3 (Neutral),55.77,201.9,11712,,0.09,False,0.27,615.0,0.58,True,Near Discount,50.18,41.66,False,Decreasing,0.4505,False,True,False,16.65,232.0,False,396.05,157.3,235.5,230.0,276.67,250.42,216.34,196.39,219.28,400.0,132.0,673.0,848.0,Sideways,Moderate,116.76,Inverse Head and Shoulders,84,28-02-2025,09-05-2025,LS:28-02-2025@167.54 ; H:28-03-2025@158.02 ; RS:09-05-2025@171.88,,Inverse Head and Shoulders(84),4776985,Chemicals
2025-08-26,CHEMBOND,184.88,Stage 4 (Downtrend),29.75,275.22,14283,,0.98,False,0.26,616.0,2.45,False,Near Discount,45.2,55.04,False,Increasing,0.1212,False,False,True,38.96,180.45,False,435.47,170.49,188.0,179.0,302.98,179.33,205.53,249.58,301.96,411.25,168.5,647.0,236.0,Downtrend,Strong,43.28,Broadening Formation,68,03-01-2025,15-08-2025,H1:03-01-2025@383.44 ; H2:09-05-2025@341.8 ; L1:28-02-2025@335.78 ; L2:15-08-2025@170.49,,Broadening Formation(68),895626,Chemicals
2025-08-26,ORIENTLTD,89.54,Stage 1/3 (Neutral),49.34,87.13,27614,82.81,1.37,False,0.25,617.0,-1.55,False,Near Discount,52.77,45.2,False,Decreasing,0.0812,True,False,True,36.18,90.95,False,150.14,77.08,93.5,88.31,113.61,88.14,89.64,87.57,95.17,163.4,75.01,554.0,139.0,Downtrend,Strong,34.68,Symmetrical Triangle,74,09-05-2025,08-08-2025,H1:13-06-2025@96.69 ; H2:08-08-2025@89.04 ; L1:09-05-2025@79.79 ; L2:01-08-2025@87.46,Head and Shoulders(72) | Rounding Top(59),Symmetrical Triangle(74) | Head and Shoulders(72) | Rounding Top(59),6523428,Containers & Packaging
2025-08-26,TRIGYN,75.46,Stage 4 (Downtrend),40.02,80.41,32582,38.53,1.33,False,0.25,617.0,-2.01,False,Near Discount,36.81,45.31,False,Increasing,0.138,False,False,False,23.02,77.01,False,148.83,67.69,77.69,74.96,108.26,79.2,81.48,80.4,90.11,137.99,66.6,524.0,150.0,Sideways,Moderate,30.19,Rounding Top,59,21-04-2025,26-08-2025,Start:21-04-2025@77.65 ; Q1:22-05-2025@81.96 ; Mid:24-06-2025@83.38 ; Q3:24-07-2025@82.14 ; End:26-08-2025@75.46,,Rounding Top(59),7206376,Software & IT Services
2025-08-26,ROSSELLIND,66.82,Stage 4 (Downtrend),44.2,67.86,38113,30.98,0.96,False,0.25,617.0,-2.67,False,Near Discount,46.38,62.84,False,Increasing,0.0708,True,False,False,12.53,68.65,False,171.57,53.86,68.65,65.02,112.71,67.04,68.88,70.6,71.29,179.8,53.3,501.0,247.0,Sideways,Weak,34.43,Double Top,66,13-06-2025,11-07-2025,P1:13-06-2025@72.3 ; P2:11-07-2025@73.68,Rounding Top(59),Double Top(66) | Rounding Top(59),5076929,Aerospace & Defense
2025-08-26,NECCLTD,20.54,Stage 4 (Downtrend),36.22,23.3,114610,67.82,1.62,False,0.24,620.0,-4.64,False,Near Discount,29.21,48.0,False,Increasing,0.0987,False,False,False,26.74,21.54,True,41.94,19.72,21.9,20.15,30.83,22.03,22.95,23.37,26.59,39.5,18.31,313.0,103.0,Downtrend,Strong,27.66,No Clear Pattern,0,,,,,No Clear Pattern,47298486,Freight & Logistics Services
2025-08-26,ORIENTBELL,290.35,Stage 1/3 (Neutral),50.63,274.3,8130,64.42,1.19,False,0.24,620.0,4.09,True,Near Discount,49.82,27.49,False,Increasing,0.1754,False,False,False,24.96,278.95,False,429.35,228.15,291.95,278.95,328.75,290.59,301.17,280.95,288.06,400.45,216.0,715.0,176.0,Sideways,Moderate,40.75,Double Top,78,27-06-2025,18-07-2025,P1:27-06-2025@321.96 ; P2:18-07-2025@316.75,Rounding Top(71),Double Top(78) | Rounding Top(71),162262,Homebuilding & Construction Supplies
2025-08-26,TPLPLASTEH,76.81,Stage 4 (Downtrend),44.33,79.93,30759,58.19,0.93,False,0.24,620.0,-2.14,False,Near Discount,47.64,36.18,False,Decreasing,0.0938,False,False,True,23.03,78.49,False,129.88,69.44,80.0,76.25,99.66,76.53,78.68,80.21,86.38,120.35,60.01,534.0,263.0,Sideways,Moderate,31.49,Symmetrical Triangle,74,13-06-2025,08-08-2025,H1:13-06-2025@82.59 ; H2:04-07-2025@82.64 ; L1:20-06-2025@78.88 ; L2:08-08-2025@75.05,Triple Top(70) | Double Top(66),Symmetrical Triangle(74) | Triple Top(70) | Double Top(66),7801546,Containers & Packaging
2025-08-26,SAKUMA,2.64,Stage 4 (Downtrend),39.1,2.92,893009,68.85,0.73,False,0.24,620.0,-1.12,False,Near Discount,43.07,69.69,False,Decreasing,0.1243,False,False,False,16.37,2.67,False,9.75,2.35,2.7,2.6,6.05,2.67,2.85,2.97,3.24,8.71,2.35,94.0,374.0,Sideways,Moderate,37.24,Rounding Top,59,18-03-2025,26-08-2025,Start:18-03-2025@2.73 ; Q1:30-04-2025@3.73 ; Mid:10-06-2025@3.3 ; Q3:17-07-2025@2.92 ; End:26-08-2025@2.64,,Rounding Top(59),-19082904,Food & Drug Retailing
2025-08-26,INTENTECH,82.81,Stage 4 (Downtrend),39.24,93.34,28699,77.18,0.62,False,0.24,620.0,-2.0,False,Near Discount,43.94,48.22,False,Decreasing,0.0587,True,False,False,9.98,84.5,False,175.38,79.93,84.88,82.41,127.66,83.34,87.45,91.36,104.06,159.94,79.5,548.0,453.0,Sideways,Weak,29.74,No Clear Pattern,0,,,,,No Clear Pattern,1948934,Software & IT Services
2025-08-26,REPL,166.26,Stage 4 (Downtrend),42.59,186.06,13859,79.67,0.9,False,0.23,625.0,-1.15,False,Near Discount,48.97,52.22,False,Decreasing,0.124,False,False,True,18.69,168.19,False,344.2,156.54,168.85,164.1,250.37,164.81,171.54,177.96,210.32,348.0,149.34,652.0,280.0,Sideways,Moderate,41.24,Triple Bottom,90,28-03-2025,15-08-2025,P1:28-03-2025@158.83 ; P2:09-05-2025@161.31 ; P3:15-08-2025@158.17,Double Bottom(86),Triple Bottom(90) | Double Bottom(86),8639214,Professional & Commercial Services
2025-08-26,AMJLAND,56.54,Stage 1/3 (Neutral),49.79,54.48,40335,54.41,0.88,False,0.23,625.0,-2.1,False,Equilibrium,45.98,26.08,False,Increasing,0.1317,False,False,True,17.54,57.75,False,72.65,37.1,58.7,56.04,54.88,56.5,60.34,56.84,56.73,76.49,41.87,494.0,288.0,Sideways,Moderate,43.21,Symmetrical Triangle,74,25-04-2025,15-08-2025,H1:25-04-2025@48.64 ; H2:27-06-2025@64.73 ; L1:09-05-2025@44.67 ; L2:15-08-2025@53.15,Rounding Top(71),Symmetrical Triangle(74) | Rounding Top(71),14725208,Real Estate Operations
2025-08-26,DONEAR,94.07,Stage 4 (Downtrend),34.98,107.44,24612,69.14,0.67,False,0.23,625.0,-3.02,False,Discount,31.16,49.15,False,Decreasing,0.0966,False,False,False,23.19,97.0,False,177.03,94.07,97.29,93.36,135.55,98.1,103.96,107.92,117.05,184.99,93.36,574.0,410.0,Sideways,Moderate,22.94,No Clear Pattern,0,,,,,No Clear Pattern,24105475,Textiles & Apparel
2025-08-26,SUTLEJTEX,37.17,Stage 4 (Downtrend),40.86,40.43,59033,50.39,1.26,False,0.22,628.0,0.43,False,Near Discount,36.6,52.86,False,Increasing,0.2373,False,False,False,16.32,37.01,False,75.1,33.39,39.2,36.32,54.24,39.16,41.55,40.65,47.47,78.85,32.5,423.0,160.0,Sideways,Moderate,40.49,Broadening Formation,68,28-03-2025,08-08-2025,H1:25-04-2025@38.07 ; H2:18-07-2025@46.46 ; L1:28-03-2025@33.39 ; L2:08-08-2025@37.07,,Broadening Formation(68),25134099,Textiles & Apparel
2025-08-26,ALBERTDAVD,803.45,Stage 4 (Downtrend),39.85,855.48,2789,77.45,0.55,False,0.22,628.0,0.43,False,Near Discount,35.01,54.19,False,Decreasing,0.1657,False,False,False,32.18,800.0,False,1697.45,775.05,813.5,798.65,1236.25,827.11,864.87,847.52,1001.86,1753.95,762.6,808.0,511.0,Downtrend,Strong,22.08,Broadening Formation,68,07-03-2025,08-08-2025,H1:07-03-2025@892.95 ; H2:04-07-2025@946.55 ; L1:09-05-2025@805.15 ; L2:08-08-2025@798.35,Rounding Top(59),Broadening Formation(68) | Rounding Top(59),857030,Pharmaceuticals
2025-08-26,SHIVAMAUTO,28.13,Stage 4 (Downtrend),41.84,30.27,72957,64.12,1.12,False,0.21,630.0,-4.61,False,Near Discount,40.39,52.6,False,Decreasing,0.1434,False,False,False,17.33,29.49,False,60.94,25.6,29.5,28.01,43.27,29.13,30.23,30.0,34.31,59.35,24.8,387.0,190.0,Sideways,Moderate,44.24,Symmetrical Triangle,74,30-05-2025,08-08-2025,H1:30-05-2025@32.26 ; H2:18-07-2025@31.26 ; L1:20-06-2025@30.19 ; L2:08-08-2025@27.95,Rounding Top(59),Symmetrical Triangle(74) | Rounding Top(59),25353554,Automobiles & Auto Parts
2025-08-26,IMPAL,1019.3,Stage 4 (Downtrend),43.32,1028.54,2108,66.6,1.11,False,0.21,630.0,-1.4,False,Near Discount,31.39,31.35,False,Increasing,0.0486,True,False,False,19.28,1033.8,False,1445.35,897.55,1033.8,1001.2,1171.45,1043.27,1089.36,1058.97,1079.02,1484.85,870.1,822.0,192.0,Sideways,Moderate,15.97,Symmetrical Triangle,74,06-06-2025,08-08-2025,H1:06-06-2025@1085.5 ; H2:04-07-2025@1152.4 ; L1:20-06-2025@1059.1 ; L2:08-08-2025@1033.4,Rounding Top(59),Symmetrical Triangle(74) | Rounding Top(59),341649,Automobiles & Auto Parts
2025-08-26,VHL,3798.4,Stage 1/3 (Neutral),47.64,3689.19,554,72.74,0.95,False,0.21,630.0,0.88,False,Near Discount,39.54,34.06,False,Increasing,0.0789,False,False,False,14.09,3765.1,False,5526.55,2862.45,3876.9,3765.1,4194.5,3875.79,3991.34,3889.49,3966.85,5760.0,2850.0,852.0,251.0,Sideways,Weak,18.69,Symmetrical Triangle,74,06-06-2025,15-08-2025,H1:06-06-2025@4152.9 ; H2:18-07-2025@4105.2 ; L1:11-07-2025@4055.3 ; L2:15-08-2025@3765.8,,Symmetrical Triangle(74),141976,Banking Services
2025-08-26,SASTASUNDR,273.0,Stage 1/3 (Neutral),47.57,267.53,7670,79.13,0.73,False,0.21,630.0,0.85,False,Near Discount,43.93,28.48,False,Increasing,0.1094,False,False,False,19.88,270.7,False,377.25,208.23,273.5,268.2,292.74,279.65,287.48,275.22,281.61,381.7,205.0,721.0,374.0,Sideways,Moderate,34.52,Double Top,66,20-06-2025,18-07-2025,P1:20-06-2025@301.85 ; P2:18-07-2025@300.1,Rising Wedge(65),Double Top(66) | Rising Wedge(65),3202966,NO DATA
2025-08-26,VLSFINANCE,227.54,Stage 4 (Downtrend),41.44,234.64,9381,80.42,0.4,False,0.21,630.0,-1.33,False,Near Discount,39.48,49.97,False,Decreasing,0.0429,True,False,False,16.57,230.6,False,430.4,191.77,231.67,225.6,311.08,231.37,239.75,241.22,271.41,454.85,186.9,700.0,654.0,Sideways,Moderate,22.72,Cup and Handle,87,11-06-2025,26-08-2025,RimL:11-06-2025@260.02 ; Btm:19-06-2025@238.73 ; RimR:10-07-2025@251.55 ; Hdl:26-08-2025@227.54,,Cup and Handle(87),3940144,Investment Banking & Investment Services
2025-08-26,NECLIFE,15.1,Stage 4 (Downtrend),34.63,22.57,141637,,0.35,False,0.21,630.0,-1.95,False,Near Discount,41.92,73.27,False,Decreasing,0.2194,False,False,False,29.31,15.4,False,53.92,13.35,15.4,15.0,33.64,15.21,18.12,20.84,27.28,56.5,13.05,280.0,694.0,Downtrend,Strong,54.99,Head and Shoulders,72,25-04-2025,04-07-2025,LS:25-04-2025@22.83 ; H:30-05-2025@27.14 ; RS:04-07-2025@22.69,,Head and Shoulders(72),72341655,Pharmaceuticals
2025-08-26,JAYSREETEA,99.79,Stage 4 (Downtrend),42.51,101.97,21379,59.03,0.29,False,0.21,630.0,-0.71,False,Near Discount,35.14,40.07,False,Decreasing,0.1835,False,False,False,19.61,100.5,False,158.45,88.0,100.61,99.24,123.22,106.21,109.21,104.76,110.04,166.5,85.61,600.0,737.0,Sideways,Moderate,40.92,Cup and Handle,87,09-06-2025,18-08-2025,RimL:09-06-2025@118.69 ; Btm:19-06-2025@104.43 ; RimR:16-07-2025@115.28 ; Hdl:18-08-2025@99.78,Rounding Top(59),Cup and Handle(87) | Rounding Top(59),14497190,Food & Tobacco
2025-08-26,VIDHIING,368.8,Stage 4 (Downtrend),34.68,424.61,5716,75.28,0.2,False,0.21,630.0,-1.59,False,Discount,36.54,35.2,False,Decreasing,0.1826,False,False,False,30.72,374.75,False,567.9,363.9,374.75,366.1,465.9,383.98,402.25,417.8,451.22,569.15,357.7,750.0,797.0,Downtrend,Strong,34.22,No Clear Pattern,0,,,,,No Clear Pattern,1460725,Food & Tobacco
2025-08-26,GOKUL,40.27,Stage 4 (Downtrend),40.03,45.13,49634,67.88,1.36,False,0.2,638.0,-0.54,False,Discount,40.45,43.44,False,Increasing,0.0957,False,False,False,15.9,40.49,False,68.21,40.2,41.0,39.7,54.2,41.69,43.23,44.3,49.57,71.2,39.51,456.0,142.0,Sideways,Moderate,33.35,Broadening Formation,68,21-02-2025,15-08-2025,H1:28-02-2025@49.3 ; H2:25-07-2025@44.79 ; L1:21-02-2025@47.79 ; L2:15-08-2025@40.2,,Broadening Formation(68),14191311,Food & Tobacco
2025-08-26,GULFPETRO,41.14,Stage 4 (Downtrend),41.48,42.72,48272,69.1,1.09,False,0.2,638.0,-0.89,False,Near Discount,40.97,55.99,False,Increasing,0.0521,False,False,False,16.76,41.51,False,91.37,36.9,42.32,41.03,64.14,41.59,43.67,43.15,47.61,93.48,35.56,461.0,203.0,Sideways,Moderate,22.54,Symmetrical Triangle,74,18-04-2025,08-08-2025,H1:18-04-2025@40.24 ; H2:30-05-2025@50.43 ; L1:20-06-2025@45.21 ; L2:08-08-2025@40.94,Rounding Top(59),Symmetrical Triangle(74) | Rounding Top(59),21189734,Oil & Gas
2025-08-26,HARRMALAYA,210.01,Stage 1/3 (Neutral),46.82,207.88,9419,77.25,0.53,False,0.2,638.0,-2.44,False,Near Discount,45.08,38.57,False,Decreasing,0.097,False,False,False,22.77,215.26,False,332.1,154.15,216.0,209.11,243.12,213.2,213.41,209.79,230.8,341.85,170.53,697.0,532.0,Sideways,Moderate,31.0,Triple Bottom,90,20-06-2025,01-08-2025,P1:20-06-2025@211.9 ; P2:11-07-2025@208.67 ; P3:01-08-2025@205.08,Double Bottom(86) | Broadening Formation(68),Triple Bottom(90) | Double Bottom(86) | Broadening Formation(68),7829354,Food & Tobacco
2025-08-26,LIBERTSHOE,315.25,Stage 4 (Downtrend),37.46,366.48,6486,,0.45,False,0.2,638.0,-1.42,False,Near Discount,35.85,44.65,False,Decreasing,0.168,False,False,False,43.58,319.8,False,569.45,284.2,319.8,312.2,426.83,319.74,363.24,383.24,404.86,569.6,276.0,741.0,614.0,Downtrend,Strong,35.98,No Clear Pattern,0,,,,,No Clear Pattern,4932325,Textiles & Apparel
2025-08-26,GTL,9.82,Stage 1/3 (Neutral),50.06,9.25,204928,60.95,0.44,False,0.2,638.0,-2.68,False,Near Discount,55.97,40.16,False,Decreasing,0.1423,False,False,True,36.5,10.09,False,15.68,7.77,10.09,9.8,11.72,9.36,9.94,9.34,10.23,16.41,7.59,224.0,623.0,Downtrend,Strong,31.75,Symmetrical Triangle,74,09-05-2025,08-08-2025,H1:16-05-2025@8.75 ; H2:13-06-2025@11.11 ; L1:09-05-2025@7.86 ; L2:08-08-2025@9.04,,Symmetrical Triangle(74),40858917,Telecommunications Services
2025-08-26,VARDMNPOLY,8.94,Stage 4 (Downtrend),38.71,10.93,225901,75.39,0.41,False,0.2,638.0,-1.0,False,Near Discount,38.5,41.91,False,Decreasing,0.1915,False,False,False,40.05,9.03,False,14.89,8.26,9.18,8.9,11.58,9.52,10.68,11.25,11.37,15.39,8.31,208.0,646.0,Downtrend,Strong,80.63,Symmetrical Triangle,74,16-05-2025,15-08-2025,H1:16-05-2025@13.02 ; H2:27-06-2025@12.17 ; L1:20-06-2025@11.44 ; L2:15-08-2025@8.74,Head and Shoulders(72),Symmetrical Triangle(74) | Head and Shoulders(72),17030922,Textiles & Apparel
2025-08-26,BANARISUG,3754.7,Stage 1/3 (Neutral),48.24,3785.2,496,78.83,1.05,False,0.19,644.0,0.44,True,Near Premium,42.62,15.51,False,Increasing,0.0122,True,False,False,12.56,3738.3,False,4321.7,2247.4,3768.6,3736.1,3284.55,3757.5,3809.57,3912.26,3743.49,4444.0,3000.3,853.0,217.0,Sideways,Weak,6.65,Symmetrical Triangle,74,13-06-2025,15-08-2025,H1:27-06-2025@3929.6 ; H2:01-08-2025@3801.2 ; L1:13-06-2025@3902.4 ; L2:15-08-2025@3750.2,,Symmetrical Triangle(74),126263,Food & Tobacco
2025-08-26,JAYAGROGN,239.55,Stage 4 (Downtrend),44.17,247.24,7776,55.85,0.64,False,0.19,644.0,-1.19,False,Near Discount,39.61,32.84,False,Decreasing,0.0587,True,False,False,27.48,242.44,False,338.9,213.18,244.48,238.0,276.04,244.14,250.42,247.95,259.59,356.7,201.31,719.0,431.0,Downtrend,Strong,26.42,Rising Wedge,65,18-04-2025,15-08-2025,UL1:18-04-2025@240.67 ; UL2:23-05-2025@263.14 ; UL3:18-07-2025@261.55 ; UL4:15-08-2025@247.08 ; LL1:09-05-2025@225.59 ; LL2:20-06-2025@244.1 ; LL3:11-07-2025@251.05 ; LL4:08-08-2025@239.82,Rounding Top(59),Rising Wedge(65) | Rounding Top(59),2531302,Food & Tobacco
2025-08-26,AIRAN,25.69,Stage 4 (Downtrend),41.47,27.84,75492,57.01,0.51,False,0.19,644.0,-0.62,False,Near Discount,32.28,39.88,False,Decreasing,0.0609,True,False,False,17.24,25.85,False,44.35,24.12,26.33,25.42,34.24,26.64,28.48,27.96,29.56,42.73,23.16,380.0,554.0,Sideways,Moderate,18.98,Symmetrical Triangle,74,09-05-2025,15-08-2025,H1:04-07-2025@30.6 ; H2:15-08-2025@27.13 ; L1:09-05-2025@24.89 ; L2:30-05-2025@26.8,Rounding Top(59),Symmetrical Triangle(74) | Rounding Top(59),27596660,Software & IT Services
2025-08-26,CORDSCABLE,177.62,Stage 1/3 (Neutral),45.09,182.06,10848,61.73,0.4,False,0.19,644.0,-4.51,False,Near Discount,40.42,27.93,False,Decreasing,0.1706,False,False,False,17.47,186.0,False,269.76,150.56,186.0,177.29,210.16,183.09,192.41,188.29,187.86,246.45,146.65,684.0,654.0,Sideways,Moderate,41.51,Diamond Bottom,80,21-02-2025,08-08-2025,H1:21-02-2025@179.44 ; H2:25-04-2025@173.74 ; H3:25-07-2025@205.47 ; L1:28-03-2025@157.07 ; L2:30-05-2025@197.23 ; L3:08-08-2025@175.63,Rounding Top(59),Diamond Bottom(80) | Rounding Top(59),1951264,"Machinery, Equipment & Components"
2025-08-26,RUBYMILLS,226.0,Stage 2 (Uptrend),49.81,213.95,8561,66.9,0.24,False,0.19,644.0,-2.04,False,Near Discount,39.53,30.25,False,Decreasing,0.1203,False,False,False,17.95,230.7,False,309.05,181.0,231.2,225.0,245.02,237.52,240.11,221.85,226.02,324.0,171.78,707.0,772.0,Sideways,Moderate,43.13,Symmetrical Triangle,74,18-04-2025,18-07-2025,H1:18-04-2025@200.46 ; H2:18-07-2025@248.65 ; L1:09-05-2025@187.46 ; L2:30-05-2025@204.91,,Symmetrical Triangle(74),12355878,Textiles & Apparel
2025-08-26,MMP,274.15,Stage 1/3 (Neutral),50.47,261.92,6917,68.25,0.2,False,0.19,644.0,-3.3,False,Near Discount,52.81,40.13,False,Decreasing,0.1983,False,True,True,23.39,283.5,False,412.35,221.82,289.9,271.1,317.09,263.65,273.85,262.73,281.5,457.9,218.0,733.0,797.0,Sideways,Moderate,52.2,Symmetrical Triangle,74,23-05-2025,08-08-2025,H1:23-05-2025@275.99 ; H2:04-07-2025@300.4 ; L1:30-05-2025@240.21 ; L2:08-08-2025@251.95,,Symmetrical Triangle(74),4798214,Metals & Mining
2025-08-26,CREATIVE,630.6,Stage 4 (Downtrend),38.53,704.55,2961,73.39,0.18,False,0.19,644.0,-0.29,False,Discount,44.84,41.34,False,Decreasing,0.0889,False,False,False,12.44,632.45,False,1049.25,615.6,633.8,623.35,832.42,637.2,652.49,686.63,777.48,1075.0,605.1,804.0,814.0,Sideways,Weak,36.38,Broadening Formation,68,28-03-2025,08-08-2025,H1:28-03-2025@754.95 ; H2:18-07-2025@664.15 ; L1:11-04-2025@715.9 ; L2:08-08-2025@615.6,Descending Channel(57),Broadening Formation(68) | Descending Channel(57),2418368,NO DATA
2025-08-26,MITTAL,1.6,Stage 4 (Downtrend),42.24,1.74,1118809,97.47,1.99,False,0.18,651.0,-3.03,False,Near Discount,40.16,39.62,False,Increasing,0.0861,False,False,False,31.88,1.65,False,2.49,1.47,1.65,1.6,1.98,1.66,1.65,1.65,1.89,2.65,1.42,78.0,75.0,Uptrend,Strong,30.32,Cup and Handle,91,13-05-2025,26-08-2025,RimL:13-05-2025@1.67 ; Btm:23-06-2025@1.47 ; RimR:08-07-2025@1.76 ; Hdl:26-08-2025@1.6,Flag Pattern (Bull Flag)(88) | Rounding Bottom(83),Cup and Handle(91) | Flag Pattern (Bull Flag)(88) | Rounding Bottom(83),138868096,Textiles & Apparel
2025-08-26,OAL,331.85,Stage 4 (Downtrend),43.82,344.6,5295,46.55,0.61,False,0.18,651.0,-1.04,False,Near Discount,35.5,49.47,False,Decreasing,0.2123,False,False,False,28.28,335.35,False,631.7,268.8,335.35,328.0,450.25,347.7,370.18,363.81,379.23,656.7,261.55,757.0,459.0,Downtrend,Strong,29.86,Broadening Formation,68,28-03-2025,15-08-2025,H1:04-04-2025@335.75 ; H2:18-07-2025@407.75 ; L1:28-03-2025@276.15 ; L2:15-08-2025@325.65,Rounding Top(59),Broadening Formation(68) | Rounding Top(59),4611245,Chemicals
2025-08-26,ALMONDZ,20.21,Stage 4 (Downtrend),42.38,22.15,89801,67.72,0.58,False,0.18,651.0,-3.58,False,Near Discount,41.94,43.13,False,Decreasing,0.1158,False,False,False,16.87,20.96,False,37.27,17.24,21.15,20.0,27.25,20.82,21.6,21.81,24.8,35.54,18.41,360.0,485.0,Sideways,Moderate,33.02,Triple Bottom,90,09-05-2025,15-08-2025,P1:09-05-2025@19.99 ; P2:06-06-2025@20.39 ; P3:15-08-2025@20.05,Symmetrical Triangle(74) | Head and Shoulders(72) | Rounding Top(59),Triple Bottom(90) | Symmetrical Triangle(74) | Head and Shoulders(72) | Rounding Top(59),12864828,Investment Banking & Investment Services
2025-08-26,GOLDTECH,67.3,Stage 2 (Uptrend),47.26,65.58,26361,67.05,0.47,False,0.18,651.0,-2.62,False,Near Discount,40.14,50.14,False,Decreasing,0.1575,False,False,False,12.55,69.11,False,149.88,47.7,69.9,67.01,98.79,71.14,70.88,67.9,68.48,134.99,46.55,567.0,603.0,Sideways,Weak,54.76,Triple Top,70,16-05-2025,01-08-2025,P1:16-05-2025@75.42 ; P2:04-07-2025@76.54 ; P3:01-08-2025@74.9,Double Top(66),Triple Top(70) | Double Top(66),-982331,Software & IT Services
2025-08-26,MUTHOOTCAP,272.75,Stage 4 (Downtrend),42.87,284.3,6421,60.83,0.14,False,0.18,651.0,-2.12,False,Near Discount,34.89,32.78,False,Decreasing,0.221,False,False,False,23.17,278.65,False,396.8,247.4,278.65,272.0,322.1,283.26,309.82,294.28,303.2,405.75,234.01,743.0,832.0,Sideways,Moderate,45.17,Rounding Top,59,13-05-2025,26-08-2025,Start:13-05-2025@291.0 ; Q1:06-06-2025@304.1 ; Mid:03-07-2025@319.3 ; Q3:30-07-2025@308.05 ; End:26-08-2025@272.75,,Rounding Top(59),4184858,Banking Services
2025-08-26,GLOBE,2.1,Stage 4 (Downtrend),37.37,2.54,792399,75.97,1.1,False,0.17,656.0,-1.41,False,Discount,37.59,66.35,False,Decreasing,0.1165,False,False,False,26.65,2.13,False,6.19,2.1,2.18,2.08,4.15,2.22,2.34,2.42,3.22,6.24,2.08,98.0,197.0,Downtrend,Strong,36.94,Inverse Head and Shoulders,92,14-03-2025,13-06-2025,LS:14-03-2025@2.35 ; H:09-05-2025@2.14 ; RS:13-06-2025@2.38,,Inverse Head and Shoulders(92),26338651,Textiles & Apparel
2025-08-26,SAKHTISUG,21.22,Stage 4 (Downtrend),37.85,23.54,81674,54.99,1.0,False,0.17,656.0,-5.27,False,Near Discount,28.18,52.84,False,Decreasing,0.1571,False,False,False,24.81,22.4,False,42.78,20.15,22.4,21.1,31.46,22.74,24.21,24.25,26.17,45.0,19.0,369.0,230.0,Sideways,Moderate,28.89,Symmetrical Triangle,74,25-04-2025,20-06-2025,H1:25-04-2025@23.72 ; H2:13-06-2025@26.52 ; L1:09-05-2025@21.67 ; L2:20-06-2025@24.16,,Symmetrical Triangle(74),31945517,Food & Tobacco
2025-08-26,UNITEDTEA,471.95,Stage 1/3 (Neutral),54.99,426.85,3555,84.92,0.65,False,0.17,656.0,-2.69,True,Equilibrium,47.89,23.76,False,Decreasing,0.1482,False,True,False,28.57,485.0,False,586.85,330.2,485.0,470.0,458.52,476.98,462.41,438.06,449.12,619.0,350.1,795.0,425.0,Uptrend,Strong,31.03,Ascending Channel,73,14-03-2025,15-08-2025,UL1:21-03-2025@414.35 ; UL2:06-06-2025@458.6 ; UL3:18-07-2025@481.2 ; UL4:15-08-2025@504.5 ; LL1:14-03-2025@354.1 ; LL2:11-04-2025@395.55 ; LL3:09-05-2025@388.75 ; LL4:08-08-2025@457.7,,Ascending Channel(73),1208426,Food & Tobacco
2025-08-26,KMSUGAR,28.16,Stage 4 (Downtrend),46.19,28.5,61531,53.51,0.52,False,0.17,656.0,-2.22,False,Near Discount,49.49,34.19,False,Decreasing,0.1415,False,False,True,13.55,28.8,False,48.26,25.59,28.8,27.8,36.92,27.9,28.19,28.4,29.71,42.79,25.3,414.0,544.0,Sideways,Weak,33.67,Rounding Bottom,79,01-07-2025,26-08-2025,Start:01-07-2025@28.86 ; Q1:15-07-2025@28.4 ; Mid:29-07-2025@27.06 ; Q3:12-08-2025@29.1 ; End:26-08-2025@28.16,Symmetrical Triangle(74),Rounding Bottom(79) | Symmetrical Triangle(74),30939755,Food & Tobacco
2025-08-26,VIPULLTD,10.01,Stage 4 (Downtrend),37.24,11.42,167277,57.37,0.39,False,0.17,656.0,-1.86,False,Near Discount,48.55,76.07,False,Decreasing,0.2252,False,False,False,18.36,10.2,False,50.49,8.49,10.28,9.8,29.49,10.1,10.47,11.0,15.54,41.83,8.32,252.0,663.0,Sideways,Moderate,61.85,No Clear Pattern,0,,,,,No Clear Pattern,19904821,Real Estate Operations
2025-08-26,LYKALABS,99.94,Stage 4 (Downtrend),37.29,111.03,16907,77.75,0.36,False,0.17,656.0,-0.51,False,Discount,32.35,43.41,False,Decreasing,0.2066,False,False,False,20.4,100.45,False,172.97,99.33,100.45,98.81,136.15,104.83,109.58,111.24,124.96,176.59,96.8,624.0,684.0,Sideways,Moderate,30.63,Symmetrical Triangle,74,30-05-2025,15-08-2025,H1:30-05-2025@121.67 ; H2:18-07-2025@114.71 ; L1:20-06-2025@113.73 ; L2:15-08-2025@99.51,Head and Shoulders(72) | Rounding Top(59),Symmetrical Triangle(74) | Head and Shoulders(72) | Rounding Top(59),14624339,Pharmaceuticals
2025-08-26,HTMEDIA,25.25,Stage 2 (Uptrend),65.7,19.99,67364,,0.31,False,0.17,656.0,1.0,True,Near Premium,63.32,13.68,False,Decreasing,0.1237,False,True,True,30.5,25.0,False,28.99,15.41,25.5,24.75,22.2,24.5,22.68,20.38,20.91,29.25,15.1,398.0,723.0,Uptrend,Strong,33.63,Symmetrical Triangle,74,25-04-2025,01-08-2025,H1:25-04-2025@16.92 ; H2:06-06-2025@20.63 ; L1:20-06-2025@19.7 ; L2:01-08-2025@23.17,,Symmetrical Triangle(74),14060683,Media & Publishing
2025-08-26,PODDARMENT,264.05,Stage 4 (Downtrend),33.89,299.53,5993,84.73,1.22,False,0.16,663.0,-3.08,False,Discount,28.25,42.38,False,Increasing,0.1317,False,False,False,20.59,272.45,False,469.6,264.05,272.45,261.4,366.83,287.67,298.73,299.66,320.54,458.25,261.4,748.0,171.0,Sideways,Moderate,31.89,Broadening Formation,68,18-04-2025,08-08-2025,H1:18-04-2025@305.0 ; H2:27-06-2025@319.25 ; L1:09-05-2025@285.45 ; L2:08-08-2025@282.45,,Broadening Formation(68),110976,Chemicals
2025-08-26,AAKASH,10.75,Stage 2 (Uptrend),57.69,9.21,144210,,0.91,False,0.16,663.0,-0.46,True,Near Discount,57.21,22.04,False,Decreasing,0.171,False,True,True,12.18,10.8,False,16.34,7.47,10.9,10.52,11.9,10.35,10.54,9.43,9.61,13.79,7.06,277.0,272.0,Sideways,Weak,30.23,Diamond Bottom,72,20-12-2024,25-07-2025,H1:20-12-2024@10.35 ; H2:21-03-2025@8.78 ; H3:20-06-2025@12.22 ; L1:10-01-2025@9.66 ; L2:28-03-2025@7.47 ; L3:25-07-2025@9.89,Rounding Bottom(71) | Ascending Channel(69) | Broadening Formation(68),Diamond Bottom(72) | Rounding Bottom(71) | Ascending Channel(69) | Broadening Formation(68),12596112,Oil & Gas Related Equipment and Services
2025-08-26,SHRADHA,59.95,Stage 4 (Downtrend),45.16,64.34,25942,43.23,0.37,False,0.16,663.0,-4.67,False,Near Discount,40.12,41.91,False,Decreasing,0.1195,True,False,False,17.63,62.89,False,103.21,32.39,63.29,59.11,67.8,62.35,67.92,65.23,70.59,103.21,51.29,570.0,676.0,Sideways,Moderate,61.82,Triple Bottom,90,09-05-2025,08-08-2025,P1:09-05-2025@58.08 ; P2:30-05-2025@58.68 ; P3:08-08-2025@58.8,Symmetrical Triangle(74) | Rounding Top(59),Triple Bottom(90) | Symmetrical Triangle(74) | Rounding Top(59),5558407,Construction & Engineering
2025-08-26,KOKUYOCMLN,113.86,Stage 1/3 (Neutral),46.48,111.9,13889,60.87,0.26,False,0.16,663.0,-1.67,False,Near Discount,47.01,50.69,False,Decreasing,0.0619,False,False,True,18.45,115.79,False,220.95,97.72,115.79,113.51,159.33,113.34,120.07,115.33,119.52,230.89,95.63,650.0,757.0,Sideways,Moderate,27.52,Broadening Formation,68,14-03-2025,15-08-2025,H1:21-03-2025@108.49 ; H2:27-06-2025@131.44 ; L1:14-03-2025@102.92 ; L2:15-08-2025@109.48,Rounding Top(59),Broadening Formation(68) | Rounding Top(59),16759584,Professional & Commercial Services
2025-08-26,SANDESH,1212.3,Stage 1/3 (Neutral),48.24,1171.74,1334,78.71,0.14,False,0.16,663.0,-2.04,False,Near Discount,44.92,41.1,False,Decreasing,0.2388,False,True,False,22.15,1237.6,False,1969.2,1016.55,1237.6,1201.0,1492.88,1254.76,1199.42,1176.19,1311.69,2058.3,1005.0,838.0,832.0,Sideways,Moderate,74.59,Broadening Formation,68,28-03-2025,08-08-2025,H1:25-04-2025@1137.6 ; H2:08-08-2025@1368.0 ; L1:28-03-2025@1084.65 ; L2:01-08-2025@1151.8,,Broadening Formation(68),670129,Media & Publishing
2025-08-26,RAMANEWS,32.34,Stage 1/3 (Neutral),50.4,33.13,47021,,2.07,True,0.15,668.0,0.0,True,Near Premium,46.84,27.78,False,Increasing,0.1374,False,False,False,14.27,32.34,False,43.91,14.54,32.34,32.34,29.22,32.73,33.0,35.38,28.25,44.78,14.5,466.0,71.0,Sideways,Weak,28.02,Double Bottom,86,11-07-2025,15-08-2025,P1:11-07-2025@31.75 ; P2:15-08-2025@31.06,Ascending Channel(77),Double Bottom(86) | Ascending Channel(77),16704348,Beverages
2025-08-26,NAHARCAP,296.9,Stage 2 (Uptrend),50.85,277.68,5211,,1.29,False,0.15,668.0,2.01,True,Equilibrium,43.17,22.58,False,Increasing,0.0585,True,False,False,29.56,291.05,False,370.7,218.74,298.75,291.05,294.72,299.59,312.59,293.01,291.53,383.5,215.0,761.0,157.0,Downtrend,Strong,21.3,No Clear Pattern,0,,,,,No Clear Pattern,2113436,Banking Services
2025-08-26,AKSHOPTFBR,7.45,Stage 4 (Downtrend),38.71,8.99,199888,67.49,1.23,False,0.15,668.0,-2.99,False,Discount,26.57,50.33,False,Increasing,0.0932,False,False,False,22.25,7.68,False,14.66,7.45,7.68,7.36,11.06,7.98,8.48,9.18,9.61,15.0,7.28,231.0,169.0,Sideways,Moderate,23.63,No Clear Pattern,0,,,,,No Clear Pattern,35545405,Communications & Networking
2025-08-26,GODHA,0.58,Stage 4 (Downtrend),40.09,0.68,2541890,,0.97,False,0.15,668.0,-1.69,False,Near Discount,42.71,58.87,False,Decreasing,0.0752,True,False,False,33.75,0.59,False,1.35,0.46,0.6,0.58,0.9,0.6,0.6,0.62,0.8,1.41,0.45,33.0,243.0,Uptrend,Strong,25.41,Flag Pattern (Bear Flag),64,17-12-2024,28-01-2025,PoleS:17-12-2024@1.29 ; PoleE:08-01-2025@1.14 ; Consol:28-01-2025@1.03,,Flag Pattern (Bear Flag)(64),-42953165,NO DATA
2025-08-26,VINYLINDIA,271.4,Stage 4 (Downtrend),39.21,284.02,5473,,0.93,False,0.15,668.0,-1.2,False,Near Discount,31.73,38.9,False,Decreasing,0.1155,False,False,False,40.95,274.7,False,430.75,220.36,275.0,268.2,325.56,280.2,299.9,299.3,303.39,444.2,215.1,754.0,263.0,Downtrend,Strong,20.94,Double Top,66,06-06-2025,11-07-2025,P1:06-06-2025@326.4 ; P2:11-07-2025@320.75,,Double Top(66),1710044,Chemicals
2025-08-26,ORIENTALTL,9.45,Stage 4 (Downtrend),41.12,11.09,161659,,0.83,False,0.15,668.0,-2.68,False,Near Discount,33.25,50.37,False,Increasing,0.1258,False,False,False,41.62,9.71,False,19.04,8.78,9.78,9.4,13.91,9.87,11.93,11.82,10.89,19.04,8.32,260.0,305.0,Downtrend,Strong,37.04,Broadening Formation,68,10-01-2025,27-06-2025,H1:10-01-2025@10.2 ; H2:13-06-2025@16.71 ; L1:31-01-2025@9.53 ; L2:27-06-2025@13.26,,Broadening Formation(68),67134441,Construction Materials
2025-08-26,MINDTECK,196.68,Stage 4 (Downtrend),42.55,207.0,7554,,0.76,False,0.15,668.0,-1.76,False,Near Discount,43.24,54.26,False,Decreasing,0.1788,False,False,False,26.75,200.2,False,446.45,158.88,201.0,192.12,302.66,199.02,214.69,215.35,229.96,430.0,145.0,725.0,355.0,Downtrend,Strong,42.05,No Clear Pattern,0,,,,,No Clear Pattern,10338654,Software & IT Services
2025-08-26,MAANALU,103.18,Stage 4 (Downtrend),42.51,104.3,14461,,0.73,False,0.15,668.0,0.31,False,Near Discount,24.87,59.42,False,Decreasing,0.2109,False,False,False,22.76,102.86,False,250.67,76.25,104.82,101.0,163.46,112.96,118.75,109.12,114.0,254.27,75.51,645.0,374.0,Sideways,Moderate,24.56,Rounding Top,59,13-05-2025,26-08-2025,Start:13-05-2025@90.62 ; Q1:06-06-2025@124.67 ; Mid:03-07-2025@122.89 ; Q3:30-07-2025@120.77 ; End:26-08-2025@103.18,,Rounding Top(59),14146618,Metals & Mining
2025-08-26,MUKTAARTS,70.28,Stage 4 (Downtrend),40.82,76.26,20428,56.51,1.6,False,0.14,676.0,-3.73,False,Near Discount,30.75,39.82,False,Increasing,0.1809,False,False,False,31.17,73.0,True,111.12,60.9,74.89,69.5,86.01,77.28,81.8,78.54,80.01,116.79,59.26,606.0,106.0,Downtrend,Strong,39.27,Rounding Top,66,13-05-2025,26-08-2025,Start:13-05-2025@74.73 ; Q1:06-06-2025@76.08 ; Mid:03-07-2025@86.12 ; Q3:30-07-2025@83.67 ; End:26-08-2025@70.28,,Rounding Top(66),9231101,Media & Publishing
2025-08-25,FCONSUMER,0.45,Stage 4 (Downtrend),37.39,0.49,3017872,,1.11,False,0.14,676.0,2.27,False,Discount,37.39,64.0,False,Increasing,0.213,False,False,False,39.58,0.44,False,1.25,0.44,0.46,0.42,0.84,0.48,0.52,,,1.25,0.42,29.0,192.0,Downtrend,Strong,55.64,Insufficient Data,0,,,,,Insufficient Data,-101552489,Food & Drug Retailing
2025-08-26,PTL,39.92,Stage 4 (Downtrend),47.09,40.23,33859,66.18,0.83,False,0.14,676.0,0.13,False,Equilibrium,44.6,18.03,False,Decreasing,0.0398,True,False,True,22.39,39.87,False,48.12,35.85,40.09,39.55,41.98,39.61,41.53,41.0,40.64,48.7,34.72,519.0,305.0,Sideways,Moderate,10.71,Broadening Formation,68,07-02-2025,01-08-2025,H1:07-02-2025@39.96 ; H2:04-07-2025@45.46 ; L1:28-03-2025@37.68 ; L2:01-08-2025@39.3,Rounding Top(59),Broadening Formation(68) | Rounding Top(59),2673900,Real Estate Operations
2025-08-26,HINDCOMPOS,460.6,Stage 1/3 (Neutral),46.71,460.32,3133,48.55,0.8,False,0.14,676.0,-2.74,False,Near Discount,39.21,28.91,False,Increasing,0.0857,False,False,False,9.87,473.6,False,631.55,394.5,473.6,457.0,513.02,475.1,481.86,468.24,473.03,647.95,401.75,803.0,328.0,Sideways,Weak,23.57,Rounding Top,59,13-05-2025,26-08-2025,Start:13-05-2025@440.35 ; Q1:06-06-2025@498.95 ; Mid:03-07-2025@481.1 ; Q3:30-07-2025@498.2 ; End:26-08-2025@460.6,,Rounding Top(59),1656336,Automobiles & Auto Parts
2025-08-26,RANASUG,14.2,Stage 4 (Downtrend),42.47,14.71,98237,57.16,0.79,False,0.14,676.0,-1.93,False,Near Discount,40.18,42.16,False,Decreasing,0.0507,True,False,False,31.03,14.48,False,26.61,12.18,14.64,14.18,19.4,14.26,15.16,14.91,16.1,24.55,12.02,342.0,336.0,Downtrend,Strong,18.62,Symmetrical Triangle,74,25-04-2025,08-08-2025,H1:25-04-2025@13.91 ; H2:13-06-2025@16.62 ; L1:20-06-2025@15.49 ; L2:08-08-2025@14.09,Pennant Pattern(73) | Rounding Top(59),Symmetrical Triangle(74) | Pennant Pattern(73) | Rounding Top(59),39124391,Food & Tobacco
2025-08-26,GLOBAL,64.97,Stage 1/3 (Neutral),52.91,58.28,20808,,0.67,False,0.14,676.0,2.15,True,Equilibrium,50.61,30.25,False,Decreasing,0.0927,True,True,False,13.69,63.6,False,89.68,41.76,66.2,63.6,65.72,65.0,64.66,61.0,62.94,93.15,41.0,604.0,410.0,Sideways,Weak,31.96,Symmetrical Triangle,74,09-05-2025,15-08-2025,H1:25-07-2025@66.48 ; H2:15-08-2025@65.38 ; L1:09-05-2025@53.71 ; L2:18-07-2025@63.51,,Symmetrical Triangle(74),-172867,Professional & Business Education
2025-08-26,VARDHACRLC,45.14,Stage 1/3 (Neutral),46.61,44.69,30595,58.62,0.67,False,0.14,676.0,0.11,False,Near Discount,44.8,30.66,False,Decreasing,0.1397,False,False,False,19.45,45.09,False,66.83,39.29,45.89,44.13,53.06,45.82,47.18,45.17,47.35,65.1,38.8,536.0,410.0,Sideways,Moderate,33.56,Broadening Formation,68,28-03-2025,08-08-2025,H1:18-04-2025@43.59 ; H2:18-07-2025@52.12 ; L1:28-03-2025@40.26 ; L2:08-08-2025@44.81,Rounding Top(59),Broadening Formation(68) | Rounding Top(59),3297147,Textiles & Apparel
2025-08-26,MANGALAM,78.57,Stage 4 (Downtrend),41.69,84.2,18415,62.17,0.53,False,0.14,676.0,-0.83,False,Near Discount,41.97,45.81,False,Decreasing,0.2407,False,False,False,22.28,79.23,False,139.85,71.81,80.06,78.2,105.83,82.62,84.02,81.7,92.9,144.99,70.1,617.0,532.0,Sideways,Moderate,56.9,Triple Bottom,90,30-05-2025,08-08-2025,P1:30-05-2025@79.49 ; P2:20-06-2025@79.82 ; P3:08-08-2025@77.53,Ascending Channel(77) | Broadening Formation(68) | Rounding Top(59),Triple Bottom(90) | Ascending Channel(77) | Broadening Formation(68) | Rounding Top(59),3835547,Pharmaceuticals
2025-08-26,ALANKIT,14.24,Stage 4 (Downtrend),40.55,15.3,97164,67.93,0.45,False,0.14,676.0,-1.04,False,Near Discount,34.46,51.91,False,Decreasing,0.0934,True,False,False,20.72,14.39,False,28.78,13.62,14.39,14.16,21.2,14.83,15.23,14.99,17.24,29.61,13.0,348.0,614.0,Sideways,Moderate,21.17,Broadening Formation,68,28-03-2025,11-07-2025,H1:11-04-2025@15.13 ; H2:11-07-2025@17.02 ; L1:28-03-2025@13.82 ; L2:20-06-2025@14.34,Rounding Top(59),Broadening Formation(68) | Rounding Top(59),50513890,Software & IT Services
2025-08-26,SURANAT&P,18.55,Stage 4 (Downtrend),44.94,19.11,76815,68.82,0.43,False,0.14,676.0,-3.89,False,Near Discount,46.48,29.81,False,Increasing,0.0744,False,False,False,21.09,19.3,False,29.55,16.95,19.3,18.4,23.25,18.56,18.87,19.03,20.16,26.43,16.3,378.0,633.0,Sideways,Moderate,22.98,Symmetrical Triangle,74,30-05-2025,08-08-2025,H1:30-05-2025@20.16 ; H2:25-07-2025@19.04 ; L1:11-07-2025@18.77 ; L2:08-08-2025@18.02,,Symmetrical Triangle(74),5158937,Electrical Utilities & IPPs
2025-08-26,GFLLIMITED,60.48,Stage 1/3 (Neutral),44.7,60.04,21840,83.7,0.64,False,0.13,686.0,-1.87,False,Near Discount,39.06,51.88,False,Decreasing,0.0399,True,False,False,10.17,61.63,True,119.34,51.1,62.04,60.1,85.22,61.72,63.17,60.46,69.35,125.69,48.7,596.0,431.0,Sideways,Weak,16.93,Symmetrical Triangle,77,30-05-2025,15-08-2025,H1:30-05-2025@65.66 ; H2:27-06-2025@65.95 ; L1:20-06-2025@61.29 ; L2:15-08-2025@60.46,Double Top(69),Symmetrical Triangle(77) | Double Top(69),8856824,Hotels & Entertainment Services
2025-08-26,RSSOFTWARE,73.14,Stage 1/3 (Neutral),42.13,73.0,17680,,0.64,False,0.13,686.0,4.03,False,Near Discount,45.64,80.08,False,Increasing,0.2654,False,False,False,23.18,70.31,False,349.7,48.7,73.14,70.31,199.2,74.03,77.19,69.16,113.87,367.15,46.3,619.0,431.0,Sideways,Moderate,55.85,Symmetrical Triangle,74,30-05-2025,15-08-2025,H1:18-07-2025@89.86 ; H2:15-08-2025@80.98 ; L1:30-05-2025@55.79 ; L2:08-08-2025@66.64,Rounding Top(59),Symmetrical Triangle(74) | Rounding Top(59),-1698042,Software & IT Services
2025-08-26,RKEC,62.63,Stage 4 (Downtrend),37.94,72.87,20257,60.58,0.5,False,0.13,686.0,-1.86,False,Discount,36.97,57.82,False,Decreasing,0.133,False,False,False,26.95,63.82,False,143.71,61.84,63.98,62.01,102.78,65.92,72.01,73.77,80.92,148.5,60.61,607.0,564.0,Downtrend,Strong,43.1,Symmetrical Triangle,74,09-05-2025,08-08-2025,H1:06-06-2025@84.0 ; H2:08-08-2025@71.08 ; L1:09-05-2025@64.08 ; L2:30-05-2025@75.99,Rounding Top(59),Symmetrical Triangle(74) | Rounding Top(59),4169932,Construction & Engineering
2025-08-26,SALSTEEL,17.23,Stage 4 (Downtrend),45.91,18.12,72991,47.18,0.35,False,0.13,686.0,-1.54,False,Near Discount,56.64,44.74,False,Decreasing,0.182,False,True,True,19.49,17.5,False,29.57,15.14,17.89,17.15,22.36,16.27,16.68,17.59,19.75,31.18,14.37,386.0,694.0,Sideways,Moderate,57.4,No Clear Pattern,0,,,,,No Clear Pattern,6910693,Metals & Mining
2025-08-26,SMSLIFE,1096.4,Stage 4 (Downtrend),44.58,1206.47,1196,68.39,0.33,False,0.13,686.0,-1.23,False,Near Discount,43.02,37.34,False,Decreasing,0.1124,False,False,False,15.21,1110.0,False,1749.65,696.3,1110.0,1094.9,1222.97,1121.68,1162.91,1235.55,1209.54,1749.65,959.8,841.0,705.0,Sideways,Moderate,50.21,Flag Pattern (Bull Flag),84,17-12-2024,28-01-2025,PoleS:17-12-2024@1198.0 ; PoleE:08-01-2025@1278.55 ; Consol:28-01-2025@1260.2,Broadening Formation(68),Flag Pattern (Bull Flag)(84) | Broadening Formation(68),305155,NO DATA
2025-08-26,ASAHISONG,299.25,Stage 4 (Downtrend),36.66,364.88,4235,58.77,0.22,False,0.13,686.0,-1.64,False,Near Discount,29.98,49.19,False,Decreasing,0.3936,False,False,False,43.46,304.25,False,572.5,267.45,304.85,297.0,419.98,323.41,389.63,393.64,368.86,588.95,258.0,779.0,784.0,Downtrend,Strong,56.33,Broadening Formation,68,14-02-2025,08-08-2025,H1:21-03-2025@361.6 ; H2:11-07-2025@442.4 ; L1:14-02-2025@268.8 ; L2:08-08-2025@301.05,Double Top(66) | Rounding Top(59),Broadening Formation(68) | Double Top(66) | Rounding Top(59),2928719,Chemicals
2025-08-26,SRPL,0.6,Stage 4 (Downtrend),35.79,0.85,2061721,,4.3,True,0.12,692.0,0.0,False,Near Discount,52.68,69.23,False,Increasing,0.2433,False,False,True,30.46,0.6,False,1.86,0.48,0.6,0.57,1.17,0.58,0.61,0.83,1.07,1.95,0.46,42.0,23.0,Downtrend,Strong,52.94,Flag Pattern (Bear Flag),68,17-12-2024,28-01-2025,PoleS:17-12-2024@1.45 ; PoleE:08-01-2025@1.18 ; Consol:28-01-2025@1.14,,Flag Pattern (Bear Flag)(68),44748379,Food & Tobacco
2025-08-26,DPSCLTD,12.26,Stage 4 (Downtrend),42.7,12.84,101421,62.79,1.03,False,0.12,692.0,1.32,False,Near Discount,41.28,43.61,False,Increasing,0.0944,True,False,False,26.03,12.1,False,22.56,10.96,12.42,12.1,16.76,12.34,13.01,12.99,14.18,21.74,10.52,336.0,222.0,Downtrend,Strong,20.82,Ascending Channel,77,28-03-2025,08-08-2025,UL1:18-04-2025@13.04 ; UL2:16-05-2025@13.4 ; UL3:13-06-2025@13.61 ; UL4:11-07-2025@13.93 ; LL1:28-03-2025@11.32 ; LL2:09-05-2025@11.3 ; LL3:20-06-2025@12.99 ; LL4:08-08-2025@11.73,Broadening Formation(68),Ascending Channel(77) | Broadening Formation(68),23574324,Electrical Utilities & IPPs
2025-08-26,AKSHARCHEM,275.75,Stage 1/3 (Neutral),52.61,250.37,4233,54.05,0.89,False,0.12,692.0,-1.18,True,Equilibrium,46.66,25.09,False,Decreasing,0.1291,False,False,False,21.04,279.05,False,366.05,202.25,279.05,273.1,284.15,276.48,281.47,259.5,265.36,368.1,195.0,780.0,284.0,Sideways,Moderate,37.62,Broadening Formation,68,21-03-2025,08-08-2025,H1:21-03-2025@221.52 ; H2:25-07-2025@311.4 ; L1:11-04-2025@209.57 ; L2:08-08-2025@261.7,,Broadening Formation(68),961209,Chemicals
2025-08-26,ORBTEXP,191.25,Stage 1/3 (Neutral),49.78,180.74,6450,,0.82,False,0.12,692.0,-1.4,True,Near Discount,40.59,37.56,False,Increasing,0.2748,False,False,False,23.28,193.97,False,278.45,141.33,193.97,184.01,209.89,201.85,205.83,188.28,189.93,306.29,138.7,742.0,312.0,Sideways,Moderate,38.31,Rounding Top,79,17-06-2025,26-08-2025,Start:17-06-2025@177.84 ; Q1:03-07-2025@207.22 ; Mid:22-07-2025@215.72 ; Q3:07-08-2025@197.68 ; End:26-08-2025@191.25,Broadening Formation(68),Rounding Top(79) | Broadening Formation(68),7519412,Textiles & Apparel
2025-08-26,CAPTRUST,46.59,Stage 4 (Downtrend),29.49,82.66,22959,,1.07,False,0.11,696.0,-2.12,False,Discount,25.86,74.82,False,Decreasing,0.3748,False,False,False,57.02,47.6,False,174.49,46.59,48.37,46.0,110.54,54.94,65.82,78.88,90.11,185.0,44.53,587.0,210.0,Downtrend,Strong,51.97,Inverse Head and Shoulders,92,17-01-2025,11-04-2025,LS:17-01-2025@88.28 ; H:28-02-2025@77.99 ; RS:11-04-2025@86.79,Pennant Pattern(73) | Broadening Formation(68),Inverse Head and Shoulders(92) | Pennant Pattern(73) | Broadening Formation(68),6364381,Banking Services
2025-08-26,JHS,10.34,Stage 4 (Downtrend),29.74,13.31,105948,60.25,0.6,False,0.11,696.0,-5.91,False,Discount,29.73,68.37,False,Decreasing,0.2313,False,False,False,21.04,10.99,False,31.92,10.34,10.99,10.18,21.13,11.59,12.46,13.19,16.03,32.69,10.18,325.0,467.0,Sideways,Moderate,52.07,Flag Pattern (Bear Flag),64,17-12-2024,28-01-2025,PoleS:17-12-2024@23.11 ; PoleE:08-01-2025@21.01 ; Consol:28-01-2025@18.4,,Flag Pattern (Bear Flag)(64),17739,Personal & Household Products & Services
2025-08-26,WORTH,151.11,Stage 1/3 (Neutral),51.36,150.92,7057,79.75,0.24,False,0.11,696.0,-1.5,True,Near Premium,48.32,20.66,False,Decreasing,0.0719,True,True,False,19.83,153.41,False,179.36,101.7,153.41,151.1,140.53,153.09,149.89,149.8,149.01,190.47,114.99,730.0,772.0,Sideways,Moderate,28.48,Inverse Head and Shoulders,88,28-02-2025,18-07-2025,LS:28-02-2025@142.81 ; H:09-05-2025@135.42 ; RS:18-07-2025@144.93,Rising Wedge(85),Inverse Head and Shoulders(88) | Rising Wedge(85),5994910,Containers & Packaging
2025-08-26,MANAKSIA,69.39,Stage 4 (Downtrend),44.44,69.57,15235,62.17,0.2,False,0.11,696.0,-0.52,False,Near Discount,41.0,39.02,False,Decreasing,0.1644,False,False,False,17.78,69.75,False,108.56,56.77,70.7,69.0,82.66,72.52,73.86,71.2,75.58,113.8,54.52,638.0,797.0,Sideways,Moderate,34.33,Ascending Channel,77,25-04-2025,15-08-2025,UL1:25-04-2025@70.47 ; UL2:23-05-2025@73.76 ; UL3:27-06-2025@76.23 ; UL4:25-07-2025@76.08 ; LL1:09-05-2025@63.96 ; LL2:30-05-2025@69.27 ; LL3:11-07-2025@73.07 ; LL4:15-08-2025@69.02,Triple Top(70) | Double Top(66) | Rounding Top(59),Ascending Channel(77) | Triple Top(70) | Double Top(66) | Rounding Top(59),4285710,Metals & Mining
2024-12-02,NTL,5.22,Unknown,76.7,,182268,,2.69,True,0.1,700.0,0.0,False,Premium,82.97,0.0,False,Increasing,0.8095,False,True,True,29.47,5.22,False,5.22,2.25,5.22,5.22,3.74,3.67,3.16,,,5.22,2.13,244.0,50.0,Uptrend,Strong,63.33,Insufficient Data,0,,,,,Insufficient Data,1008046,Real Estate Operations
2025-08-26,KOTHARIPRO,76.37,Stage 4 (Downtrend),45.87,77.93,13027,80.47,1.34,False,0.1,700.0,-4.29,False,Near Discount,38.75,31.2,False,Increasing,0.0876,False,False,False,17.37,79.79,False,107.89,59.72,80.73,75.79,83.81,79.12,82.62,79.85,80.76,111.0,60.91,662.0,146.0,Sideways,Moderate,31.69,Double Top,78,06-06-2025,04-07-2025,P1:06-06-2025@87.75 ; P2:04-07-2025@85.94,Rounding Top(71) | Ascending Channel(69) | Broadening Formation(68),Double Top(78) | Rounding Top(71) | Ascending Channel(69) | Broadening Formation(68),5839922,Diversified Industrial Goods Wholesale
2025-08-26,BIRLACABLE,159.19,Stage 4 (Downtrend),42.97,162.4,6030,,0.69,False,0.1,700.0,-1.11,False,Near Discount,39.72,45.08,False,Decreasing,0.141,False,False,False,28.11,160.98,False,301.65,126.75,162.8,157.56,214.2,163.4,173.41,168.76,178.25,289.85,125.35,747.0,401.0,Downtrend,Strong,30.62,Symmetrical Triangle,74,23-05-2025,15-08-2025,H1:23-05-2025@191.56 ; H2:20-06-2025@183.35 ; L1:13-06-2025@179.64 ; L2:15-08-2025@152.77,,Symmetrical Triangle(74),17898184,"Machinery, Equipment & Components"
2025-08-26,VISHWARAJ,8.79,Stage 4 (Downtrend),36.67,9.6,115777,71.7,0.64,False,0.1,700.0,0.23,False,Near Discount,33.0,60.03,False,Decreasing,0.073,False,False,False,10.01,8.77,False,20.63,7.88,8.85,8.69,14.26,8.99,9.43,9.46,11.42,21.99,7.82,310.0,431.0,Sideways,Weak,15.09,Symmetrical Triangle,74,25-04-2025,20-06-2025,H1:25-04-2025@9.26 ; H2:13-06-2025@10.16 ; L1:30-05-2025@9.75 ; L2:20-06-2025@9.37,,Symmetrical Triangle(74),42422927,Food & Tobacco
2025-08-26,NBIFIN,2462.4,Stage 4 (Downtrend),45.0,2549.3,403,59.55,0.62,False,0.1,700.0,-0.94,False,Near Discount,38.68,39.94,False,Decreasing,0.2317,False,False,False,32.46,2485.7,False,3996.15,1709.2,2488.1,2430.0,2852.68,2571.48,2785.72,2645.42,2690.4,4100.0,2050.0,857.0,453.0,Downtrend,Strong,51.12,Double Top,78,27-06-2025,18-07-2025,P1:27-06-2025@3028.2 ; P2:18-07-2025@2974.6,Rounding Top(71) | Broadening Formation(68),Double Top(78) | Rounding Top(71) | Broadening Formation(68),62833,Investment Banking & Investment Services
2025-08-26,HCL-INSYS,15.06,Stage 2 (Uptrend),47.42,15.0,65462,,0.54,False,0.1,700.0,-2.71,False,Near Discount,47.5,38.53,False,Decreasing,0.1171,False,False,True,44.43,15.48,False,22.66,11.99,15.58,15.0,17.32,14.88,15.88,15.77,15.44,24.5,11.8,402.0,522.0,Downtrend,Strong,36.17,Broadening Formation,68,07-03-2025,15-08-2025,H1:07-03-2025@13.84 ; H2:13-06-2025@17.66 ; L1:28-03-2025@11.99 ; L2:15-08-2025@14.26,Rounding Top(59),Broadening Formation(68) | Rounding Top(59),26520146,Communications & Networking
2025-08-26,ISFT,100.67,Stage 4 (Downtrend),42.71,105.91,10421,63.08,0.49,False,0.1,700.0,-1.9,False,Near Discount,46.89,47.49,False,Decreasing,0.1024,False,False,True,22.63,102.62,False,181.39,92.1,102.99,99.99,136.74,99.84,105.78,105.42,117.97,191.71,90.05,689.0,575.0,Sideways,Moderate,38.6,Symmetrical Triangle,74,13-06-2025,15-08-2025,H1:04-07-2025@112.59 ; H2:15-08-2025@100.93 ; L1:13-06-2025@108.85 ; L2:08-08-2025@95.0,Pennant Pattern(73) | Rounding Top(59),Symmetrical Triangle(74) | Pennant Pattern(73) | Rounding Top(59),12180889,Software & IT Services
2025-08-26,CINELINE,90.07,Stage 4 (Downtrend),44.41,91.02,10938,62.18,0.48,False,0.1,700.0,-0.03,False,Near Discount,47.21,39.43,False,Decreasing,0.0805,False,False,False,12.81,90.1,False,144.9,77.36,92.19,89.56,111.13,91.46,90.99,91.63,97.88,148.7,73.64,682.0,590.0,Sideways,Weak,36.78,Symmetrical Triangle,74,27-06-2025,01-08-2025,H1:11-07-2025@93.34 ; H2:01-08-2025@91.96 ; L1:27-06-2025@86.27 ; L2:18-07-2025@89.69,Triple Top(70),Symmetrical Triangle(74) | Triple Top(70),3509802,Hotels & Entertainment Services
2025-08-26,MBLINFRA,41.62,Stage 4 (Downtrend),44.65,43.01,22985,72.75,0.22,False,0.1,700.0,-2.76,False,Near Discount,50.31,44.44,False,Decreasing,0.0929,True,False,True,20.6,42.8,False,79.88,33.59,42.8,41.3,56.74,40.94,42.45,43.51,47.9,74.91,32.51,586.0,784.0,Sideways,Moderate,28.98,Symmetrical Triangle,74,16-05-2025,08-08-2025,H1:16-05-2025@44.65 ; H2:13-06-2025@45.22 ; L1:04-07-2025@41.81 ; L2:08-08-2025@39.58,,Symmetrical Triangle(74),7961205,Construction & Engineering
2025-08-26,KAYA,416.7,Stage 2 (Uptrend),59.01,325.68,2452,,0.21,False,0.1,700.0,-0.79,True,Near Discount,44.34,25.45,False,Decreasing,0.049,True,False,False,15.69,420.0,False,698.65,215.5,440.0,413.3,457.08,426.51,419.65,355.86,332.61,558.95,204.43,813.0,794.0,Sideways,Moderate,19.85,No Clear Pattern,0,,,,,No Clear Pattern,10367505,Personal & Household Products & Services
2025-08-26,PILITA,13.84,Stage 4 (Downtrend),44.5,14.87,61583,,0.98,False,0.09,710.0,-2.19,False,Near Discount,34.13,32.95,False,Increasing,0.0886,False,False,False,17.02,14.15,True,19.2,11.39,14.35,13.8,15.3,14.59,15.09,15.55,14.75,20.64,11.51,413.0,236.0,Sideways,Moderate,25.57,Diamond Bottom,83,03-01-2025,08-08-2025,H1:03-01-2025@14.65 ; H2:07-03-2025@13.45 ; H3:30-05-2025@18.58 ; L1:10-01-2025@13.04 ; L2:11-04-2025@13.92 ; L3:08-08-2025@14.27,Rounding Top(62),Diamond Bottom(83) | Rounding Top(62),52430768,Household Goods
2025-08-26,CONSOFINVT,183.41,Stage 4 (Downtrend),41.7,190.65,4719,49.82,0.87,False,0.09,710.0,-2.38,False,Near Discount,36.56,26.34,False,Decreasing,0.0824,False,False,False,14.02,187.88,False,243.61,160.49,187.88,180.65,202.05,190.95,198.48,194.99,197.54,249.0,160.0,770.0,292.0,Sideways,Weak,23.33,Broadening Formation,68,17-01-2025,04-07-2025,H1:24-01-2025@203.24 ; H2:04-07-2025@208.42 ; L1:17-01-2025@197.15 ; L2:20-06-2025@199.23,,Broadening Formation(68),891527,Banking Services
2025-08-26,INVENTURE,1.49,Stage 4 (Downtrend),40.39,1.57,577667,73.15,0.66,False,0.09,710.0,-1.32,False,Near Discount,35.51,56.18,False,Decreasing,0.0647,True,False,False,16.18,1.51,False,3.13,1.34,1.51,1.47,2.24,1.52,1.59,1.57,1.74,3.4,1.32,127.0,417.0,Sideways,Moderate,20.45,Triple Top,70,16-05-2025,11-07-2025,P1:16-05-2025@1.64 ; P2:13-06-2025@1.69 ; P3:11-07-2025@1.68,Double Top(66) | Rounding Top(59),Triple Top(70) | Double Top(66) | Rounding Top(59),-185807160,Investment Banking & Investment Services
2025-08-26,DICIND,590.1,Stage 4 (Downtrend),36.93,642.08,1493,67.92,0.51,False,0.09,710.0,-2.27,False,Discount,40.46,29.74,False,Decreasing,0.0928,False,False,False,29.6,603.8,False,821.1,583.55,604.0,576.15,702.32,600.93,619.87,640.91,657.48,839.9,566.95,834.0,554.0,Downtrend,Strong,20.58,Descending Triangle,68,23-05-2025,25-07-2025,H1:06-06-2025@655.2 ; H2:25-07-2025@633.75 ; L1:23-05-2025@643.2 ; L2:11-07-2025@615.95,,Descending Triangle(68),1323382,Chemicals
2025-08-26,APOLSINHOT,1386.7,Stage 1/3 (Neutral),49.45,1337.07,649,62.56,0.5,False,0.09,710.0,-1.87,False,Near Discount,47.79,37.67,False,Decreasing,0.1168,False,False,False,19.33,1413.1,False,2047.5,1182.05,1419.8,1380.4,1614.78,1389.05,1387.87,1337.67,1462.54,2224.85,1160.0,851.0,564.0,Sideways,Moderate,37.53,No Clear Pattern,0,,,,,No Clear Pattern,318744,Hotels & Entertainment Services
2025-08-26,ASIANHOTNR,324.05,Stage 1/3 (Neutral),46.54,357.99,2772,65.95,0.38,False,0.09,710.0,-7.41,False,Near Premium,44.89,22.75,False,Decreasing,0.2609,False,False,False,17.0,350.0,False,399.55,132.15,350.0,321.5,265.85,325.08,345.22,353.96,324.73,419.5,165.4,809.0,670.0,Sideways,Moderate,59.01,Pennant Pattern,73,17-12-2024,28-01-2025,PoleS:17-12-2024@201.98 ; PoleE:08-01-2025@295.9 ; Consol:28-01-2025@310.5,Broadening Formation(68),Pennant Pattern(73) | Broadening Formation(68),416044,Hotels & Entertainment Services
2025-08-26,TERASOFT,294.2,Stage 2 (Uptrend),61.25,249.25,3163,,0.37,False,0.09,710.0,0.41,True,Near Premium,48.02,14.98,False,Decreasing,0.1088,True,False,False,6.7,293.0,False,346.05,58.0,299.0,293.0,202.02,296.99,296.93,270.08,232.91,346.05,70.0,802.0,676.0,Sideways,Weak,27.05,No Clear Pattern,0,,,,,No Clear Pattern,24988439,Software & IT Services
2025-08-26,UNIDT,202.39,Stage 4 (Downtrend),42.47,216.4,4645,58.75,0.36,False,0.09,710.0,-0.37,False,Near Discount,38.41,31.37,False,Decreasing,0.0509,True,False,False,18.78,203.15,False,282.95,185.8,205.56,201.99,234.38,205.98,217.88,211.32,229.41,294.9,184.46,771.0,684.0,Sideways,Moderate,24.54,Rounding Top,59,03-06-2025,26-08-2025,Start:03-06-2025@188.42 ; Q1:24-06-2025@228.45 ; Mid:15-07-2025@224.14 ; Q3:05-08-2025@208.62 ; End:26-08-2025@202.39,,Rounding Top(59),1870725,Oil & Gas Related Equipment and Services
2025-08-26,EMKAY,212.13,Stage 4 (Downtrend),43.95,220.08,4453,88.64,0.34,False,0.09,710.0,-1.18,False,Near Discount,36.62,42.64,False,Decreasing,0.1998,False,False,False,24.67,214.67,False,369.75,142.85,216.94,212.0,256.3,223.47,234.92,225.17,248.54,369.8,168.0,778.0,702.0,Sideways,Moderate,37.14,Symmetrical Triangle,74,09-05-2025,18-07-2025,H1:13-06-2025@245.71 ; H2:18-07-2025@258.01 ; L1:09-05-2025@175.6 ; L2:27-06-2025@225.0,Rounding Top(59),Symmetrical Triangle(74) | Rounding Top(59),775066,Investment Banking & Investment Services
2025-08-26,KOTARISUG,29.82,Stage 4 (Downtrend),32.63,35.38,29756,64.24,0.33,False,0.09,710.0,0.57,False,Near Discount,35.77,50.2,False,Decreasing,0.2387,False,False,False,51.04,29.65,False,63.64,27.97,29.98,29.52,45.8,30.53,34.51,35.88,39.07,59.88,27.72,543.0,705.0,Downtrend,Strong,28.46,No Clear Pattern,0,,,,,No Clear Pattern,11053397,Food & Tobacco
2025-08-26,REPRO,473.6,Stage 4 (Downtrend),42.75,495.34,1855,57.04,0.25,False,0.09,710.0,0.34,False,Near Discount,32.67,30.16,False,Decreasing,0.1858,False,False,False,33.45,472.0,False,762.1,398.2,478.0,471.0,580.15,503.52,528.4,516.8,513.26,678.15,381.6,827.0,766.0,Downtrend,Strong,33.78,Broadening Formation,68,24-01-2025,18-07-2025,H1:07-02-2025@520.5 ; H2:18-07-2025@577.4 ; L1:24-01-2025@492.7 ; L2:20-06-2025@511.15,Double Top(66) | Rounding Top(59),Broadening Formation(68) | Double Top(66) | Rounding Top(59),490090,Professional & Commercial Services
2025-08-26,KANPRPLA,207.74,Stage 2 (Uptrend),60.53,167.91,4100,72.41,0.22,False,0.09,710.0,-0.12,True,Near Premium,48.78,16.74,False,Decreasing,0.1164,False,True,False,13.18,208.0,False,242.75,94.65,213.0,205.01,168.7,208.67,207.46,186.64,155.15,249.5,104.5,782.0,784.0,Sideways,Weak,38.49,Symmetrical Triangle,74,13-06-2025,15-08-2025,H1:18-07-2025@209.84 ; H2:15-08-2025@216.0 ; L1:13-06-2025@189.33 ; L2:11-07-2025@199.26,,Symmetrical Triangle(74),4564043,Containers & Packaging
2025-08-26,NAHARPOLY,284.55,Stage 2 (Uptrend),48.68,266.44,3207,,0.22,False,0.09,710.0,0.87,True,Equilibrium,31.23,27.03,False,Decreasing,0.142,False,False,False,26.29,282.1,False,374.65,173.5,291.0,281.5,274.08,302.46,331.8,295.5,266.65,389.95,176.42,800.0,784.0,Downtrend,Strong,36.47,Rounding Top,79,13-05-2025,26-08-2025,Start:13-05-2025@218.49 ; Q1:06-06-2025@355.95 ; Mid:03-07-2025@355.5 ; Q3:30-07-2025@309.5 ; End:26-08-2025@284.55,,Rounding Top(79),5118163,Containers & Packaging
2025-08-26,PEARLPOLY,32.14,Stage 1/3 (Neutral),51.39,29.97,29108,77.77,0.11,False,0.09,710.0,-1.8,True,Near Discount,47.26,32.34,False,Decreasing,0.1985,False,True,False,31.66,32.73,False,45.18,24.68,32.84,32.01,34.93,33.79,31.86,30.84,32.12,47.5,24.11,546.0,841.0,Uptrend,Strong,85.82,Symmetrical Triangle,74,20-06-2025,01-08-2025,H1:27-06-2025@31.48 ; H2:01-08-2025@35.43 ; L1:20-06-2025@28.89 ; L2:11-07-2025@29.75,,Symmetrical Triangle(74),15055460,Containers & Packaging
2025-08-26,GILLANDERS,123.06,Stage 2 (Uptrend),50.96,117.9,7162,40.44,0.08,False,0.09,710.0,-1.54,True,Near Premium,43.74,18.99,False,Decreasing,0.3115,False,False,False,16.91,124.99,False,146.1,76.15,127.72,121.21,111.12,129.18,132.25,123.88,118.32,151.9,80.2,728.0,850.0,Sideways,Moderate,52.31,Double Top,86,20-06-2025,01-08-2025,P1:20-06-2025@143.04 ; P2:01-08-2025@145.31,Broadening Formation(68),Double Top(86) | Broadening Formation(68),2967116,Textiles & Apparel
2025-08-26,ZODIACLOTH,97.04,Stage 4 (Downtrend),40.35,102.07,8382,61.26,1.22,False,0.08,725.0,-3.83,False,Near Discount,39.36,37.27,False,Increasing,0.126,False,False,False,33.65,100.9,False,171.99,82.6,100.9,96.95,127.3,100.7,105.67,105.15,109.5,154.7,82.0,711.0,171.0,Downtrend,Strong,32.66,Flag Pattern (Bear Flag),64,17-12-2024,28-01-2025,PoleS:17-12-2024@144.39 ; PoleE:08-01-2025@123.91 ; Consol:28-01-2025@118.25,,Flag Pattern (Bear Flag)(64),4557734,Textiles & Apparel
2025-08-26,STCINDIA,119.66,Stage 4 (Downtrend),41.06,128.81,6902,,1.09,False,0.08,725.0,-2.72,False,Near Discount,36.08,42.47,False,Increasing,0.1048,True,False,False,29.1,123.0,False,237.51,105.38,123.0,118.0,171.44,121.87,133.87,133.57,137.35,208.0,104.11,734.0,203.0,Downtrend,Strong,24.23,Triple Bottom,90,11-04-2025,15-08-2025,P1:11-04-2025@113.95 ; P2:09-05-2025@115.59 ; P3:15-08-2025@117.67,Symmetrical Triangle(74),Triple Bottom(90) | Symmetrical Triangle(74),38557731,Diversified Industrial Goods Wholesale
2025-08-26,TAKE,10.84,Stage 1/3 (Neutral),52.11,9.36,70420,,0.99,False,0.08,725.0,-0.82,False,Near Discount,60.05,54.24,False,Decreasing,0.319,False,True,True,22.7,10.93,False,22.42,6.69,11.15,10.43,14.56,9.99,9.84,9.21,11.41,23.69,6.51,396.0,235.0,Sideways,Moderate,45.53,Ascending Channel,77,09-05-2025,08-08-2025,UL1:23-05-2025@9.63 ; UL2:13-06-2025@8.97 ; UL3:04-07-2025@10.88 ; UL4:25-07-2025@10.75 ; LL1:09-05-2025@7.31 ; LL2:30-05-2025@8.71 ; LL3:20-06-2025@8.51 ; LL4:08-08-2025@9.0,,Ascending Channel(77),-1717337,Biotechnology & Medical Research
2025-08-26,BHANDARI,5.02,Stage 4 (Downtrend),41.33,5.25,149750,86.44,0.78,False,0.08,725.0,-1.18,False,Near Discount,40.86,42.3,False,Decreasing,0.104,False,False,False,31.44,5.08,False,9.08,4.57,5.11,5.01,6.82,5.1,5.36,5.3,5.81,8.7,4.28,272.0,342.0,Downtrend,Strong,31.71,Cup and Handle,87,03-06-2025,08-08-2025,RimL:03-06-2025@5.86 ; Btm:20-06-2025@5.25 ; RimR:15-07-2025@5.73 ; Hdl:08-08-2025@4.97,Symmetrical Triangle(74) | Rounding Top(59),Cup and Handle(87) | Symmetrical Triangle(74) | Rounding Top(59),30343406,Textiles & Apparel
2025-08-26,UNIENTER,153.23,Stage 1/3 (Neutral),48.35,153.58,5149,61.93,0.73,False,0.08,725.0,-1.15,False,Near Discount,45.52,21.62,False,Decreasing,0.072,False,False,False,13.81,155.01,False,192.96,132.12,155.9,151.8,162.54,156.01,155.08,155.97,154.61,195.5,129.44,764.0,374.0,Sideways,Weak,26.29,Triple Bottom,90,20-06-2025,15-08-2025,P1:20-06-2025@149.48 ; P2:18-07-2025@154.37 ; P3:15-08-2025@153.01,Symmetrical Triangle(74) | Flag Pattern (Bear Flag)(64) | Rounding Top(59),Triple Bottom(90) | Symmetrical Triangle(74) | Flag Pattern (Bear Flag)(64) | Rounding Top(59),1993843,Chemicals
2025-08-26,NATHBIOGEN,173.11,Stage 4 (Downtrend),45.34,175.69,4883,,0.6,False,0.08,725.0,-3.13,False,Near Discount,36.11,27.47,False,Decreasing,0.0765,False,False,False,36.38,178.7,False,257.79,142.96,178.7,171.1,200.38,176.89,194.26,184.75,179.22,238.69,137.55,767.0,467.0,Downtrend,Strong,18.59,No Clear Pattern,0,,,,,No Clear Pattern,4505426,Food & Tobacco
2025-08-26,EMMBI,99.77,Stage 4 (Downtrend),42.18,106.42,7681,75.59,0.53,False,0.08,725.0,-1.94,False,Near Discount,34.94,43.95,False,Decreasing,0.1271,False,False,False,12.77,101.74,False,168.96,84.93,101.74,99.1,126.94,104.87,107.99,108.5,118.23,177.99,79.96,720.0,532.0,Sideways,Weak,27.03,Symmetrical Triangle,74,30-05-2025,25-07-2025,H1:04-07-2025@112.38 ; H2:25-07-2025@113.13 ; L1:30-05-2025@110.9 ; L2:11-07-2025@107.77,Head and Shoulders(72) | Triple Top(70) | Double Top(66),Symmetrical Triangle(74) | Head and Shoulders(72) | Triple Top(70) | Double Top(66),11716741,Containers & Packaging
2025-08-26,TEXMOPIPES,57.46,Stage 4 (Downtrend),44.41,58.24,13864,72.02,0.49,False,0.08,725.0,-0.33,False,Near Discount,39.53,33.53,False,Decreasing,0.0835,False,False,False,25.14,57.65,False,81.17,47.75,58.55,57.0,64.46,58.47,61.52,60.77,60.63,86.45,44.5,651.0,575.0,Downtrend,Strong,21.79,Triple Top,70,16-05-2025,11-07-2025,P1:16-05-2025@63.5 ; P2:06-06-2025@64.84 ; P3:11-07-2025@65.01,Broadening Formation(68) | Double Top(66),Triple Top(70) | Broadening Formation(68) | Double Top(66),6251217,Homebuilding & Construction Supplies
2025-08-26,HERCULES,159.58,Stage 4 (Downtrend),42.99,171.8,4926,,0.4,False,0.08,725.0,-3.23,False,Near Discount,34.55,48.69,False,Decreasing,0.1557,False,False,False,23.33,164.9,False,286.9,123.82,164.9,156.0,205.36,166.64,182.94,175.64,187.55,311.0,125.51,766.0,654.0,Sideways,Moderate,35.35,Symmetrical Triangle,74,02-05-2025,04-07-2025,H1:13-06-2025@202.78 ; H2:04-07-2025@205.69 ; L1:02-05-2025@147.51 ; L2:20-06-2025@182.54,Double Top(66) | Rounding Top(59),Symmetrical Triangle(74) | Double Top(66) | Rounding Top(59),9643926,Investment Banking & Investment Services
2025-08-26,SUNDRMBRAK,783.15,Stage 4 (Downtrend),46.27,808.87,967,85.21,0.25,False,0.08,725.0,-0.25,False,Near Discount,43.98,45.61,False,Decreasing,0.1825,False,False,False,11.34,785.1,False,1338.1,686.4,790.4,781.6,1012.25,807.13,813.84,800.46,878.9,1440.0,669.35,846.0,766.0,Sideways,Weak,36.59,Triple Bottom,90,20-06-2025,08-08-2025,P1:20-06-2025@786.15 ; P2:11-07-2025@765.45 ; P3:08-08-2025@773.75,Symmetrical Triangle(74) | Rounding Top(59),Triple Bottom(90) | Symmetrical Triangle(74) | Rounding Top(59),593843,Automobiles & Auto Parts
2025-08-26,INDIANCARD,268.35,Stage 4 (Downtrend),42.63,288.57,2817,71.03,0.13,False,0.08,725.0,-0.24,False,Near Discount,38.1,40.66,False,Decreasing,0.1491,False,False,False,12.41,269.0,False,413.1,224.55,272.95,263.95,318.83,280.7,299.66,303.69,294.4,452.2,217.5,807.0,836.0,Sideways,Weak,61.31,Pennant Pattern,73,17-12-2024,28-01-2025,PoleS:17-12-2024@403.7 ; PoleE:08-01-2025@287.65 ; Consol:28-01-2025@292.6,Broadening Formation(68),Pennant Pattern(73) | Broadening Formation(68),2365270,"Machinery, Equipment & Components"
2025-08-26,ALKALI,86.01,Stage 4 (Downtrend),41.26,91.05,8465,53.31,1.19,False,0.07,736.0,-3.36,False,Near Discount,33.51,38.76,False,Increasing,0.0852,False,False,False,22.36,89.0,False,154.1,78.46,89.0,85.5,116.28,89.01,94.44,92.98,98.16,140.44,74.0,710.0,176.0,Sideways,Moderate,24.47,Broadening Formation,68,28-03-2025,08-08-2025,H1:25-04-2025@87.82 ; H2:18-07-2025@98.84 ; L1:28-03-2025@79.07 ; L2:08-08-2025@86.93,Rounding Top(59),Broadening Formation(68) | Rounding Top(59),1847312,Chemicals
2025-08-26,SREEL,228.59,Stage 4 (Downtrend),41.09,238.03,3187,52.97,0.79,False,0.07,736.0,-1.38,False,Near Discount,30.16,25.82,False,Decreasing,0.0558,False,False,False,17.7,231.8,False,327.55,217.75,231.8,226.21,272.65,236.25,242.6,241.66,243.13,308.15,215.42,801.0,336.0,Sideways,Moderate,13.48,No Clear Pattern,0,,,,,No Clear Pattern,271037,Textiles & Apparel
2025-08-26,SUPERHOUSE,151.65,Stage 4 (Downtrend),37.55,164.46,4880,42.19,0.78,False,0.07,736.0,-0.42,False,Near Discount,32.94,36.28,False,Decreasing,0.1342,False,False,False,15.06,152.29,False,240.9,133.29,157.0,150.35,187.1,160.58,167.46,165.19,178.21,237.99,129.53,768.0,342.0,Sideways,Moderate,28.01,Rounding Top,59,21-04-2025,26-08-2025,Start:21-04-2025@159.61 ; Q1:22-05-2025@168.26 ; Mid:24-06-2025@171.2 ; Q3:24-07-2025@171.28 ; End:26-08-2025@151.65,,Rounding Top(59),788228,Textiles & Apparel
2025-08-26,HINDNATGLS,10.87,Stage 4 (Downtrend),31.08,17.87,62525,100.0,0.71,False,0.07,736.0,0.0,False,Discount,25.99,64.97,False,Decreasing,0.3847,False,False,False,19.51,10.87,False,31.03,10.87,10.87,10.87,20.95,14.18,16.17,18.04,,31.03,10.87,410.0,390.0,Sideways,Moderate,60.5,No Clear Pattern,0,,,,,No Clear Pattern,-1098464,NO DATA
2025-08-26,BEARDSELL,28.96,Stage 4 (Downtrend),43.37,29.99,24978,68.79,0.44,False,0.07,736.0,1.54,False,Near Discount,37.15,46.37,False,Decreasing,0.1737,False,False,False,30.79,28.52,False,50.55,24.62,29.33,28.5,37.58,31.06,30.64,29.9,33.29,54.0,23.0,573.0,623.0,Downtrend,Strong,40.63,Cup and Handle,87,12-06-2025,25-08-2025,RimL:12-06-2025@33.76 ; Btm:30-06-2025@26.99 ; RimR:31-07-2025@33.73 ; Hdl:25-08-2025@28.93,,Cup and Handle(87),11888636,Homebuilding & Construction Supplies
2025-08-26,CREST,375.7,Stage 4 (Downtrend),45.83,385.06,1904,76.1,0.39,False,0.07,736.0,1.14,False,Near Discount,47.3,39.56,False,Decreasing,0.0462,True,False,True,15.17,371.45,False,588.45,343.3,380.05,365.0,465.88,374.62,384.67,388.56,406.92,621.65,319.1,825.0,663.0,Sideways,Moderate,24.01,Symmetrical Triangle,74,27-06-2025,08-08-2025,H1:27-06-2025@405.2 ; H2:08-08-2025@383.95 ; L1:04-07-2025@381.5 ; L2:01-08-2025@366.55,Rounding Top(59),Symmetrical Triangle(74) | Rounding Top(59),5492235,Investment Banking & Investment Services
2025-08-26,BANKA,87.37,Stage 1/3 (Neutral),55.65,75.23,8217,38.07,0.35,False,0.07,736.0,-6.04,True,Near Discount,52.77,39.28,False,Decreasing,0.1665,False,True,True,22.82,92.99,False,138.48,58.93,92.99,87.0,98.7,87.18,79.74,74.55,83.67,143.9,56.99,714.0,694.0,Sideways,Moderate,54.28,Broadening Formation,68,04-04-2025,25-07-2025,H1:18-04-2025@74.35 ; H2:25-07-2025@91.78 ; L1:04-04-2025@71.92 ; L2:18-07-2025@69.15,,Broadening Formation(68),504893,Professional & Commercial Services
2025-08-26,PLASTIBLEN,189.65,Stage 4 (Downtrend),42.16,196.45,3880,65.82,0.33,False,0.07,736.0,0.44,False,Near Discount,42.7,52.4,False,Decreasing,0.0425,True,False,False,18.43,188.81,False,375.7,171.85,192.0,188.8,273.77,190.74,199.65,197.07,212.79,398.45,168.7,789.0,705.0,Sideways,Moderate,22.03,Symmetrical Triangle,74,06-06-2025,01-08-2025,H1:06-06-2025@220.01 ; H2:04-07-2025@212.24 ; L1:13-06-2025@204.24 ; L2:01-08-2025@187.99,Rounding Top(59),Symmetrical Triangle(74) | Rounding Top(59),3925195,Chemicals
2025-08-26,PATINTLOG,15.23,Stage 4 (Downtrend),43.2,15.76,46731,53.89,0.3,False,0.07,736.0,-0.46,False,Near Discount,37.07,43.76,False,Decreasing,0.1366,False,False,False,25.59,15.3,False,27.53,13.11,15.42,14.82,20.32,15.69,16.42,15.84,17.79,27.08,12.9,467.0,730.0,Downtrend,Strong,24.98,Broadening Formation,68,28-03-2025,08-08-2025,H1:25-04-2025@15.25 ; H2:04-07-2025@18.12 ; L1:28-03-2025@13.36 ; L2:08-08-2025@15.18,Rounding Top(59),Broadening Formation(68) | Rounding Top(59),29638404,Freight & Logistics Services
2025-08-26,GTPL,116.02,Stage 1/3 (Neutral),46.83,113.14,5882,68.0,0.24,False,0.07,736.0,-1.59,False,Near Discount,45.4,34.67,False,Decreasing,0.0569,True,False,False,19.16,117.9,False,179.41,102.86,117.9,115.8,141.14,117.94,118.42,114.1,120.39,177.59,98.1,749.0,772.0,Sideways,Moderate,20.92,Ascending Channel,77,21-03-2025,15-08-2025,UL1:21-03-2025@114.1 ; UL2:18-04-2025@112.78 ; UL3:27-06-2025@120.27 ; UL4:01-08-2025@122.79 ; LL1:11-04-2025@108.12 ; LL2:09-05-2025@102.89 ; LL3:11-07-2025@115.84 ; LL4:15-08-2025@115.98,Double Top(66),Ascending Channel(77) | Double Top(66),9775141,Media & Publishing
2025-08-26,BRNL,20.2,Stage 4 (Downtrend),33.38,26.32,36513,60.88,0.18,False,0.07,736.0,-2.18,False,Near Discount,49.17,62.34,False,Decreasing,0.1888,False,False,True,24.4,20.65,False,63.09,17.84,20.67,20.16,40.47,19.94,20.64,22.69,32.32,53.64,17.4,511.0,814.0,Sideways,Moderate,64.97,No Clear Pattern,0,,,,,No Clear Pattern,-1129096,Construction & Engineering
2025-08-26,HMVL,85.85,Stage 1/3 (Neutral),47.9,85.91,8511,55.35,0.12,False,0.07,736.0,-1.95,False,Equilibrium,41.73,17.77,False,Decreasing,0.0612,False,False,False,30.21,87.56,False,105.69,74.89,87.89,85.5,90.29,87.48,87.93,87.23,87.18,104.4,73.2,709.0,839.0,Downtrend,Strong,21.59,Rounding Top,59,17-06-2025,26-08-2025,Start:17-06-2025@87.31 ; Q1:03-07-2025@87.47 ; Mid:22-07-2025@88.96 ; Q3:07-08-2025@87.67 ; End:26-08-2025@85.85,,Rounding Top(59),5417032,Media & Publishing
2025-08-26,KREBSBIO,73.1,Stage 4 (Downtrend),42.1,79.86,8882,,3.25,True,0.06,748.0,-5.0,False,Near Discount,35.24,43.36,False,Increasing,0.0743,True,False,False,23.23,76.95,True,125.3,61.9,76.95,71.3,93.6,76.31,81.42,79.76,85.84,129.07,66.12,702.0,38.0,Sideways,Moderate,31.27,Flag Pattern (Bear Flag),71,17-12-2024,28-01-2025,PoleS:17-12-2024@103.82 ; PoleE:08-01-2025@94.2 ; Consol:28-01-2025@91.57,Rounding Top(66),Flag Pattern (Bear Flag)(71) | Rounding Top(66),7009187,Pharmaceuticals
2025-08-26,RAJTV,42.33,Stage 4 (Downtrend),34.38,57.95,14883,85.92,2.92,True,0.06,748.0,-6.84,False,Discount,43.97,55.44,False,Increasing,0.0806,False,False,False,16.42,45.44,False,126.85,41.51,45.44,42.0,84.18,42.89,44.06,48.28,62.87,95.0,41.11,641.0,47.0,Sideways,Moderate,31.29,Diamond Top,64,20-12-2024,15-08-2025,H1:20-12-2024@81.09 ; H2:28-03-2025@84.86 ; H3:18-07-2025@45.9 ; L1:03-01-2025@77.0 ; L2:09-05-2025@44.17 ; L3:15-08-2025@41.51,,Diamond Top(64),-1524825,Media & Publishing
2025-08-26,CTE,41.65,Stage 4 (Downtrend),35.64,47.53,15576,,2.15,True,0.06,748.0,2.56,False,Near Discount,42.5,64.3,False,Increasing,0.0726,True,False,False,19.95,40.61,False,144.43,34.17,43.72,40.61,89.3,42.04,44.59,44.74,63.21,116.67,34.11,636.0,66.0,Sideways,Moderate,31.53,Symmetrical Triangle,78,23-05-2025,08-08-2025,H1:23-05-2025@51.61 ; H2:04-07-2025@47.14 ; L1:27-06-2025@45.79 ; L2:08-08-2025@40.98,,Symmetrical Triangle(78),2495208,Software & IT Services
2025-08-26,LASA,8.78,Stage 4 (Downtrend),28.23,15.69,73365,,2.07,True,0.06,748.0,-6.0,False,Discount,28.12,73.78,False,Increasing,0.2287,False,False,False,26.83,9.34,False,32.45,8.78,9.34,8.69,20.62,9.87,10.66,13.57,19.23,33.49,8.42,384.0,71.0,Downtrend,Strong,37.11,Descending Channel,61,27-12-2024,11-07-2025,UL1:03-01-2025@29.02 ; UL2:07-03-2025@23.86 ; UL3:16-05-2025@18.47 ; UL4:11-07-2025@12.66 ; LL1:27-12-2024@26.34 ; LL2:28-02-2025@20.96 ; LL3:28-03-2025@16.85 ; LL4:20-06-2025@9.84,,Descending Channel(61),951275,Pharmaceuticals
2025-08-26,GANGESSECU,161.82,Stage 1/3 (Neutral),49.65,155.54,3953,41.44,1.32,False,0.06,748.0,-1.49,False,Near Discount,48.13,29.67,False,Increasing,0.1414,False,False,True,20.67,164.27,False,224.23,127.36,170.1,156.8,175.8,161.02,164.0,159.37,168.03,230.08,125.0,786.0,152.0,Sideways,Moderate,33.88,Symmetrical Triangle,74,16-05-2025,08-08-2025,H1:16-05-2025@160.42 ; H2:13-06-2025@175.04 ; L1:27-06-2025@166.76 ; L2:08-08-2025@155.87,,Symmetrical Triangle(74),1360166,Investment Banking & Investment Services
2025-08-26,TOTAL,72.65,Stage 1/3 (Neutral),44.02,75.32,8829,77.68,1.06,False,0.06,748.0,-1.02,False,Near Discount,41.18,32.1,False,Increasing,0.1171,False,False,False,10.63,73.4,False,127.1,62.97,74.69,72.25,95.04,74.88,78.75,77.54,74.95,107.0,61.99,703.0,213.0,Sideways,Weak,43.41,Cup and Handle,87,26-05-2025,12-08-2025,RimL:26-05-2025@86.67 ; Btm:10-06-2025@78.56 ; RimR:30-06-2025@84.09 ; Hdl:12-08-2025@72.11,Double Top(66) | Rounding Top(59),Cup and Handle(87) | Double Top(66) | Rounding Top(59),1540639,Freight & Logistics Services
2025-08-26,ENERGYDEV,20.03,Stage 1/3 (Neutral),46.5,20.0,28330,,0.88,False,0.06,748.0,-5.56,False,Near Discount,42.31,47.15,False,Increasing,0.0788,False,False,False,22.23,21.21,False,36.39,16.62,21.21,19.92,26.51,20.44,21.23,20.48,22.28,37.9,16.4,549.0,288.0,Sideways,Moderate,28.41,Ascending Channel,77,28-03-2025,08-08-2025,UL1:18-04-2025@19.38 ; UL2:16-05-2025@19.75 ; UL3:13-06-2025@25.33 ; UL4:04-07-2025@22.2 ; LL1:28-03-2025@16.71 ; LL2:09-05-2025@17.48 ; LL3:06-06-2025@19.27 ; LL4:08-08-2025@19.94,Flag Pattern (Bear Flag)(64) | Rounding Top(59),Ascending Channel(77) | Flag Pattern (Bear Flag)(64) | Rounding Top(59),4775940,Electrical Utilities & IPPs
2025-08-26,KAKATCEM,150.32,Stage 4 (Downtrend),42.09,153.27,3694,62.34,0.58,False,0.06,748.0,-1.68,False,Near Discount,39.86,37.37,False,Decreasing,0.0743,False,False,False,18.88,152.89,False,254.53,132.11,153.84,149.0,193.32,155.01,159.46,155.81,163.78,240.03,130.3,792.0,485.0,Sideways,Moderate,27.16,Ascending Channel,77,18-04-2025,08-08-2025,UL1:18-04-2025@153.67 ; UL2:16-05-2025@160.33 ; UL3:20-06-2025@164.64 ; UL4:25-07-2025@163.73 ; LL1:09-05-2025@142.12 ; LL2:30-05-2025@154.91 ; LL3:11-07-2025@158.33 ; LL4:08-08-2025@151.83,Triple Top(70) | Double Top(66) | Rounding Top(59),Ascending Channel(77) | Triple Top(70) | Double Top(66) | Rounding Top(59),702001,Construction Materials
2025-08-26,ACCURACY,7.08,Stage 4 (Downtrend),37.41,8.07,89424,64.91,0.57,False,0.06,748.0,1.14,False,Discount,40.38,46.16,False,Decreasing,0.1027,True,False,False,29.8,7.0,False,13.75,6.89,7.26,6.97,10.32,7.16,7.75,8.01,8.77,13.15,6.51,361.0,493.0,Downtrend,Strong,30.99,Broadening Formation,68,28-03-2025,15-08-2025,H1:04-04-2025@8.25 ; H2:27-06-2025@8.75 ; L1:28-03-2025@7.46 ; L2:15-08-2025@6.95,Double Top(66),Broadening Formation(68) | Double Top(66),-10734656,Freight & Logistics Services
2025-08-26,CORALFINAC,43.14,Stage 1/3 (Neutral),46.16,42.61,13030,78.98,0.55,False,0.06,748.0,0.33,False,Near Discount,40.06,44.59,False,Decreasing,0.0713,True,False,False,10.13,43.0,False,72.21,35.06,44.17,43.0,53.64,44.59,45.48,44.09,45.29,77.85,33.7,661.0,511.0,Sideways,Weak,27.98,Rounding Top,59,13-05-2025,26-08-2025,Start:13-05-2025@39.47 ; Q1:06-06-2025@48.9 ; Mid:03-07-2025@45.59 ; Q3:30-07-2025@44.82 ; End:26-08-2025@43.14,,Rounding Top(59),8372829,Construction & Engineering
2025-08-26,LAMBODHARA,121.76,Stage 4 (Downtrend),40.63,132.42,4935,63.32,0.48,False,0.06,748.0,-3.96,False,Near Discount,39.61,50.9,False,Decreasing,0.1152,False,False,False,18.05,126.78,False,229.61,104.65,126.78,121.0,167.13,126.6,132.88,135.98,144.48,248.0,99.65,765.0,590.0,Sideways,Moderate,40.6,Symmetrical Triangle,74,16-05-2025,15-08-2025,H1:16-05-2025@145.06 ; H2:11-07-2025@140.41 ; L1:20-06-2025@134.35 ; L2:15-08-2025@121.48,Triple Top(70),Symmetrical Triangle(74) | Triple Top(70),10980312,Textiles & Apparel
2025-08-26,SHREYANIND,229.32,Stage 2 (Uptrend),56.18,204.27,2732,,0.39,False,0.06,748.0,-4.39,True,Near Discount,50.43,18.95,False,Decreasing,0.0753,False,False,True,15.78,239.85,False,331.3,166.43,239.85,228.16,248.86,228.41,230.57,213.51,213.0,282.95,164.11,811.0,663.0,Sideways,Moderate,30.7,Double Bottom,78,20-06-2025,15-08-2025,P1:20-06-2025@220.48 ; P2:15-08-2025@222.4,Rising Wedge(77) | Rounding Top(71) | Ascending Channel(69),Double Bottom(78) | Rising Wedge(77) | Rounding Top(71) | Ascending Channel(69),296504,Paper & Forest Products
2025-08-26,MURUDCERA,43.32,Stage 1/3 (Neutral),52.68,38.96,14088,53.79,0.27,False,0.06,748.0,-1.43,True,Near Discount,47.96,38.55,False,Decreasing,0.0988,True,False,False,20.75,43.95,False,68.91,30.32,44.48,43.16,49.61,43.57,43.93,40.68,42.53,70.5,29.92,648.0,754.0,Sideways,Moderate,49.0,Double Bottom,78,20-06-2025,15-08-2025,P1:20-06-2025@41.15 ; P2:15-08-2025@41.7,Symmetrical Triangle(74),Double Bottom(78) | Symmetrical Triangle(74),7447461,Homebuilding & Construction Supplies
2025-08-26,SADBHIN,4.16,Stage 4 (Downtrend),44.27,4.77,148438,,0.21,False,0.06,748.0,0.0,False,Near Discount,48.51,51.12,False,Decreasing,0.3662,False,False,True,32.28,4.16,False,8.09,3.29,4.16,4.16,5.69,4.01,4.58,4.67,5.32,8.51,3.22,274.0,794.0,Downtrend,Strong,90.3,No Clear Pattern,0,,,,,No Clear Pattern,-3163726,Construction & Engineering
2025-08-26,HITECHCORP,203.41,Stage 1/3 (Neutral),51.81,191.0,2736,62.13,0.12,False,0.06,748.0,-2.88,False,Near Discount,55.24,42.11,False,Decreasing,0.1963,False,True,True,30.71,209.45,False,335.9,161.65,210.89,202.3,248.77,193.38,196.95,191.88,205.97,351.35,160.0,810.0,839.0,Uptrend,Strong,50.55,Triple Bottom,90,30-05-2025,08-08-2025,P1:30-05-2025@185.48 ; P2:20-06-2025@180.42 ; P3:08-08-2025@180.69,Double Bottom(86),Triple Bottom(90) | Double Bottom(86),3507282,Containers & Packaging
2025-08-26,SIMBHALS,14.8,Stage 4 (Downtrend),43.02,15.27,31622,,2.28,True,0.05,763.0,-3.14,False,Near Discount,35.59,50.27,False,Increasing,0.0856,False,False,False,27.27,15.28,False,34.97,12.34,15.28,14.05,23.66,15.35,16.23,15.6,16.95,29.76,12.12,530.0,61.0,Downtrend,Strong,28.58,Inverse Head and Shoulders,96,28-02-2025,09-05-2025,LS:28-02-2025@13.24 ; H:28-03-2025@12.34 ; RS:09-05-2025@13.31,Symmetrical Triangle(78),Inverse Head and Shoulders(96) | Symmetrical Triangle(78),6930883,Food & Tobacco
2025-08-26,CINEVISTA,17.0,Stage 2 (Uptrend),48.76,16.35,26516,,2.21,True,0.05,763.0,-1.16,False,Near Discount,39.11,31.67,False,Increasing,0.1023,False,False,False,9.83,17.2,False,23.61,13.82,17.74,17.0,18.72,17.72,18.47,17.02,17.02,24.88,13.21,565.0,62.0,Sideways,Weak,28.35,Diamond Bottom,84,28-02-2025,15-08-2025,H1:14-03-2025@14.43 ; H2:16-05-2025@15.97 ; H3:15-08-2025@18.0 ; L1:28-02-2025@14.05 ; L2:02-05-2025@14.98 ; L3:08-08-2025@17.19,,Diamond Bottom(84),8049012,Media & Publishing
2025-08-26,SHRENIK,0.54,Stage 4 (Downtrend),35.07,0.63,856820,42.53,1.28,False,0.05,763.0,-1.82,False,Discount,36.8,49.06,False,Increasing,0.0625,True,False,False,35.04,0.55,True,1.39,0.54,0.56,0.54,0.96,0.56,0.58,0.61,0.67,1.06,0.54,96.0,158.0,Downtrend,Strong,28.35,Diamond Top,63,07-02-2025,15-08-2025,H1:07-02-2025@0.76 ; H2:23-05-2025@0.66 ; H3:15-08-2025@0.56 ; L1:09-05-2025@0.6 ; L2:20-06-2025@0.6 ; L3:08-08-2025@0.56,,Diamond Top(63),81943424,Paper & Forest Products
2025-08-26,SAMBHAAV,6.63,Stage 4 (Downtrend),48.11,6.69,78557,72.04,1.25,False,0.05,763.0,0.15,False,Equilibrium,40.06,29.84,False,Increasing,0.0939,False,False,False,14.37,6.62,False,8.98,4.5,7.19,6.3,6.74,6.73,6.96,6.85,6.83,9.45,4.86,376.0,163.0,Sideways,Weak,20.17,Triple Top,82,25-04-2025,25-07-2025,P1:25-04-2025@7.27 ; P2:16-05-2025@7.29 ; P3:25-07-2025@7.38,Broadening Formation(68),Triple Top(82) | Broadening Formation(68),25022392,Media & Publishing
2025-08-26,ASTRON,12.75,Stage 4 (Downtrend),37.56,15.14,41119,59.32,1.15,False,0.05,763.0,-3.77,False,Near Discount,27.78,49.4,False,Decreasing,0.1512,False,False,False,18.88,13.25,False,29.76,10.43,13.67,12.51,20.1,14.26,15.38,15.92,16.78,25.2,10.11,487.0,183.0,Sideways,Moderate,40.65,Symmetrical Triangle,74,30-05-2025,15-08-2025,H1:30-05-2025@20.51 ; H2:15-08-2025@14.76 ; L1:20-06-2025@16.51 ; L2:08-08-2025@14.06,,Symmetrical Triangle(74),-3617669,Paper & Forest Products
2025-08-26,CALSOFT,17.0,Stage 2 (Uptrend),59.86,13.21,31955,,0.93,False,0.05,763.0,-1.39,True,Near Premium,60.23,20.63,False,Decreasing,0.4119,False,True,True,27.64,17.24,False,20.4,9.03,17.25,16.7,14.72,14.83,16.09,13.68,12.75,21.42,9.84,527.0,263.0,Uptrend,Strong,59.96,Flag Pattern (Bull Flag),80,17-12-2024,28-01-2025,PoleS:17-12-2024@10.72 ; PoleE:08-01-2025@11.42 ; Consol:28-01-2025@12.52,Broadening Formation(68),Flag Pattern (Bull Flag)(80) | Broadening Formation(68),1733563,Software & IT Services
2025-08-26,SHIVATEX,181.59,Stage 4 (Downtrend),41.95,197.21,2925,67.08,0.56,False,0.05,763.0,0.08,False,Near Discount,43.61,39.27,False,Decreasing,0.1904,False,False,False,18.84,181.44,False,269.19,170.04,186.7,179.82,219.62,183.6,195.69,199.1,207.21,299.0,168.0,806.0,499.0,Sideways,Moderate,39.46,Inverse Head and Shoulders,92,17-01-2025,02-05-2025,LS:17-01-2025@193.9 ; H:28-03-2025@174.27 ; RS:02-05-2025@191.19,Symmetrical Triangle(74) | Rounding Top(59),Inverse Head and Shoulders(92) | Symmetrical Triangle(74) | Rounding Top(59),4515212,Textiles & Apparel
2025-08-26,SUNDARAM,2.01,Stage 4 (Downtrend),41.77,2.09,256577,65.86,0.56,False,0.05,763.0,-1.95,False,Near Discount,41.71,35.99,False,Decreasing,0.0808,False,False,False,30.17,2.05,False,3.83,1.88,2.05,2.01,2.86,2.03,2.11,2.09,2.24,3.14,1.78,199.0,499.0,Downtrend,Strong,19.29,Inverse Head and Shoulders,92,04-04-2025,20-06-2025,LS:04-04-2025@1.99 ; H:09-05-2025@1.88 ; RS:20-06-2025@2.05,Broadening Formation(68) | Double Top(66) | Diamond Top(60) | Rounding Top(59),Inverse Head and Shoulders(92) | Broadening Formation(68) | Double Top(66) | Diamond Top(60) | Rounding Top(59),-37358236,Paper & Forest Products
2025-08-26,BANARBEADS,103.32,Stage 4 (Downtrend),38.07,119.89,5258,66.03,0.48,False,0.05,763.0,-2.74,False,Near Discount,33.35,39.05,False,Decreasing,0.1916,False,False,False,26.12,106.23,False,157.05,82.9,108.28,102.21,119.98,109.23,116.1,119.22,125.21,169.52,96.1,760.0,590.0,Downtrend,Strong,28.51,Long-term Rounding Top,59,21-08-2024,26-08-2025,Start:21-08-2024@97.49 ; Q1:22-11-2024@146.54 ; Mid:20-02-2025@118.03 ; Q3:29-05-2025@125.14 ; End:26-08-2025@103.32,,Long-term Rounding Top(59),7256024,Textiles & Apparel
2025-08-26,TARMAT,53.48,Stage 4 (Downtrend),44.11,54.95,8713,59.21,0.35,False,0.05,763.0,-0.13,False,Near Discount,42.42,45.09,False,Decreasing,0.0977,True,False,False,15.57,53.55,False,101.82,47.24,54.19,52.71,74.53,54.77,55.86,54.41,61.59,97.4,45.1,704.0,694.0,Sideways,Moderate,27.24,Rising Wedge,65,14-03-2025,15-08-2025,UL1:04-04-2025@54.29 ; UL2:30-05-2025@57.19 ; UL3:11-07-2025@62.28 ; UL4:15-08-2025@55.21 ; LL1:14-03-2025@49.49 ; LL2:09-05-2025@47.24 ; LL3:06-06-2025@53.23 ; LL4:08-08-2025@52.56,Flag Pattern (Bear Flag)(64),Rising Wedge(65) | Flag Pattern (Bear Flag)(64),3841460,Construction & Engineering
2025-08-26,NIPPOBATRY,479.9,Stage 1/3 (Neutral),48.85,472.14,1143,68.59,0.29,False,0.05,763.0,-0.92,False,Near Discount,54.37,23.83,False,Decreasing,0.0697,False,True,True,15.09,484.35,False,618.35,406.4,488.0,479.55,512.38,471.42,469.44,481.38,493.76,630.0,388.1,844.0,737.0,Sideways,Moderate,30.97,Rounding Bottom,79,17-06-2025,26-08-2025,Start:17-06-2025@488.65 ; Q1:03-07-2025@466.9 ; Mid:22-07-2025@476.85 ; Q3:07-08-2025@469.6 ; End:26-08-2025@479.9,Ascending Channel(77) | Rising Wedge(65) | Rounding Top(59),Rounding Bottom(79) | Ascending Channel(77) | Rising Wedge(65) | Rounding Top(59),486189,"Machinery, Equipment & Components"
2025-08-26,TOKYOPLAST,124.48,Stage 1/3 (Neutral),48.6,125.57,3623,51.92,0.26,False,0.05,763.0,-2.89,False,Equilibrium,47.05,25.01,False,Decreasing,0.1246,False,False,True,20.79,128.18,False,151.87,97.75,128.18,123.51,124.81,124.19,127.85,130.13,125.86,166.0,106.24,793.0,757.0,Sideways,Moderate,37.16,Rounding Top,71,18-03-2025,26-08-2025,Start:18-03-2025@115.55 ; Q1:30-04-2025@132.27 ; Mid:10-06-2025@144.13 ; Q3:17-07-2025@129.52 ; End:26-08-2025@124.48,,Rounding Top(71),5541649,Containers & Packaging
2025-08-26,DHUNINV,1453.0,Stage 4 (Downtrend),43.31,1518.86,360,52.22,0.23,False,0.05,763.0,-0.55,False,Near Discount,46.26,45.55,False,Decreasing,0.0563,False,False,False,20.15,1461.1,False,2588.4,1037.4,1462.9,1442.2,1812.9,1464.22,1477.3,1489.16,1695.45,2668.5,1361.0,859.0,777.0,Sideways,Moderate,18.21,Triple Bottom,90,20-06-2025,15-08-2025,P1:20-06-2025@1444.8 ; P2:11-07-2025@1473.1 ; P3:15-08-2025@1437.4,,Triple Bottom(90),638705,Chemicals
2025-08-26,GSS,28.31,Stage 4 (Downtrend),33.54,36.84,17520,57.85,0.23,False,0.05,763.0,-1.87,False,Near Discount,36.58,66.3,False,Decreasing,0.1785,False,False,False,23.8,28.85,False,99.3,26.77,29.11,28.1,63.04,29.23,31.68,34.23,44.58,84.0,26.4,620.0,777.0,Sideways,Moderate,35.45,Flag Pattern (Bear Flag),64,17-12-2024,28-01-2025,PoleS:17-12-2024@64.01 ; PoleE:08-01-2025@58.32 ; Consol:28-01-2025@51.75,Diamond Top(60) | Descending Channel(57),Flag Pattern (Bear Flag)(64) | Diamond Top(60) | Descending Channel(57),-4676413,Software & IT Services
2025-08-26,BEDMUTHA,136.19,Stage 4 (Downtrend),31.54,156.11,3975,48.78,0.18,False,0.05,763.0,-2.26,False,Discount,35.07,47.56,False,Decreasing,0.0506,True,False,False,21.31,139.34,True,269.35,136.19,139.34,135.5,202.77,140.0,145.73,153.75,171.71,259.7,134.71,785.0,814.0,Sideways,Moderate,18.3,Broadening Formation,71,27-12-2024,20-06-2025,H1:17-01-2025@209.45 ; H2:16-05-2025@165.46 ; L1:27-12-2024@198.14 ; L2:20-06-2025@148.17,Double Top(69),Broadening Formation(71) | Double Top(69),341342,Metals & Mining
2025-08-26,HISARMETAL,187.2,Stage 4 (Downtrend),45.13,195.84,2655,47.65,0.16,False,0.05,763.0,-0.12,False,Equilibrium,40.98,24.1,False,Decreasing,0.2076,False,False,False,20.66,187.42,False,220.87,161.91,189.98,186.4,191.39,196.32,196.95,197.33,195.56,246.65,160.05,812.0,823.0,Sideways,Moderate,32.19,Rounding Top,71,03-06-2025,26-08-2025,Start:03-06-2025@191.68 ; Q1:24-06-2025@196.36 ; Mid:15-07-2025@193.1 ; Q3:05-08-2025@204.33 ; End:26-08-2025@187.2,Broadening Formation(68),Rounding Top(71) | Broadening Formation(68),427449,Metals & Mining
2025-08-12,TIMESGTY,286.2,Stage 2 (Uptrend),79.08,186.05,1709,,0.02,False,0.05,763.0,0.0,True,Near Premium,68.25,9.14,False,Decreasing,0.777,False,True,True,53.73,286.2,False,301.7,99.25,286.2,286.2,200.48,243.09,201.15,187.28,174.36,315.0,110.35,829.0,864.0,Uptrend,Strong,99.22,Pennant Pattern,73,03-12-2024,14-01-2025,PoleS:03-12-2024@145.79 ; PoleE:24-12-2024@195.21 ; Consol:14-01-2025@164.3,,Pennant Pattern(73),2219276,NO DATA
2025-08-25,SUULD,2.15,Stage 4 (Downtrend),35.14,2.72,195062,,3.17,True,0.04,780.0,6.97,False,Discount,28.9,73.42,False,Increasing,0.6482,False,False,False,36.37,2.01,False,7.9,2.12,2.22,2.01,5.01,2.77,2.8,2.82,3.62,8.09,2.01,238.0,41.0,Downtrend,Strong,50.77,Rounding Top,63,07-04-2025,25-08-2025,Start:07-04-2025@2.48 ; Q1:28-04-2025@2.65 ; Mid:16-05-2025@3.36 ; Q3:03-06-2025@3.01 ; End:25-08-2025@2.15,,Rounding Top(63),-19143894,Textiles & Apparel
2025-08-26,ARCHIES,18.8,Stage 4 (Downtrend),43.94,19.39,18960,,1.69,False,0.04,780.0,-0.58,False,Near Discount,42.07,48.79,False,Increasing,0.0793,False,False,False,32.5,18.91,False,34.76,15.08,19.16,18.6,24.92,19.25,20.7,19.95,21.18,36.71,14.72,613.0,95.0,Downtrend,Strong,36.28,Broadening Formation,72,03-01-2025,15-08-2025,H1:03-01-2025@25.44 ; H2:27-06-2025@24.16 ; L1:24-01-2025@22.05 ; L2:15-08-2025@18.42,,Broadening Formation(72),7446105,Specialty Retailers
2025-08-26,21STCENMGM,53.98,Stage 4 (Downtrend),31.88,66.13,7526,62.8,1.46,False,0.04,780.0,-2.37,False,Discount,29.0,61.82,False,Increasing,0.1137,False,False,False,16.53,55.29,False,138.63,53.98,56.0,53.95,96.3,57.2,59.51,65.18,75.13,141.4,53.95,726.0,120.0,Sideways,Moderate,18.41,No Clear Pattern,0,,,,,No Clear Pattern,-14904,Investment Banking & Investment Services
2025-08-26,DAMODARIND,36.05,Stage 1/3 (Neutral),47.74,34.87,11111,28.4,1.05,False,0.04,780.0,-1.69,False,Near Discount,47.29,29.59,False,Decreasing,0.0727,False,False,False,16.08,36.67,False,53.59,28.89,37.65,35.53,41.24,36.24,36.87,35.66,37.05,51.2,28.0,679.0,217.0,Sideways,Moderate,29.54,Cup and Handle,87,29-05-2025,13-08-2025,RimL:29-05-2025@38.91 ; Btm:24-06-2025@35.34 ; RimR:10-07-2025@39.0 ; Hdl:13-08-2025@34.95,Double Top(66),Cup and Handle(87) | Double Top(66),1072359,Textiles & Apparel
2025-08-26,ZENITHSTL,7.75,Stage 2 (Uptrend),48.77,7.45,55009,,0.94,False,0.04,780.0,-5.14,True,Near Discount,39.89,38.0,False,Increasing,0.1195,False,False,False,10.79,8.17,False,14.72,6.2,8.17,7.7,10.46,8.08,8.27,7.69,7.69,12.5,5.65,435.0,256.0,Sideways,Weak,26.15,Double Top,78,20-06-2025,18-07-2025,P1:20-06-2025@8.86 ; P2:18-07-2025@9.0,Diamond Bottom(72) | Rounding Top(71) | Broadening Formation(68),Double Top(78) | Diamond Bottom(72) | Rounding Top(71) | Broadening Formation(68),28082004,Metals & Mining
2025-08-26,FMNL,13.15,Stage 4 (Downtrend),41.93,15.8,33092,77.87,0.83,False,0.04,780.0,-8.36,False,Near Discount,45.01,53.32,False,Decreasing,0.1771,False,False,False,17.51,14.35,False,28.17,6.05,14.35,13.03,17.11,13.26,14.89,15.0,17.56,28.17,7.94,523.0,305.0,Sideways,Moderate,56.4,Diamond Top,72,31-01-2025,15-08-2025,H1:14-02-2025@21.17 ; H2:04-04-2025@15.92 ; H3:04-07-2025@17.9 ; L1:31-01-2025@18.79 ; L2:09-05-2025@13.26 ; L3:15-08-2025@12.78,Long-term Rounding Top(71) | Broadening Formation(68),Diamond Top(72) | Long-term Rounding Top(71) | Broadening Formation(68),6461697,Real Estate Operations
2025-08-26,RKDL,26.62,Stage 4 (Downtrend),43.58,27.81,15599,70.65,0.77,False,0.04,780.0,-2.67,False,Near Discount,32.65,26.16,False,Decreasing,0.0888,False,False,False,16.2,27.35,False,38.55,21.95,27.35,26.5,30.25,28.06,28.97,28.88,27.87,36.05,21.28,635.0,348.0,Sideways,Moderate,26.46,Flag Pattern (Bear Flag),76,17-12-2024,28-01-2025,PoleS:17-12-2024@30.36 ; PoleE:08-01-2025@27.31 ; Consol:28-01-2025@26.52,Rounding Top(71) | Broadening Formation(68),Flag Pattern (Bear Flag)(76) | Rounding Top(71) | Broadening Formation(68),1704209,Beverages
2025-08-26,NDGL,4010.9,Stage 1/3 (Neutral),47.04,4019.96,108,78.7,0.52,False,0.04,780.0,-1.33,False,Equilibrium,44.4,40.04,False,Decreasing,0.069,True,False,False,16.28,4064.8,False,6130.2,2143.6,4098.0,4000.0,4136.9,4072.36,4166.38,4201.76,4227.2,6689.0,3120.5,864.0,544.0,Sideways,Moderate,35.26,Symmetrical Triangle,74,13-06-2025,08-08-2025,H1:04-07-2025@4365.4 ; H2:25-07-2025@4181.6 ; L1:13-06-2025@4187.3 ; L2:08-08-2025@4018.8,Rounding Top(59),Symmetrical Triangle(74) | Rounding Top(59),52116,Investment Banking & Investment Services
2025-08-26,AMDIND,50.42,Stage 1/3 (Neutral),47.75,48.8,7557,45.63,0.43,False,0.04,780.0,-1.08,False,Near Discount,47.31,41.71,False,Decreasing,0.0264,True,False,False,22.45,50.97,False,84.56,40.14,51.59,50.01,62.35,50.67,50.85,49.84,52.68,86.5,39.85,724.0,633.0,Sideways,Moderate,15.82,Cup and Handle,87,28-05-2025,14-08-2025,RimL:28-05-2025@53.55 ; Btm:19-06-2025@49.16 ; RimR:07-07-2025@55.05 ; Hdl:14-08-2025@50.09,Ascending Channel(77) | Rising Wedge(65),Cup and Handle(87) | Ascending Channel(77) | Rising Wedge(65),1122672,Containers & Packaging
2025-08-26,HEXATRADEX,177.29,Stage 4 (Downtrend),40.4,190.64,2023,58.33,0.42,False,0.04,780.0,-2.09,False,Discount,43.09,52.29,False,Decreasing,0.0561,False,False,False,12.8,181.07,False,371.6,174.47,181.48,176.12,273.04,180.19,182.54,186.03,214.67,371.6,174.0,824.0,641.0,Sideways,Weak,25.04,Diamond Top,60,28-02-2025,15-08-2025,H1:28-02-2025@219.19 ; H2:18-04-2025@199.22 ; H3:25-07-2025@184.81 ; L1:28-03-2025@188.71 ; L2:30-05-2025@183.32 ; L3:15-08-2025@174.47,,Diamond Top(60),331045,Diversified Industrial Goods Wholesale
2025-08-26,TREJHARA,206.1,Stage 4 (Downtrend),40.87,220.29,2139,66.95,0.31,False,0.04,780.0,-2.36,False,Near Discount,37.18,32.2,False,Decreasing,0.1161,False,False,False,26.99,211.08,False,294.05,155.85,211.08,205.1,224.95,214.64,226.35,232.77,230.22,303.99,168.0,819.0,723.0,Downtrend,Strong,31.92,Symmetrical Triangle,74,09-05-2025,18-07-2025,H1:27-06-2025@242.06 ; H2:18-07-2025@236.41 ; L1:09-05-2025@235.1 ; L2:20-06-2025@229.14,Rounding Top(59),Symmetrical Triangle(74) | Rounding Top(59),1910882,Software & IT Services
2025-08-26,ASPINWALL,272.4,Stage 4 (Downtrend),47.06,274.74,1633,89.53,0.28,False,0.04,780.0,-0.15,False,Equilibrium,43.77,21.25,False,Decreasing,0.1257,False,False,False,16.39,272.8,False,329.35,229.28,274.0,271.0,279.32,275.68,285.86,278.79,282.62,345.9,220.35,831.0,745.0,Sideways,Moderate,31.3,No Clear Pattern,0,,,,,No Clear Pattern,1057720,Freight & Logistics Services
2025-08-26,MANAKSTEEL,59.68,Stage 2 (Uptrend),49.31,58.06,6653,,0.28,False,0.04,780.0,-0.53,True,Equilibrium,41.95,22.63,False,Decreasing,0.1585,False,False,False,15.02,60.0,False,73.97,43.86,61.0,59.0,58.92,61.95,62.26,61.06,59.15,77.14,43.05,737.0,745.0,Sideways,Moderate,30.74,Triple Top,82,30-05-2025,01-08-2025,P1:30-05-2025@64.44 ; P2:11-07-2025@64.4 ; P3:01-08-2025@64.89,Double Top(78) | Symmetrical Triangle(74) | Rounding Top(71),Triple Top(82) | Double Top(78) | Symmetrical Triangle(74) | Rounding Top(71),6620509,Metals & Mining
2025-08-26,GEECEE,356.75,Stage 4 (Downtrend),40.31,381.6,982,57.84,0.23,False,0.04,780.0,-0.92,False,Discount,40.0,25.29,False,Decreasing,0.0895,False,False,False,15.85,360.05,False,451.9,351.85,363.65,353.55,401.88,366.83,375.14,382.2,395.65,477.5,333.95,845.0,777.0,Sideways,Moderate,23.84,Triple Bottom,90,28-02-2025,09-05-2025,P1:28-02-2025@361.65 ; P2:28-03-2025@367.45 ; P3:09-05-2025@359.6,,Triple Bottom(90),2254058,Real Estate Operations
2025-08-26,STEELCITY,104.44,Stage 2 (Uptrend),50.68,101.82,4044,61.6,0.15,False,0.04,780.0,-1.47,False,Equilibrium,45.27,23.11,False,Decreasing,0.0472,True,False,False,28.82,106.0,False,128.46,83.05,106.11,104.1,105.76,105.67,106.99,104.06,104.71,135.83,85.51,784.0,827.0,Downtrend,Strong,24.86,Rising Wedge,77,21-03-2025,08-08-2025,UL1:21-03-2025@104.33 ; UL2:25-04-2025@98.93 ; UL3:27-06-2025@115.38 ; UL4:25-07-2025@108.52 ; LL1:11-04-2025@95.01 ; LL2:09-05-2025@95.86 ; LL3:20-06-2025@102.42 ; LL4:08-08-2025@104.36,Ascending Channel(69),Rising Wedge(77) | Ascending Channel(69),5922555,Investment Banking & Investment Services
2025-08-26,PPAP,226.45,Stage 2 (Uptrend),52.51,205.61,1855,,0.11,False,0.04,780.0,-1.01,True,Near Premium,44.72,17.64,False,Decreasing,0.2482,False,False,False,20.91,228.75,False,260.82,161.08,228.75,226.45,210.95,237.6,236.31,216.77,207.47,274.95,154.05,827.0,841.0,Sideways,Moderate,48.59,Flag Pattern (Bear Flag),84,17-12-2024,28-01-2025,PoleS:17-12-2024@228.55 ; PoleE:08-01-2025@214.51 ; Consol:28-01-2025@193.67,Broadening Formation(68),Flag Pattern (Bear Flag)(84) | Broadening Formation(68),2341802,Automobiles & Auto Parts
2025-08-26,IFBAGRO,797.5,Stage 2 (Uptrend),62.23,619.91,451,,0.08,False,0.04,780.0,-0.68,True,Near Premium,51.43,14.16,False,Decreasing,0.2279,False,True,False,18.29,803.0,False,919.3,393.2,814.9,790.1,656.25,815.86,771.81,667.54,605.42,929.0,440.0,855.0,850.0,Sideways,Moderate,50.03,Diamond Bottom,76,03-01-2025,15-08-2025,H1:03-01-2025@579.05 ; H2:21-03-2025@494.55 ; H3:01-08-2025@873.35 ; L1:24-01-2025@548.0 ; L2:18-04-2025@473.7 ; L3:15-08-2025@774.2,Broadening Formation(68),Diamond Bottom(76) | Broadening Formation(68),2044601,Beverages
2025-08-25,GFSTEELS,9.73,Stage 2 (Uptrend),81.45,8.88,27521,,4.46,True,0.03,797.0,0.0,False,Premium,81.75,0.0,False,Increasing,0.2271,False,True,True,32.14,9.73,False,9.73,7.16,9.73,9.73,8.44,9.15,8.66,,,9.73,6.9,555.0,22.0,Uptrend,Strong,28.11,Insufficient Data,0,,,,,Insufficient Data,173341,Metals & Mining
2025-08-26,MEP,1.63,Stage 4 (Downtrend),38.01,1.88,207644,,2.14,True,0.03,797.0,-2.98,False,Near Discount,41.14,82.91,False,Increasing,0.1379,True,False,False,33.42,1.68,False,9.54,1.17,1.7,1.63,5.36,1.64,1.85,1.77,2.51,9.54,1.14,222.0,67.0,Downtrend,Strong,30.55,Rounding Top,63,21-04-2025,26-08-2025,Start:21-04-2025@1.31 ; Q1:22-05-2025@1.84 ; Mid:24-06-2025@2.32 ; Q3:24-07-2025@1.86 ; End:26-08-2025@1.63,,Rounding Top(63),-6172491,Transport Infrastructure
2025-08-26,SANGINITA,9.78,Stage 4 (Downtrend),38.34,10.72,26759,76.0,1.56,False,0.03,797.0,0.62,False,Near Discount,39.95,47.14,False,Increasing,0.0347,True,False,False,39.49,9.72,True,23.3,8.79,10.0,9.45,16.05,10.0,10.18,10.48,12.11,18.5,8.46,559.0,110.0,Downtrend,Strong,17.63,Triple Bottom,97,09-05-2025,01-08-2025,P1:09-05-2025@9.94 ; P2:20-06-2025@10.0 ; P3:01-08-2025@9.92,Symmetrical Triangle(81) | Double Top(73),Triple Bottom(97) | Symmetrical Triangle(81) | Double Top(73),-981574,Chemicals
2025-08-26,MANUGRAPH,23.45,Stage 2 (Uptrend),60.32,19.06,13055,,0.97,False,0.03,797.0,-0.09,True,Near Premium,69.75,24.35,False,Decreasing,0.3635,False,True,True,25.72,23.47,False,27.97,14.54,23.47,23.45,21.26,20.76,20.4,19.61,19.77,31.0,14.17,660.0,243.0,Uptrend,Strong,46.7,Rounding Bottom,71,03-06-2025,26-08-2025,Start:03-06-2025@21.94 ; Q1:24-06-2025@20.48 ; Mid:15-07-2025@19.94 ; Q3:05-08-2025@18.83 ; End:26-08-2025@23.45,,Rounding Bottom(71),7734719,"Machinery, Equipment & Components"
2025-08-26,SIGIND,55.14,Stage 4 (Downtrend),44.6,55.41,5259,,0.9,False,0.03,797.0,-4.1,False,Near Discount,42.22,37.8,False,Decreasing,0.1137,False,False,False,36.4,57.5,False,94.1,41.26,57.5,54.0,67.68,55.95,59.54,58.03,59.89,88.65,39.99,759.0,280.0,Downtrend,Strong,31.42,Symmetrical Triangle,74,06-06-2025,15-08-2025,H1:06-06-2025@68.53 ; H2:11-07-2025@63.66 ; L1:20-06-2025@61.18 ; L2:15-08-2025@53.82,,Symmetrical Triangle(74),2774515,Chemicals
2025-08-26,BANG,49.97,Stage 4 (Downtrend),43.41,52.52,5679,83.61,0.77,False,0.03,797.0,-1.25,False,Near Discount,36.68,48.18,False,Decreasing,0.0782,False,False,False,17.54,50.6,False,94.5,43.73,50.6,49.51,69.11,51.16,54.78,52.92,57.36,96.43,42.77,751.0,348.0,Sideways,Moderate,25.0,No Clear Pattern,0,,,,,No Clear Pattern,9650963,Textiles & Apparel
2025-08-26,SHYAMCENT,7.11,Stage 4 (Downtrend),35.74,8.1,37903,,0.72,False,0.03,797.0,0.42,False,Near Discount,34.95,64.96,False,Decreasing,0.11,False,False,False,20.06,7.08,False,18.98,6.74,7.26,6.84,12.86,7.43,7.72,8.06,9.84,20.29,6.73,503.0,380.0,Sideways,Moderate,21.52,Symmetrical Triangle,74,09-05-2025,04-07-2025,H1:16-05-2025@9.53 ; H2:04-07-2025@8.36 ; L1:09-05-2025@7.59 ; L2:27-06-2025@7.25,Rounding Top(59),Symmetrical Triangle(74) | Rounding Top(59),5452517,Metals & Mining
2025-08-26,LFIC,204.22,Stage 1/3 (Neutral),47.98,198.31,1341,62.49,0.56,False,0.03,797.0,-1.34,False,Near Discount,43.79,45.1,False,Decreasing,0.0743,False,False,False,28.25,207.0,False,361.35,161.1,210.0,203.02,261.23,207.84,212.82,206.5,209.19,372.0,153.8,837.0,499.0,Downtrend,Strong,39.03,Symmetrical Triangle,74,30-05-2025,15-08-2025,H1:30-05-2025@221.52 ; H2:11-07-2025@218.12 ; L1:06-06-2025@209.35 ; L2:15-08-2025@201.9,Double Top(66),Symmetrical Triangle(74) | Double Top(66),2901122,Banking Services
2025-08-26,INSPIRISYS,97.21,Stage 1/3 (Neutral),46.98,92.96,3283,,0.44,False,0.03,797.0,-1.46,False,Near Discount,31.51,44.92,False,Decreasing,0.1217,False,False,False,15.06,98.65,False,185.73,68.41,99.99,96.32,127.07,103.37,104.32,98.41,98.59,176.5,66.55,799.0,623.0,Sideways,Moderate,19.64,Triple Top,70,16-05-2025,08-08-2025,P1:16-05-2025@106.25 ; P2:11-07-2025@107.57 ; P3:08-08-2025@106.64,,Triple Top(70),1690283,Software & IT Services
2025-08-26,KEYFINSERV,258.75,Stage 1/3 (Neutral),46.43,284.55,1296,92.67,0.38,False,0.03,797.0,1.67,False,Near Discount,46.21,45.98,False,Decreasing,0.0401,True,False,True,19.23,254.5,False,451.5,161.27,265.0,254.5,306.38,258.36,266.68,302.26,271.68,479.0,170.1,839.0,670.0,Sideways,Moderate,17.64,Symmetrical Triangle,74,13-06-2025,15-08-2025,H1:18-07-2025@289.05 ; H2:15-08-2025@261.7 ; L1:13-06-2025@252.35 ; L2:01-08-2025@255.6,,Symmetrical Triangle(74),2047709,Investment Banking & Investment Services
2025-08-26,JMA,89.52,Stage 1/3 (Neutral),47.84,88.58,3846,58.79,0.33,False,0.03,797.0,0.02,False,Near Discount,46.69,26.02,False,Decreasing,0.0928,False,False,False,20.44,89.5,False,116.05,73.86,90.3,88.61,94.96,90.39,92.68,91.22,91.49,121.0,64.3,790.0,705.0,Sideways,Moderate,41.02,Ascending Channel,77,28-02-2025,15-08-2025,UL1:21-03-2025@84.14 ; UL2:02-05-2025@99.96 ; UL3:30-05-2025@97.96 ; UL4:27-06-2025@97.49 ; LL1:28-02-2025@76.05 ; LL2:28-03-2025@74.34 ; LL3:20-06-2025@92.46 ; LL4:15-08-2025@87.2,Triple Top(70) | Broadening Formation(68) | Double Top(66) | Rounding Top(59),Ascending Channel(77) | Triple Top(70) | Broadening Formation(68) | Double Top(66) | Rounding Top(59),1317229,Automobiles & Auto Parts
2025-08-26,NAGREEKEXP,26.47,Stage 4 (Downtrend),43.82,27.77,10565,61.55,0.3,False,0.03,797.0,1.42,False,Near Discount,49.81,54.94,False,Decreasing,0.1185,False,False,True,20.94,26.1,False,57.67,24.22,27.6,26.1,40.94,25.91,27.24,27.54,30.82,58.75,22.5,688.0,730.0,Sideways,Moderate,50.33,Double Bottom,86,02-05-2025,01-08-2025,P1:02-05-2025@25.32 ; P2:01-08-2025@25.17,Broadening Formation(68) | Rounding Top(59),Double Bottom(86) | Broadening Formation(68) | Rounding Top(59),6023369,Textiles & Apparel
2025-08-26,JOCIL,160.75,Stage 1/3 (Neutral),47.24,157.42,2134,64.9,0.26,False,0.03,797.0,-0.59,False,Near Discount,48.2,31.89,False,Decreasing,0.0801,False,False,False,25.81,161.71,False,228.91,134.36,163.01,159.0,181.64,160.91,162.15,159.37,171.3,236.0,132.02,820.0,757.0,Downtrend,Strong,37.71,Symmetrical Triangle,74,23-05-2025,01-08-2025,H1:23-05-2025@165.65 ; H2:25-07-2025@165.24 ; L1:20-06-2025@157.92 ; L2:01-08-2025@157.37,Double Top(66),Symmetrical Triangle(74) | Double Top(66),1175617,Chemicals
2025-08-26,RVHL,45.09,Stage 4 (Downtrend),45.43,48.54,7581,62.1,0.26,False,0.03,797.0,2.22,False,Near Discount,53.66,44.95,False,Decreasing,0.2128,False,False,True,21.58,44.11,False,80.28,38.94,45.98,44.11,59.61,42.55,46.12,47.46,53.45,81.9,38.15,723.0,757.0,Sideways,Moderate,74.01,No Clear Pattern,0,,,,,No Clear Pattern,4154135,Real Estate Operations
2025-08-26,DTIL,194.33,Stage 1/3 (Neutral),47.66,190.35,1647,69.16,0.25,False,0.03,797.0,-0.96,False,Near Discount,48.95,38.11,False,Decreasing,0.0897,False,False,True,18.27,196.22,False,299.9,169.65,197.59,194.0,234.77,193.94,195.18,191.9,212.21,314.0,166.65,830.0,766.0,Sideways,Moderate,31.1,Triple Bottom,90,30-05-2025,08-08-2025,P1:30-05-2025@187.27 ; P2:20-06-2025@192.27 ; P3:08-08-2025@186.4,Symmetrical Triangle(74),Triple Bottom(90) | Symmetrical Triangle(74),3408432,Food & Tobacco
2025-08-26,SILINV,568.65,Stage 4 (Downtrend),44.92,578.91,476,47.06,0.11,False,0.03,797.0,0.47,False,Near Discount,45.67,37.51,False,Decreasing,0.0835,False,False,False,24.48,566.0,False,877.1,434.85,579.95,566.0,655.98,571.51,589.22,601.6,604.09,910.0,430.0,854.0,841.0,Sideways,Moderate,29.4,Symmetrical Triangle,74,16-05-2025,15-08-2025,H1:16-05-2025@637.05 ; H2:27-06-2025@609.4 ; L1:06-06-2025@595.5 ; L2:15-08-2025@563.2,,Symmetrical Triangle(74),471689,Investment Banking & Investment Services
2025-08-26,PNC,28.54,Stage 1/3 (Neutral),43.64,28.11,7622,,3.14,True,0.02,813.0,5.7,False,Near Discount,51.81,64.01,False,Increasing,0.1254,False,True,True,13.2,27.0,False,78.56,23.15,28.76,26.76,50.86,27.94,28.41,27.64,36.84,79.3,22.12,722.0,42.0,Sideways,Weak,28.8,Head and Shoulders,76,30-05-2025,08-08-2025,LS:30-05-2025@28.64 ; H:11-07-2025@33.03 ; RS:08-08-2025@28.89,Rising Wedge(69),Head and Shoulders(76) | Rising Wedge(69),4352034,Media & Publishing
2025-08-26,GROBTEA,1059.3,Stage 1/3 (Neutral),50.89,990.98,219,,2.92,True,0.02,813.0,2.82,True,Equilibrium,44.49,30.09,False,Increasing,0.0973,False,False,False,32.66,1030.2,False,1456.25,769.7,1069.0,999.0,1112.97,1080.1,1110.68,1041.22,1049.89,1515.15,747.0,861.0,47.0,Downtrend,Strong,27.62,No Clear Pattern,0,,,,,No Clear Pattern,210302,Food & Tobacco
2025-08-26,AKASH,26.02,Stage 4 (Downtrend),39.83,27.44,9387,60.04,1.61,False,0.02,813.0,-3.34,False,Near Discount,39.29,39.91,False,Increasing,0.0774,False,False,False,14.05,26.92,False,43.8,24.43,27.24,26.0,34.11,26.8,27.69,27.79,29.58,43.3,23.0,699.0,105.0,Sideways,Weak,25.81,Ascending Channel,81,28-03-2025,15-08-2025,UL1:04-04-2025@27.13 ; UL2:25-04-2025@28.24 ; UL3:23-05-2025@29.74 ; UL4:18-07-2025@28.27 ; LL1:28-03-2025@25.08 ; LL2:09-05-2025@25.84 ; LL3:06-06-2025@28.53 ; LL4:15-08-2025@25.91,,Ascending Channel(81),2400986,Construction & Engineering
2025-08-26,EUROTEXIND,15.52,Stage 2 (Uptrend),55.07,14.03,15690,42.55,1.54,False,0.02,813.0,-7.07,True,Equilibrium,57.5,21.66,False,Increasing,0.1864,False,True,True,12.29,16.7,False,19.7,10.0,16.78,15.03,14.85,14.36,14.62,14.41,13.72,19.81,9.65,634.0,114.0,Sideways,Weak,66.56,Symmetrical Triangle,78,04-07-2025,08-08-2025,H1:18-07-2025@14.61 ; H2:08-08-2025@15.27 ; L1:04-07-2025@14.35 ; L2:01-08-2025@13.77,Diamond Bottom(76) | Rounding Bottom(75),Symmetrical Triangle(78) | Diamond Bottom(76) | Rounding Bottom(75),328229,Textiles & Apparel
2025-08-26,VISASTEEL,31.63,Stage 4 (Downtrend),45.28,33.59,6631,,1.02,False,0.02,813.0,4.01,False,Equilibrium,40.68,30.45,False,Increasing,0.1701,False,False,False,31.51,30.41,False,45.48,19.2,32.99,30.4,32.34,33.5,34.22,33.6,,45.48,19.1,738.0,223.0,Uptrend,Strong,42.18,Double Bottom,78,28-03-2025,13-06-2025,P1:28-03-2025@30.18 ; P2:13-06-2025@29.75,Falling Wedge(77) | Rounding Top(71),Double Bottom(78) | Falling Wedge(77) | Rounding Top(71),-3752651,Metals & Mining
2025-08-26,DANGEE,4.17,Stage 4 (Downtrend),39.24,4.77,49633,,0.89,False,0.02,813.0,-2.8,False,Discount,33.89,56.34,False,Decreasing,0.1152,False,False,False,18.12,4.29,False,9.08,4.12,4.3,4.13,6.6,4.39,4.67,4.62,5.54,9.55,4.05,457.0,284.0,Sideways,Moderate,22.63,Broadening Formation,68,21-03-2025,04-07-2025,H1:21-03-2025@5.08 ; H2:04-07-2025@5.48 ; L1:11-04-2025@4.24 ; L2:20-06-2025@4.15,Rounding Top(59),Broadening Formation(68) | Rounding Top(59),5546251,Food & Tobacco
2025-08-26,KANANIIND,1.97,Stage 4 (Downtrend),38.61,2.18,108709,70.14,0.77,False,0.02,813.0,0.0,False,Near Discount,40.34,38.05,False,Decreasing,0.0436,False,False,False,40.71,1.97,False,3.7,1.65,2.0,1.96,2.68,1.99,2.06,2.15,2.36,3.18,1.6,319.0,348.0,Downtrend,Strong,20.02,Symmetrical Triangle,74,16-05-2025,15-08-2025,H1:16-05-2025@2.28 ; H2:13-06-2025@2.18 ; L1:04-07-2025@2.09 ; L2:15-08-2025@1.95,,Symmetrical Triangle(74),-70976345,Textiles & Apparel
2025-08-26,WEIZMANIND,107.75,Stage 4 (Downtrend),39.41,113.57,1871,77.07,0.7,False,0.02,813.0,0.7,False,Near Discount,32.71,30.48,False,Decreasing,0.1184,False,False,False,24.46,107.0,False,154.58,103.5,109.84,106.11,129.04,111.48,116.08,115.62,120.01,155.0,100.09,826.0,396.0,Sideways,Moderate,13.47,Triple Top,70,23-05-2025,04-07-2025,P1:23-05-2025@122.84 ; P2:13-06-2025@121.43 ; P3:04-07-2025@120.56,Double Top(66) | Rounding Top(59),Triple Top(70) | Double Top(66) | Rounding Top(59),1596609,Textiles & Apparel
2025-08-26,AUSOMENT,109.09,Stage 2 (Uptrend),54.97,96.65,2117,,0.65,False,0.02,813.0,-3.89,True,Near Discount,52.1,41.46,False,Decreasing,0.1594,False,True,True,14.52,113.5,False,172.49,74.43,113.5,103.25,123.46,107.01,107.64,101.45,99.11,186.35,72.8,821.0,425.0,Sideways,Weak,42.73,Broadening Formation,68,24-01-2025,15-08-2025,H1:07-02-2025@99.7 ; H2:15-08-2025@113.31 ; L1:24-01-2025@98.45 ; L2:01-08-2025@100.55,,Broadening Formation(68),2250282,Investment Banking & Investment Services
2025-08-26,CEREBRAINT,7.7,Stage 1/3 (Neutral),54.3,6.19,26511,,0.61,False,0.02,813.0,5.34,True,Near Discount,50.58,51.48,False,Decreasing,0.2267,False,True,False,28.98,7.31,False,15.56,4.01,7.79,7.31,9.78,7.77,7.6,6.44,7.26,15.87,3.99,566.0,459.0,Uptrend,Strong,29.06,Symmetrical Triangle,74,25-04-2025,15-08-2025,H1:25-04-2025@5.36 ; H2:25-07-2025@9.1 ; L1:20-06-2025@6.22 ; L2:15-08-2025@7.26,Rounding Top(71),Symmetrical Triangle(74) | Rounding Top(71),1385151,"Computers, Phones & Household Electronics"
2025-08-26,SALONA,237.85,Stage 4 (Downtrend),43.93,250.65,852,81.1,0.49,False,0.02,813.0,-4.67,False,Near Discount,43.08,31.04,False,Decreasing,0.142,False,False,False,19.76,249.5,False,322.3,220.67,249.5,232.9,271.48,245.95,251.48,252.1,262.64,344.9,215.0,848.0,575.0,Sideways,Moderate,43.1,Broadening Formation,68,14-03-2025,08-08-2025,H1:14-03-2025@241.09 ; H2:11-07-2025@282.4 ; L1:11-04-2025@226.89 ; L2:08-08-2025@233.4,Flag Pattern (Bear Flag)(64),Broadening Formation(68) | Flag Pattern (Bear Flag)(64),756414,Textiles & Apparel
2025-08-26,DGCONTENT,37.76,Stage 4 (Downtrend),41.09,42.83,5438,,0.41,False,0.02,813.0,0.35,False,Near Discount,39.9,44.88,False,Decreasing,0.1109,False,False,False,13.88,37.63,False,67.02,23.3,39.48,37.49,45.16,38.46,42.39,41.98,47.31,68.5,33.55,755.0,646.0,Sideways,Weak,47.39,Long-term Rounding Top,59,21-08-2024,26-08-2025,Start:21-08-2024@34.79 ; Q1:22-11-2024@52.29 ; Mid:20-02-2025@45.61 ; Q3:29-05-2025@43.41 ; End:26-08-2025@37.76,Rounding Top(59),Long-term Rounding Top(59) | Rounding Top(59),2059143,Media & Publishing
2025-08-26,APCL,140.0,Stage 1/3 (Neutral),48.98,131.67,1186,,0.35,False,0.02,813.0,-0.14,False,Near Discount,42.62,28.57,False,Decreasing,0.0998,False,False,False,20.72,140.19,False,208.3,97.41,142.0,135.15,152.86,145.22,146.41,137.72,142.52,196.0,96.2,842.0,694.0,Sideways,Moderate,39.0,Symmetrical Triangle,74,23-05-2025,08-08-2025,H1:23-05-2025@140.62 ; H2:18-07-2025@152.3 ; L1:20-06-2025@134.76 ; L2:08-08-2025@140.43,Flag Pattern (Bear Flag)(64) | Rounding Top(59),Symmetrical Triangle(74) | Flag Pattern (Bear Flag)(64) | Rounding Top(59),238008,Construction Materials
2025-08-26,TREEHOUSE,7.39,Stage 4 (Downtrend),33.23,9.62,20581,62.29,0.32,False,0.02,813.0,1.65,False,Near Discount,49.4,68.95,False,Decreasing,0.341,False,False,True,38.94,7.27,False,28.57,6.52,7.72,7.27,17.55,7.19,7.49,8.16,11.94,23.8,6.19,605.0,714.0,Downtrend,Strong,52.44,Flag Pattern (Bear Flag),64,17-12-2024,28-01-2025,PoleS:17-12-2024@18.0 ; PoleE:08-01-2025@16.56 ; Consol:28-01-2025@16.14,,Flag Pattern (Bear Flag)(64),-880116,Personal & Household Products & Services
2025-08-26,INDBANK,31.8,Stage 4 (Downtrend),41.11,32.94,6339,79.71,0.29,False,0.02,813.0,-0.87,False,Near Discount,37.61,40.0,False,Decreasing,0.0604,False,False,False,14.28,32.08,False,56.7,28.05,32.3,31.5,42.38,32.66,33.81,33.51,36.65,53.0,25.5,744.0,737.0,Sideways,Weak,22.18,Symmetrical Triangle,74,06-06-2025,08-08-2025,H1:06-06-2025@36.2 ; H2:27-06-2025@34.93 ; L1:20-06-2025@33.67 ; L2:08-08-2025@31.97,,Symmetrical Triangle(74),12274288,Investment Banking & Investment Services
2025-08-26,SUPERSPIN,9.56,Stage 4 (Downtrend),44.01,10.49,16723,70.23,0.29,False,0.02,813.0,-3.34,False,Near Discount,46.52,42.65,False,Decreasing,0.1204,False,False,True,24.95,9.89,False,15.89,6.75,9.89,9.5,11.32,9.54,10.03,10.17,11.38,16.67,8.41,626.0,737.0,Sideways,Moderate,33.84,Descending Channel,57,28-02-2025,08-08-2025,UL1:21-03-2025@11.88 ; UL2:25-04-2025@11.19 ; UL3:23-05-2025@10.49 ; UL4:04-07-2025@11.03 ; LL1:28-02-2025@10.16 ; LL2:11-04-2025@10.47 ; LL3:09-05-2025@9.57 ; LL4:08-08-2025@9.0,,Descending Channel(57),9175987,Real Estate Operations
2025-08-26,PIONEEREMB,37.75,Stage 4 (Downtrend),39.33,42.2,6507,84.11,0.22,False,0.02,813.0,-1.95,False,Discount,35.31,46.76,False,Decreasing,0.1029,False,False,False,18.14,38.5,False,67.86,36.88,38.5,37.5,52.37,39.18,41.2,42.05,45.74,70.9,35.71,740.0,784.0,Sideways,Moderate,25.36,Symmetrical Triangle,74,09-05-2025,27-06-2025,H1:23-05-2025@44.19 ; H2:27-06-2025@43.57 ; L1:09-05-2025@38.57 ; L2:20-06-2025@42.47,Triple Top(70),Symmetrical Triangle(74) | Triple Top(70),6396961,Textiles & Apparel
2025-08-26,XELPMOC,88.9,Stage 4 (Downtrend),38.22,96.08,2410,73.24,0.2,False,0.02,813.0,1.02,False,Near Discount,42.59,48.7,False,Decreasing,0.0441,True,False,False,26.96,88.0,False,160.54,80.85,90.98,88.0,120.7,90.15,91.78,94.97,108.55,173.3,80.21,815.0,797.0,Downtrend,Strong,21.42,No Clear Pattern,0,,,,,No Clear Pattern,1181196,Software & IT Services
2025-08-26,AHLEAST,152.36,Stage 2 (Uptrend),52.51,143.78,1506,78.62,0.19,False,0.02,813.0,-2.89,True,Equilibrium,44.57,22.62,False,Decreasing,0.1023,False,False,False,19.08,156.9,False,185.28,127.25,156.9,150.91,156.26,155.29,155.48,147.52,149.06,196.9,122.78,833.0,807.0,Sideways,Moderate,31.32,Ascending Channel,69,11-04-2025,15-08-2025,UL1:25-04-2025@138.11 ; UL2:13-06-2025@147.21 ; UL3:18-07-2025@162.49 ; UL4:15-08-2025@157.63 ; LL1:11-04-2025@132.99 ; LL2:09-05-2025@134.17 ; LL3:27-06-2025@145.49 ; LL4:08-08-2025@151.22,Broadening Formation(68),Ascending Channel(69) | Broadening Formation(68),1304865,Hotels & Entertainment Services
2025-06-30,EROSMEDIA,7.81,Stage 4 (Downtrend),39.87,9.3,21632,,0.16,False,0.02,813.0,0.0,False,Near Discount,40.66,68.25,False,Decreasing,0.6944,False,False,True,60.06,7.81,False,22.79,5.59,7.81,7.81,14.19,7.27,11.77,15.25,,24.6,5.4,597.0,823.0,Downtrend,Strong,75.19,Insufficient Data,0,,,,,Insufficient Data,22328455,Media & Publishing
2025-08-26,3PLAND,46.92,Stage 1/3 (Neutral),49.52,45.47,4467,74.08,0.14,False,0.02,813.0,-1.45,False,Near Discount,46.02,42.82,False,Decreasing,0.1523,False,False,False,22.38,47.61,False,78.16,29.15,48.47,46.4,53.66,47.29,48.82,47.18,49.16,82.06,34.05,777.0,832.0,Sideways,Moderate,48.8,Symmetrical Triangle,74,09-05-2025,15-08-2025,H1:13-06-2025@52.97 ; H2:15-08-2025@49.75 ; L1:09-05-2025@40.15 ; L2:08-08-2025@45.99,Rounding Top(71),Symmetrical Triangle(74) | Rounding Top(71),4368956,Investment Banking & Investment Services
2025-08-26,TTL,11.2,Stage 4 (Downtrend),23.97,17.93,16928,,0.1,False,0.02,813.0,-1.75,False,Near Discount,32.71,93.94,False,Decreasing,0.274,False,False,False,33.21,11.4,False,182.24,10.56,11.4,11.15,96.4,12.02,13.33,13.69,61.24,184.95,9.99,623.0,846.0,Downtrend,Strong,38.12,No Clear Pattern,0,,,,,No Clear Pattern,11614528,Textiles & Apparel
2025-08-26,AROGRANITE,35.82,Stage 4 (Downtrend),41.82,37.53,4546,87.07,0.08,False,0.02,813.0,-1.65,False,Near Discount,42.26,44.88,False,Decreasing,0.1422,False,False,False,19.47,36.42,False,62.09,32.3,36.42,35.5,47.2,36.88,38.68,37.78,40.91,64.99,31.08,775.0,850.0,Sideways,Moderate,55.86,No Clear Pattern,0,,,,,No Clear Pattern,2374425,Construction Materials
2025-08-26,MADHAV,45.56,Stage 1/3 (Neutral),49.93,44.05,3381,85.6,0.08,False,0.02,813.0,-3.47,False,Near Discount,52.81,33.48,False,Decreasing,0.1211,False,True,True,27.81,47.2,False,64.73,38.94,47.2,45.46,51.84,44.43,45.52,45.03,47.57,68.49,37.62,798.0,850.0,Downtrend,Strong,33.92,Symmetrical Triangle,74,25-04-2025,08-08-2025,H1:25-04-2025@44.14 ; H2:06-06-2025@49.82 ; L1:13-06-2025@46.08 ; L2:08-08-2025@42.53,,Symmetrical Triangle(74),2599520,Homebuilding & Construction Supplies
2025-08-25,FSC,2.0,Stage 4 (Downtrend),42.11,2.15,48352,,1.36,False,0.01,837.0,0.0,False,Near Discount,36.2,60.78,False,Increasing,0.4098,False,False,False,21.6,2.0,False,4.85,1.56,2.11,2.0,3.2,2.38,2.22,2.08,2.48,5.1,1.55,460.0,142.0,Sideways,Moderate,67.14,Broadening Formation,68,28-02-2025,11-07-2025,H1:07-03-2025@1.94 ; H2:11-07-2025@2.91 ; L1:28-02-2025@1.8 ; L2:27-06-2025@2.22,,Broadening Formation(68),-3907489,Diversified Retail
2025-08-26,ARENTERP,47.96,Stage 1/3 (Neutral),49.67,46.55,1275,,1.34,False,0.01,837.0,4.24,False,Near Discount,50.56,45.71,False,Increasing,0.1065,False,False,True,8.69,46.01,False,85.21,38.16,48.29,45.02,61.68,47.45,49.23,47.12,48.74,88.34,37.17,840.0,146.0,Sideways,Weak,42.96,Double Bottom,78,20-06-2025,15-08-2025,P1:20-06-2025@45.96 ; P2:15-08-2025@46.5,Rising Wedge(77) | Pennant Pattern(73) | Rounding Top(71),Double Bottom(78) | Rising Wedge(77) | Pennant Pattern(73) | Rounding Top(71),1496277,Professional & Commercial Services
2025-08-25,FLFL,1.47,Stage 4 (Downtrend),38.23,1.74,61628,,1.26,False,0.01,837.0,0.0,False,Near Discount,33.37,50.17,False,Increasing,0.4033,False,False,False,19.83,1.47,False,2.82,1.24,1.57,1.47,2.03,1.8,1.75,1.73,2.0,2.95,1.17,412.0,160.0,Sideways,Moderate,64.01,Rounding Bottom,79,04-02-2025,25-08-2025,Start:04-02-2025@1.94 ; Q1:07-03-2025@1.63 ; Mid:15-04-2025@1.7 ; Q3:17-06-2025@1.71 ; End:25-08-2025@1.47,Symmetrical Triangle(74),Rounding Bottom(79) | Symmetrical Triangle(74),-833069,Specialty Retailers
2025-08-26,DCMFINSERV,5.98,Stage 4 (Downtrend),45.31,6.19,13350,,1.17,False,0.01,837.0,-2.92,False,Near Discount,46.01,50.33,False,Increasing,0.0856,True,False,True,29.19,6.16,False,12.04,5.12,6.17,5.87,8.58,5.97,6.38,6.39,6.56,12.04,4.92,658.0,180.0,Downtrend,Strong,33.26,Flag Pattern (Bear Flag),64,17-12-2024,28-01-2025,PoleS:17-12-2024@8.93 ; PoleE:08-01-2025@7.25 ; Consol:28-01-2025@6.72,Rounding Top(59),Flag Pattern (Bear Flag)(64) | Rounding Top(59),1989881,Banking Services
2025-08-26,NORBTEAEXP,39.77,Stage 2 (Uptrend),60.44,38.4,2289,,0.88,False,0.01,837.0,1.92,True,Near Premium,73.77,23.58,False,Decreasing,0.2235,False,True,True,14.97,39.02,False,51.02,11.5,39.79,39.02,31.26,35.47,34.84,37.02,32.58,52.04,13.27,817.0,288.0,Sideways,Weak,30.5,Flag Pattern (Bull Flag),80,17-12-2024,29-01-2025,PoleS:17-12-2024@19.77 ; PoleE:08-01-2025@27.2 ; Consol:29-01-2025@24.99,Rounding Bottom(75) | Symmetrical Triangle(74),Flag Pattern (Bull Flag)(80) | Rounding Bottom(75) | Symmetrical Triangle(74),647392,Food & Tobacco
2025-08-26,ROLTA,2.07,Stage 4 (Downtrend),40.29,2.48,59894,,0.82,False,0.01,837.0,-0.96,False,Near Discount,39.65,63.36,False,Decreasing,0.1574,True,False,False,14.12,2.09,False,5.65,2.0,2.09,2.02,3.82,2.17,2.33,2.39,,5.65,1.92,419.0,312.0,Sideways,Weak,36.0,Triple Bottom,82,09-05-2025,08-08-2025,P1:09-05-2025@2.08 ; P2:27-06-2025@2.11 ; P3:08-08-2025@2.11,Symmetrical Triangle(74),Triple Bottom(82) | Symmetrical Triangle(74),-231785,NO DATA
2025-08-26,SEYAIND,18.29,Stage 4 (Downtrend),44.66,19.11,6584,,0.76,False,0.01,837.0,5.24,False,Near Discount,44.4,52.84,False,Increasing,0.1101,True,False,False,11.89,17.38,False,38.76,13.3,18.3,17.38,26.03,18.92,18.78,19.97,,38.78,12.63,739.0,355.0,Sideways,Weak,44.69,No Clear Pattern,0,,,,,No Clear Pattern,286980,Chemicals
2025-08-26,NAGREEKCAP,25.52,Stage 4 (Downtrend),44.37,27.75,3426,79.39,0.42,False,0.01,837.0,-3.88,False,Near Discount,41.43,41.91,False,Decreasing,0.0689,True,False,False,30.62,26.55,True,43.93,19.75,26.55,25.45,31.84,26.52,26.49,27.01,30.35,43.93,22.18,797.0,641.0,Downtrend,Strong,34.72,Symmetrical Triangle,77,20-06-2025,15-08-2025,H1:04-07-2025@27.08 ; H2:15-08-2025@27.13 ; L1:20-06-2025@25.52 ; L2:25-07-2025@25.78,Double Top(69),Symmetrical Triangle(77) | Double Top(69),53230,Investment Banking & Investment Services
2025-08-26,LPDC,7.97,Stage 4 (Downtrend),45.99,8.22,6970,59.48,0.24,False,0.01,837.0,-3.74,False,Near Discount,47.31,47.91,False,Decreasing,0.1018,False,False,True,22.33,8.28,False,16.76,7.09,8.28,7.91,11.92,7.92,8.3,8.33,8.85,15.3,6.96,732.0,772.0,Sideways,Moderate,28.18,Symmetrical Triangle,74,18-04-2025,08-08-2025,H1:18-04-2025@8.81 ; H2:13-06-2025@9.48 ; L1:20-06-2025@8.33 ; L2:08-08-2025@7.66,Rounding Top(59),Symmetrical Triangle(74) | Rounding Top(59),13629702,Construction & Engineering
2025-08-26,WELINV,929.8,Stage 2 (Uptrend),47.25,920.14,66,,0.24,False,0.01,837.0,2.18,True,Equilibrium,38.79,29.87,False,Decreasing,0.2367,False,False,False,41.32,910.0,False,1324.8,611.4,933.0,882.9,968.1,984.35,1074.82,975.16,907.27,1325.9,597.55,865.0,772.0,Downtrend,Strong,40.66,Long-term Rounding Bottom,75,20-08-2024,26-08-2025,Start:20-08-2024@908.75 ; Q1:21-11-2024@883.45 ; Mid:19-02-2025@651.9 ; Q3:28-05-2025@853.75 ; End:26-08-2025@929.8,Broadening Formation(68),Long-term Rounding Bottom(75) | Broadening Formation(68),231283,Investment Banking & Investment Services
2025-08-26,LIBAS,12.17,Stage 4 (Downtrend),43.54,12.83,8091,53.96,0.2,False,0.01,837.0,-3.41,False,Near Discount,43.17,45.3,False,Decreasing,0.1757,False,False,False,19.29,12.6,False,21.24,10.65,12.6,12.12,15.94,12.33,13.15,13.06,13.98,22.25,10.53,716.0,797.0,Sideways,Moderate,51.89,Symmetrical Triangle,74,18-04-2025,08-08-2025,H1:18-04-2025@13.43 ; H2:27-06-2025@14.51 ; L1:20-06-2025@13.35 ; L2:08-08-2025@11.05,,Symmetrical Triangle(74),-584878,Specialty Retailers
2025-08-26,ARSSINFRA,45.21,Stage 2 (Uptrend),51.27,43.0,1162,,0.1,False,0.01,837.0,-1.5,True,Near Premium,33.89,25.06,False,Decreasing,0.3061,False,False,False,24.14,45.9,False,60.33,16.42,46.85,45.0,38.38,52.56,49.69,40.11,29.59,60.33,16.0,843.0,846.0,Sideways,Moderate,38.26,No Clear Pattern,0,,,,,No Clear Pattern,1279157,Construction & Engineering
2025-08-26,SINTERCOM,123.12,Stage 4 (Downtrend),43.71,128.39,684,84.36,0.07,False,0.01,837.0,-0.35,False,Near Discount,43.72,33.81,False,Decreasing,0.0925,False,False,False,23.56,123.55,False,179.24,115.35,124.29,123.0,147.3,126.32,128.16,127.63,136.53,186.0,109.99,850.0,855.0,Sideways,Moderate,37.22,Cup and Handle,87,02-06-2025,26-08-2025,RimL:02-06-2025@136.78 ; Btm:07-07-2025@125.11 ; RimR:21-07-2025@142.94 ; Hdl:26-08-2025@123.12,Symmetrical Triangle(74) | Rounding Top(59),Cup and Handle(87) | Symmetrical Triangle(74) | Rounding Top(59),3271311,Automobiles & Auto Parts
2025-08-26,DBSTOCKBRO,25.51,Stage 4 (Downtrend),29.97,30.11,5292,81.78,0.05,False,0.01,837.0,-3.7,False,Discount,36.94,57.4,False,Decreasing,0.1324,False,False,False,11.98,26.49,False,54.4,25.17,26.49,25.25,39.78,26.22,28.68,28.58,34.87,59.88,24.95,758.0,861.0,Sideways,Weak,28.95,No Clear Pattern,0,,,,,No Clear Pattern,-1441209,Investment Banking & Investment Services
2025-08-26,GAYAPROJ,8.48,Stage 2 (Uptrend),54.44,7.56,13371,,0.05,False,0.01,837.0,1.56,True,Equilibrium,49.06,25.61,False,Decreasing,0.1103,False,False,False,17.38,8.35,False,11.14,5.68,8.7,8.35,8.41,8.57,8.54,7.81,7.93,11.4,5.39,657.0,861.0,Sideways,Moderate,49.44,Double Top,78,13-06-2025,01-08-2025,P1:13-06-2025@8.87 ; P2:01-08-2025@8.83,,Double Top(78),21288629,Construction & Engineering
2025-08-26,GOLDENTOBC,35.26,Stage 4 (Downtrend),46.36,36.29,1345,,1.63,False,0.0,852.0,-2.73,False,Near Discount,46.58,21.64,False,Increasing,0.0625,False,False,False,33.79,36.25,False,47.85,33.26,36.25,35.26,40.56,35.76,35.51,35.52,37.3,45.0,32.12,836.0,101.0,Downtrend,Strong,29.35,Rounding Bottom,83,17-06-2025,26-08-2025,Start:17-06-2025@36.34 ; Q1:03-07-2025@35.65 ; Mid:22-07-2025@34.64 ; Q3:07-08-2025@34.56 ; End:26-08-2025@35.26,Symmetrical Triangle(78) | Diamond Top(64),Rounding Bottom(83) | Symmetrical Triangle(78) | Diamond Top(64),-433509,Food & Tobacco
2025-08-26,FELDVR,3.49,Stage 4 (Downtrend),42.53,3.8,4862,,1.5,False,0.0,852.0,2.05,False,Near Discount,51.96,43.53,False,Increasing,0.1627,False,False,True,28.15,3.42,False,6.45,3.2,3.5,3.25,4.82,3.43,3.53,3.62,4.23,6.18,3.08,769.0,116.0,Downtrend,Strong,60.5,Flag Pattern (Bear Flag),68,17-12-2024,28-01-2025,PoleS:17-12-2024@5.6 ; PoleE:08-01-2025@4.97 ; Consol:28-01-2025@4.85,,Flag Pattern (Bear Flag)(68),-657607,Diversified Retail
2025-08-26,MTEDUCARE,2.11,Stage 4 (Downtrend),44.67,2.21,8543,,0.41,False,0.0,852.0,-0.47,False,Near Discount,45.69,55.49,False,Decreasing,0.2029,False,False,False,14.11,2.12,False,4.54,2.0,2.12,2.0,3.27,2.19,2.23,2.25,2.62,4.74,1.94,708.0,646.0,Sideways,Weak,62.51,Pennant Pattern,73,23-12-2024,24-03-2025,PoleS:23-12-2024@2.4 ; PoleE:03-03-2025@2.13 ; Consol:24-03-2025@2.11,Triple Top(70) | Double Top(66) | Rounding Top(59),Pennant Pattern(73) | Triple Top(70) | Double Top(66) | Rounding Top(59),989981,Miscellaneous Educational Service Providers
2025-08-26,CREATIVEYE,7.4,Stage 2 (Uptrend),49.03,7.27,5182,,0.4,False,0.0,852.0,-0.8,True,Near Discount,44.21,39.29,False,Decreasing,0.1099,True,False,False,10.45,7.46,False,11.34,5.39,7.46,7.15,8.36,7.46,8.28,7.65,7.4,12.19,5.27,762.0,654.0,Sideways,Weak,45.25,Rounding Top,71,13-05-2025,26-08-2025,Start:13-05-2025@6.29 ; Q1:06-06-2025@8.41 ; Mid:03-07-2025@9.45 ; Q3:30-07-2025@7.3 ; End:26-08-2025@7.4,Broadening Formation(68),Rounding Top(71) | Broadening Formation(68),2439519,Media & Publishing
2025-08-26,GLFL,5.95,Stage 1/3 (Neutral),49.35,5.63,710,,0.32,False,0.0,852.0,-1.33,False,Near Discount,44.47,38.91,False,Decreasing,0.153,False,False,False,23.51,6.03,False,10.13,4.01,6.03,5.9,7.07,6.17,6.24,5.69,6.49,9.74,3.97,849.0,714.0,Sideways,Moderate,46.33,Double Top,66,25-04-2025,25-07-2025,P1:25-04-2025@6.66 ; P2:25-07-2025@6.61,Rounding Top(59),Double Top(66) | Rounding Top(59),712589,Holding Companies
2025-08-26,FEL,0.58,Stage 4 (Downtrend),44.81,0.59,24059,,0.28,False,0.0,852.0,0.0,False,Near Discount,53.82,37.63,False,Decreasing,0.0898,False,False,True,27.63,0.58,False,0.92,0.52,0.58,0.58,0.72,0.57,0.59,0.59,0.62,0.93,0.5,578.0,745.0,Downtrend,Strong,27.22,Rounding Top,59,18-03-2025,26-08-2025,Start:18-03-2025@0.56 ; Q1:30-04-2025@0.67 ; Mid:10-06-2025@0.6 ; Q3:17-07-2025@0.6 ; End:26-08-2025@0.58,,Rounding Top(59),10223217,Diversified Retail
2025-08-26,UNIVPHOTO,257.8,Stage 2 (Uptrend),51.63,227.8,133,,0.19,False,0.0,852.0,3.0,True,Near Discount,48.91,46.72,False,Decreasing,0.0884,False,False,True,17.81,250.3,False,442.95,182.28,257.8,250.3,312.62,257.75,264.04,241.9,246.74,483.9,174.0,863.0,807.0,Sideways,Moderate,33.42,Rounding Top,71,17-06-2025,26-08-2025,Start:17-06-2025@245.1 ; Q1:03-07-2025@326.99 ; Mid:22-07-2025@273.08 ; Q3:07-08-2025@257.85 ; End:26-08-2025@257.8,Broadening Formation(68),Rounding Top(71) | Broadening Formation(68),1079742,"Computers, Phones & Household Electronics"
2025-08-25,SUPREMEENG,1.14,Stage 4 (Downtrend),28.06,1.89,16109,,0.14,False,0.0,852.0,0.0,False,Near Discount,16.5,70.99,False,Decreasing,0.8086,False,False,False,33.66,1.14,False,3.93,1.09,1.14,1.14,2.51,1.79,1.97,2.06,2.56,3.93,1.12,630.0,832.0,Downtrend,Strong,49.01,No Clear Pattern,0,,,,,No Clear Pattern,70621653,Metals & Mining
2025-06-09,TECHIN,14.0,Stage 4 (Downtrend),17.75,24.29,283,,0.11,False,0.0,852.0,-0.71,False,Discount,7.55,74.17,False,Decreasing,0.6906,False,False,False,64.73,14.1,False,54.21,14.0,14.1,13.85,34.11,19.73,30.76,35.47,,54.21,13.85,860.0,841.0,Downtrend,Strong,34.43,Insufficient Data,0,,,,,Insufficient Data,169973,Real Estate Operations
2025-08-26,SGL,13.4,Stage 4 (Downtrend),42.24,13.98,401,,0.08,False,0.0,852.0,-0.22,False,Near Discount,41.15,50.95,False,Decreasing,0.1007,True,False,False,13.71,13.43,False,26.7,10.57,13.83,13.31,18.63,13.65,14.87,14.53,14.96,27.32,10.04,858.0,850.0,Sideways,Weak,38.02,Rounding Top,59,21-04-2025,26-08-2025,Start:21-04-2025@13.65 ; Q1:22-05-2025@15.05 ; Mid:24-06-2025@15.75 ; Q3:24-07-2025@14.8 ; End:26-08-2025@13.4,,Rounding Top(59),12864270,Textiles & Apparel
2025-08-26,TFL,16.7,Stage 1/3 (Neutral),47.55,15.85,888,,0.07,False,0.0,852.0,-2.0,False,Near Discount,47.27,58.87,False,Decreasing,0.1071,True,False,False,11.72,17.04,False,38.68,12.36,17.04,16.47,25.52,16.81,17.47,16.22,18.13,40.6,11.75,847.0,855.0,Sideways,Weak,51.38,Ascending Channel,77,14-03-2025,01-08-2025,UL1:21-03-2025@15.55 ; UL2:02-05-2025@15.97 ; UL3:13-06-2025@16.76 ; UL4:04-07-2025@20.9 ; LL1:14-03-2025@12.37 ; LL2:18-04-2025@13.62 ; LL3:16-05-2025@14.98 ; LL4:01-08-2025@15.93,Broadening Formation(68),Ascending Channel(77) | Broadening Formation(68),2039065,Investment Banking & Investment Services
2025-08-26,WILLAMAGOR,33.4,Stage 1/3 (Neutral),50.77,31.57,184,100.0,0.07,False,0.0,852.0,-4.02,False,Equilibrium,42.93,21.96,False,Decreasing,0.0511,True,False,False,34.08,34.8,False,41.01,25.86,34.8,33.4,33.44,34.13,34.52,32.82,33.51,42.8,25.31,862.0,855.0,Downtrend,Strong,19.11,Cup and Handle,87,11-06-2025,26-08-2025,RimL:11-06-2025@38.08 ; Btm:24-06-2025@32.61 ; RimR:09-07-2025@36.63 ; Hdl:26-08-2025@33.4,Triple Top(70),Cup and Handle(87) | Triple Top(70),3281454,Banking Services
2025-08-25,SANCO,2.56,Stage 4 (Downtrend),37.62,2.94,415,,0.04,False,0.0,852.0,0.0,False,Near Discount,30.03,74.01,False,Decreasing,0.4837,False,False,False,27.73,2.56,False,9.85,2.14,2.56,2.56,6.0,3.47,2.94,2.85,3.5,9.85,2.04,856.0,863.0,Uptrend,Strong,65.1,Rounding Bottom,79,29-01-2025,25-08-2025,Start:29-01-2025@3.96 ; Q1:10-03-2025@3.04 ; Mid:25-04-2025@2.55 ; Q3:04-06-2025@2.68 ; End:25-08-2025@2.56,Broadening Formation(68),Rounding Bottom(79) | Broadening Formation(68),307453,"Machinery, Equipment & Components"
2025-08-25,ARSHIYA,2.47,Stage 4 (Downtrend),41.28,2.9,2432,,0.02,False,0.0,852.0,0.0,False,Near Discount,41.69,61.71,False,Decreasing,0.3707,False,False,False,19.42,2.47,False,6.45,2.39,2.47,2.47,4.42,2.66,2.65,2.8,3.35,6.45,2.36,814.0,864.0,Sideways,Moderate,61.39,Double Bottom,86,20-06-2025,11-07-2025,P1:20-06-2025@2.39 ; P2:11-07-2025@2.42,Rounding Bottom(79) | Broadening Formation(68),Double Bottom(86) | Rounding Bottom(79) | Broadening Formation(68),-13755935,Freight & Logistics Services
2025-08-26,AARTISURF,0.0,Stage 2 (Uptrend),94.45,0.0,24,100.0,0.01,False,0.0,852.0,0.0,True,Premium,89.39,2.82,False,Decreasing,2.0951,False,True,True,68.37,0.0,False,0.0,0.0,0.0,0.0,0.0,0.0,0.0,0.0,0.0,0.0,0.0,867.0,866.0,Uptrend,Strong,800.17,No Clear Pattern,0,,,,,No Clear Pattern,439700,Chemicals
2025-08-11,COMPINFO,2.52,Stage 1/3 (Neutral),54.1,2.13,43,,0.0,False,0.0,852.0,0.0,False,Near Discount,58.87,38.54,False,Decreasing,0.6106,False,True,True,30.12,2.52,False,4.06,1.26,2.52,2.52,2.66,2.31,2.03,2.05,,4.1,1.26,866.0,867.0,Uptrend,Strong,62.83,Broadening Formation,68,31-01-2025,25-07-2025,H1:07-02-2025@2.7 ; H2:25-07-2025@2.96 ; L1:31-01-2025@2.44 ; L2:27-06-2025@1.76,,Broadening Formation(68),-1698671,Integrated Hardware & Software
