date,symb,clos,stge,wrsi,ws30,volu,DlPer,rvol,vspk,ascr,arnk,chan,g200,zone,rsi,delt,bbup,vtrd,bbbw,bbsq,g050,g020,adx,open,bbdn,shgh,slw,high,low,eqb,s020,s050,s100,s200,h52h,l52l,vrnk,rrnk,tren,tstr,vola,mpat,pcon,psta,pend,ppnt,xpat,patt,obv,sect
2026-05-27,COALINDIA,463.05,Stage 2 (Uptrend),58.32,427.31,117042535,38.79,7.33,True,5419.65,1.0,7.94,True,Near Premium,53.71,5.74,False,Increasing,0.0712,False,True,False,15.76,429.0,False,481.45,354.2,468.3,428.4,417.82,464.42,455.24,443.94,415.73,491.25,368.65,6.0,5.0,Sideways,Moderate,19.04,Ascending Channel,77,24-10-2025,01-05-2026,UL1:24-10-2025@394.05 ; UL2:30-01-2026@440.75 ; UL3:20-03-2026@468.15 ; UL4:01-05-2026@481.45 ; LL1:07-11-2025@376.0 ; LL2:28-11-2025@376.15 ; LL3:13-02-2026@408.95 ; LL4:10-04-2026@434.1,Broadening Formation(72),Ascending Channel(77) | Broadening Formation(72),993489995,Coal
2026-05-27,HDFCBANK,758.65,Stage 4 (Downtrend),30.28,884.12,63680153,57.82,1.7,False,4831.09,2.0,-1.41,False,Near Discount,43.43,25.66,False,Increasing,0.066,False,False,False,16.41,769.5,False,1009.5,731.55,773.9,756.9,870.52,770.51,776.31,841.5,911.93,1020.5,726.65,12.0,64.0,Sideways,Moderate,24.46,Broadening Formation,72,07-11-2025,10-04-2026,H1:28-11-2025@1007.6 ; H2:10-04-2026@810.3 ; L1:07-11-2025@982.3 ; L2:03-04-2026@750.9,Descending Channel(61),Broadening Formation(72) | Descending Channel(61),-233221535,Banking Services
2026-05-27,ATGL,808.55,Stage 2 (Uptrend),75.23,581.4,57324845,10.68,7.95,True,4635.0,3.0,12.33,True,Premium,81.59,2.58,False,Increasing,0.2842,False,True,True,35.54,719.8,False,808.55,467.9,830.0,714.05,638.22,642.55,597.99,563.62,587.3,830.0,462.8,13.0,4.0,Uptrend,Strong,62.51,Inverse Head and Shoulders,92,23-01-2026,03-04-2026,LS:23-01-2026@517.45 ; H:06-03-2026@482.65 ; RS:03-04-2026@520.05,Rising Wedge(89) | Diamond Top(84),Inverse Head and Shoulders(92) | Rising Wedge(89) | Diamond Top(84),464400864,Natural Gas Utilities
2026-05-27,JPPOWER,22.87,Stage 2 (Uptrend),68.73,17.23,1285571409,22.84,6.44,True,2940.1,4.0,18.93,True,Near Premium,74.34,17.44,True,Increasing,0.2267,False,True,True,20.48,19.23,False,27.23,13.03,22.95,19.18,20.13,19.04,17.84,16.42,17.38,27.7,13.15,1.0,9.0,Sideways,Moderate,82.51,Broadening Formation,75,17-10-2025,01-05-2026,H1:21-11-2025@20.01 ; H2:01-05-2026@19.72 ; L1:17-10-2025@17.91 ; L2:06-03-2026@13.86,,Broadening Formation(75),11077543409,Electrical Utilities & IPPs
2026-05-27,ICICIBANK,1272.7,Stage 4 (Downtrend),43.94,1332.27,18366272,41.39,1.0,False,2337.48,5.0,-1.03,False,Near Discount,50.32,15.15,False,Increasing,0.0514,False,False,True,17.05,1286.0,False,1488.6,1205.9,1293.4,1266.7,1347.25,1259.24,1275.38,1323.39,1353.21,1500.0,1187.6,33.0,133.0,Sideways,Moderate,18.39,Broadening Formation,68,05-12-2025,15-05-2026,H1:05-12-2025@1392.5 ; H2:17-04-2026@1346.8 ; L1:26-12-2025@1350.4 ; L2:15-05-2026@1244.5,Diamond Top(60) | Rounding Top(59),Broadening Formation(68) | Diamond Top(60) | Rounding Top(59),756818967,Banking Services
2026-05-27,ADANIPOWER,248.91,Stage 2 (Uptrend),81.73,164.18,85859567,21.19,1.76,False,2137.13,6.0,0.53,True,Premium,76.53,1.48,False,Increasing,0.1616,False,True,True,34.75,247.6,False,248.91,91.53,252.65,245.5,170.22,225.05,196.6,169.64,159.63,252.65,126.4,8.0,55.0,Uptrend,Strong,42.45,Broadening Formation,72,26-09-2025,08-05-2026,H1:24-10-2025@167.72 ; H2:08-05-2026@225.33 ; L1:26-09-2025@146.25 ; L2:06-03-2026@138.99,,Broadening Formation(72),2231568941,Electrical Utilities & IPPs
2026-05-27,BSE,4248.4,Stage 2 (Uptrend),81.28,3046.09,4332377,35.8,1.01,False,1840.57,7.0,-4.25,True,Near Premium,69.31,4.46,False,Decreasing,0.2204,False,True,True,59.71,4437.0,False,4403.3,651.49,4446.8,4236.1,2527.39,3999.61,3490.27,3150.47,2822.63,4446.8,2021.5,103.0,131.0,Uptrend,Strong,29.72,No Clear Pattern,0,,,,,No Clear Pattern,394806075,Investment Banking & Investment Services
2026-05-27,RELIANCE,1350.5,Stage 4 (Downtrend),43.94,1439.07,13215138,35.55,0.76,False,1784.7,8.0,-0.18,False,Equilibrium,44.88,16.21,False,Decreasing,0.129,False,False,False,17.4,1353.0,False,1592.3,1161.9,1361.0,1348.6,1377.1,1385.15,1370.08,1393.86,1428.34,1611.8,1290.0,40.0,197.0,Sideways,Moderate,23.41,Cup and Handle,87,09-03-2026,19-05-2026,RimL:09-03-2026@1424.0 ; Btm:07-04-2026@1304.6 ; RimR:05-05-2026@1463.6 ; Hdl:19-05-2026@1322.7,Falling Wedge(85) | Triple Top(70) | Double Top(66),Cup and Handle(87) | Falling Wedge(85) | Triple Top(70) | Double Top(66),248835852,Oil & Gas
2026-05-27,BHARTIARTL,1852.2,Stage 4 (Downtrend),45.22,1960.0,8653155,53.77,0.86,False,1602.74,9.0,0.64,False,Near Discount,49.1,14.82,False,Decreasing,0.1054,False,True,False,19.38,1840.4,False,2162.7,1756.8,1869.4,1840.4,1959.75,1854.17,1840.62,1899.27,1956.01,2174.5,1740.5,59.0,162.0,Sideways,Moderate,31.27,Triple Bottom,90,13-03-2026,24-04-2026,P1:13-03-2026@1803.4 ; P2:03-04-2026@1789.7 ; P3:24-04-2026@1814.5,Double Bottom(86) | Diamond Top(60),Triple Bottom(90) | Double Bottom(86) | Diamond Top(60),229512435,Telecommunications Services
2026-05-27,HFCL,173.92,Stage 2 (Uptrend),90.53,84.24,79961509,26.14,0.79,False,1390.69,10.0,7.03,True,Premium,80.61,1.43,True,Increasing,0.3939,False,True,True,59.08,162.49,False,173.92,60.95,176.44,161.19,117.44,143.53,107.1,87.67,79.85,176.44,59.82,10.0,186.0,Uptrend,Strong,71.49,Symmetrical Triangle,77,20-02-2026,27-03-2026,H1:20-02-2026@71.31 ; H2:13-03-2026@71.97 ; L1:27-02-2026@68.51 ; L2:27-03-2026@70.76,,Symmetrical Triangle(77),4690844183,Communications & Networking
2026-05-27,SUZLON,57.53,Stage 1/3 (Neutral),62.95,49.79,227745007,45.2,2.43,True,1310.22,11.0,4.89,True,Near Discount,69.31,22.57,True,Increasing,0.0988,False,True,True,22.1,54.85,False,84.7,39.56,58.1,54.42,62.13,54.13,49.47,47.41,51.57,74.3,38.19,3.0,35.0,Sideways,Moderate,32.07,Broadening Formation,75,05-12-2025,01-05-2026,H1:02-01-2026@54.28 ; H2:01-05-2026@55.58 ; L1:05-12-2025@51.74 ; L2:03-04-2026@40.78,,Broadening Formation(75),6093541542,Renewable Energy
2026-05-27,ADANIENSOL,1540.1,Stage 2 (Uptrend),73.88,1074.23,7841736,33.73,1.8,False,1207.71,12.0,3.71,True,Premium,76.63,1.2,False,Increasing,0.1695,False,True,True,21.13,1485.0,False,1540.1,600.75,1558.8,1475.1,1070.42,1366.39,1223.01,1095.64,1010.49,1558.8,744.9,66.0,51.0,Sideways,Moderate,42.19,No Clear Pattern,0,,,,,No Clear Pattern,268048225,Electrical Utilities & IPPs
2026-05-27,ADANIENT,2973.1,Stage 2 (Uptrend),73.34,2242.17,3826916,22.99,1.2,False,1137.78,13.0,-0.3,True,Premium,81.73,1.8,False,Decreasing,0.2627,False,True,True,54.7,2982.0,False,2973.1,1758.8,3027.5,2944.0,2365.95,2624.16,2277.33,2192.98,2286.54,3027.5,1753.0,113.0,95.0,Uptrend,Strong,43.39,No Clear Pattern,0,,,,,No Clear Pattern,245848747,Diversified Industrial Goods Wholesale
2026-05-27,ZEEL,91.46,Stage 1/3 (Neutral),51.46,88.39,122229243,13.54,6.39,True,1117.91,14.0,9.27,False,Near Discount,57.89,39.71,False,Increasing,0.1844,False,True,True,25.58,83.7,False,203.25,68.39,92.99,83.18,135.82,88.33,83.09,84.63,94.87,151.7,68.0,5.0,10.0,Uptrend,Strong,58.25,Cup and Handle,91,13-02-2026,22-05-2026,RimL:13-02-2026@96.2 ; Btm:23-03-2026@68.39 ; RimR:06-05-2026@94.53 ; Hdl:22-05-2026@82.13,Rounding Bottom(83) | Double Top(70),Cup and Handle(91) | Rounding Bottom(83) | Double Top(70),1759135690,Media & Publishing
2026-05-27,POWERINDIA,37550.0,Stage 2 (Uptrend),79.76,24382.7,284794,22.96,1.75,False,1069.4,15.0,3.67,True,Premium,73.99,0.38,True,Increasing,0.1807,False,True,True,38.23,36220.0,False,37550.0,4363.4,37695.0,35985.0,20956.7,34103.5,30134.9,25771.39,22583.52,37695.0,16111.0,350.0,57.0,Uptrend,Strong,40.17,Flag Pattern (Bear Flag),91,17-09-2025,31-10-2025,PoleS:17-09-2025@20109.0 ; PoleE:09-10-2025@17731.0 ; Consol:31-10-2025@17778.0,,Flag Pattern (Bear Flag)(91),15768361,"Machinery, Equipment & Components"
2026-05-27,CUMMINSIND,6027.5,Stage 2 (Uptrend),81.2,4687.53,1722262,19.62,3.78,True,1038.09,16.0,11.33,True,Premium,78.05,1.17,True,Increasing,0.1274,False,True,True,21.06,5414.0,False,6027.5,1699.1,6099.0,5402.5,3863.3,5355.14,5068.68,4740.65,4458.47,6099.0,3185.2,171.0,19.0,Sideways,Moderate,44.2,No Clear Pattern,0,,,,,No Clear Pattern,62830826,Automobiles & Auto Parts
2026-05-27,ADANIGREEN,1489.9,Stage 2 (Uptrend),75.41,1040.54,6509853,20.6,1.45,False,969.9,17.0,1.22,True,Premium,75.44,1.85,True,Increasing,0.1829,False,True,True,43.58,1472.0,False,1489.9,768.55,1518.0,1467.0,1129.22,1359.77,1149.65,1032.49,1026.54,1518.0,765.0,73.0,76.0,Uptrend,Strong,41.28,No Clear Pattern,0,,,,,No Clear Pattern,370795966,Electrical Utilities & IPPs
2026-05-27,VEDL,354.7,Stage 2 (Uptrend),80.35,240.01,26959207,26.51,0.57,False,956.24,18.0,2.1,True,Premium,74.45,0.91,False,Decreasing,0.2838,False,True,True,45.26,347.4,False,354.7,81.47,357.95,345.9,218.09,317.34,277.4,259.48,217.36,357.95,147.37,24.0,291.0,Uptrend,Strong,50.0,Flag Pattern (Bull Flag),80,17-09-2025,31-10-2025,PoleS:17-09-2025@160.05 ; PoleE:09-10-2025@169.89 ; Consol:31-10-2025@173.18,,Flag Pattern (Bull Flag)(80),1742595887,Metals & Mining
2026-05-27,EXIDEIND,394.15,Stage 1/3 (Neutral),64.5,345.15,24044078,16.63,5.05,True,947.7,19.0,7.99,True,Near Discount,74.56,8.55,True,Increasing,0.1405,False,True,True,22.96,365.0,False,579.65,287.9,397.4,364.15,433.78,354.05,332.61,331.1,359.0,431.0,287.0,28.0,12.0,Sideways,Moderate,40.78,Rounding Bottom,78,24-12-2025,27-05-2026,Start:24-12-2025@367.15 ; Q1:02-02-2026@321.2 ; Mid:12-03-2026@310.0 ; Q3:20-04-2026@329.7 ; End:27-05-2026@394.15,Broadening Formation(75),Rounding Bottom(78) | Broadening Formation(75),389024142,Automobiles & Auto Parts
2026-05-27,MCX,3158.5,Stage 2 (Uptrend),69.16,2465.35,2992806,46.31,0.99,False,945.28,20.0,-4.63,True,Near Premium,52.76,9.24,False,Increasing,0.2154,False,True,False,42.54,3312.0,False,3441.7,499.05,3322.7,3150.8,1970.38,3186.42,2854.01,2642.82,2243.09,3480.0,1322.78,124.0,136.0,Uptrend,Strong,34.62,Flag Pattern (Bull Flag),80,17-09-2025,31-10-2025,PoleS:17-09-2025@1596.47 ; PoleE:09-10-2025@1755.24 ; Consol:31-10-2025@1863.61,Broadening Formation(68),Flag Pattern (Bull Flag)(80) | Broadening Formation(68),133926819,Investment Banking & Investment Services
2026-05-27,AXISBANK,1304.1,Stage 2 (Uptrend),53.64,1283.39,7243174,57.31,0.96,False,944.58,21.0,0.6,True,Near Premium,56.73,8.05,False,Increasing,0.0672,False,True,True,18.3,1296.3,False,1403.0,948.1,1314.5,1293.1,1175.55,1269.67,1275.09,1297.26,1244.09,1418.3,1042.5,70.0,144.0,Sideways,Moderate,20.18,Triple Top,90,30-01-2026,24-04-2026,P1:30-01-2026@1370.4 ; P2:27-02-2026@1383.9 ; P3:24-04-2026@1365.9,Double Top(86) | Cup and Handle(83),Triple Top(90) | Double Top(86) | Cup and Handle(83),106359684,Banking Services
2026-05-27,ETERNAL,256.51,Stage 4 (Downtrend),48.85,266.04,36661755,48.31,1.15,False,940.41,22.0,2.16,False,Near Discount,59.14,30.38,False,Increasing,0.0936,False,True,True,13.16,251.09,False,354.35,211.39,258.88,251.09,282.87,247.26,244.27,255.05,284.27,368.45,212.6,17.0,101.0,Sideways,Weak,32.32,Rounding Bottom,79,12-02-2026,27-05-2026,Start:12-02-2026@298.0 ; Q1:10-03-2026@226.62 ; Mid:06-04-2026@232.2 ; Q3:01-05-2026@247.03 ; End:27-05-2026@256.51,,Rounding Bottom(79),934591014,Software & IT Services
2026-05-27,GRANULES,782.6,Stage 2 (Uptrend),77.49,615.04,11995874,42.68,7.03,True,938.8,23.0,2.97,True,Premium,72.3,2.17,False,Increasing,0.1232,False,True,True,48.49,760.0,False,782.6,350.75,800.0,754.85,566.67,740.09,680.9,629.08,588.08,800.0,432.6,45.0,8.0,Uptrend,Strong,28.49,Triple Bottom,90,21-11-2025,13-03-2026,P1:21-11-2025@544.2 ; P2:13-02-2026@562.35 ; P3:13-03-2026@562.2,Double Bottom(86) | Broadening Formation(72),Triple Bottom(90) | Double Bottom(86) | Broadening Formation(72),193562258,Pharmaceuticals
2026-05-27,HINDALCO,1149.7,Stage 2 (Uptrend),76.27,932.7,7559470,37.31,1.45,False,869.11,24.0,2.81,True,Premium,69.53,0.37,True,Increasing,0.1193,False,True,True,31.71,1118.3,False,1149.7,481.3,1154.0,1118.3,815.5,1068.83,1003.62,972.16,881.55,1154.0,618.0,68.0,76.0,Uptrend,Strong,31.7,Rising Wedge,88,31-10-2025,01-05-2026,UL1:31-10-2025@847.85 ; UL2:30-01-2026@962.6 ; UL3:06-03-2026@958.9 ; UL4:24-04-2026@1048.35 ; LL1:21-11-2025@777.7 ; LL2:13-02-2026@909.0 ; LL3:27-03-2026@866.7 ; LL4:01-05-2026@1038.0,Ascending Channel(76),Rising Wedge(88) | Ascending Channel(76),688131810,Metals & Mining
2026-05-27,CGPOWER,934.8,Stage 2 (Uptrend),72.89,711.84,9258467,32.53,2.16,True,865.48,25.0,5.92,True,Premium,74.28,0.34,True,Increasing,0.143,False,True,True,27.73,882.55,False,934.8,530.65,938.0,882.0,732.72,846.83,777.45,717.16,714.41,938.0,525.5,57.0,39.0,Uptrend,Strong,37.71,Inverse Head and Shoulders,95,05-12-2025,27-03-2026,LS:05-12-2025@661.35 ; H:23-01-2026@549.1 ; RS:27-03-2026@667.95,Broadening Formation(75),Inverse Head and Shoulders(95) | Broadening Formation(75),294618223,"Machinery, Equipment & Components"
2026-05-27,TVSMOTOR,3384.6,Stage 4 (Downtrend),45.41,3605.89,2535619,64.27,2.14,True,858.21,26.0,-1.64,False,Near Premium,42.09,14.75,False,Increasing,0.1305,False,False,False,19.44,3441.0,False,3954.2,1610.5,3475.4,3361.1,2782.35,3485.42,3534.86,3625.83,3567.66,3970.0,2655.1,137.0,40.0,Sideways,Moderate,29.56,Falling Wedge,81,02-01-2026,08-05-2026,UL1:02-01-2026@3847.8 ; UL2:27-02-2026@3869.7 ; UL3:10-04-2026@3839.9 ; UL4:08-05-2026@3695.2 ; LL1:23-01-2026@3549.8 ; LL2:13-03-2026@3324.5 ; LL3:03-04-2026@3391.4 ; LL4:24-04-2026@3488.2,Rounding Top(75),Falling Wedge(81) | Rounding Top(75),56176260,Automobiles & Auto Parts
2026-05-27,TATASTEEL,214.7,Stage 2 (Uptrend),62.45,192.7,39110042,44.14,1.29,False,839.69,27.0,1.9,True,Premium,56.43,4.32,False,Increasing,0.0691,False,True,True,17.99,210.7,False,221.13,122.93,218.96,210.7,172.03,212.71,206.58,201.67,186.14,224.4,149.8,16.0,88.0,Sideways,Moderate,24.12,Triple Top,90,27-02-2026,15-05-2026,P1:27-02-2026@212.33 ; P2:17-04-2026@212.12 ; P3:15-05-2026@216.84,Broadening Formation(68),Triple Top(90) | Broadening Formation(68),2680001854,Metals & Mining
2026-05-27,IDEA,14.18,Stage 2 (Uptrend),72.61,10.76,580574851,33.46,0.63,False,823.26,28.0,-0.14,True,Premium,87.0,0.77,False,Decreasing,0.4306,False,True,True,57.61,14.2,False,14.18,6.15,14.29,14.07,10.16,12.4,10.47,10.55,9.9,14.29,6.12,2.0,249.0,Uptrend,Strong,44.76,Flag Pattern (Bull Flag),80,17-09-2025,31-10-2025,PoleS:17-09-2025@7.77 ; PoleE:09-10-2025@9.03 ; Consol:31-10-2025@8.73,Rounding Bottom(75) | Broadening Formation(68),Flag Pattern (Bull Flag)(80) | Rounding Bottom(75) | Broadening Formation(68),46028671010,Telecommunications Services
2026-05-27,ONGC,274.05,Stage 2 (Uptrend),51.04,264.79,29178516,48.97,1.72,False,799.64,29.0,-3.57,True,Near Premium,36.06,10.88,False,Increasing,0.1084,False,False,False,22.91,284.2,True,301.4,219.84,284.2,272.45,260.62,291.16,286.27,274.8,258.15,307.5,228.61,21.0,60.0,Sideways,Moderate,30.48,Broadening Formation,75,30-01-2026,08-05-2026,H1:30-01-2026@268.96 ; H2:01-05-2026@299.55 ; L1:13-02-2026@267.4 ; L2:08-05-2026@279.2,,Broadening Formation(75),1619285464,Oil & Gas
2026-05-27,WIPRO,201.58,Stage 4 (Downtrend),40.9,224.26,39465643,45.84,1.73,False,795.55,30.0,-1.11,False,Near Discount,54.45,26.19,False,Increasing,0.1063,False,True,True,19.9,203.85,False,320.1,187.54,205.99,200.2,253.82,197.4,197.88,210.7,230.6,273.1,186.5,15.0,58.0,Sideways,Moderate,20.3,Double Bottom,90,20-03-2026,15-05-2026,P1:20-03-2026@190.9 ; P2:15-05-2026@190.0,,Double Bottom(90),498183953,Software & IT Services
2026-05-27,SBIN,967.8,Stage 1/3 (Neutral),43.66,1036.32,8111259,39.14,0.44,False,785.01,31.0,-0.21,False,Equilibrium,38.15,21.62,False,Decreasing,0.2125,False,False,False,29.06,969.8,False,1227.8,688.8,975.9,966.6,958.3,998.95,1033.79,1070.93,989.39,1234.7,781.7,62.0,356.0,Downtrend,Strong,33.58,Rounding Top,71,24-12-2025,27-05-2026,Start:24-12-2025@968.95 ; Q1:02-02-2026@1028.7 ; Mid:12-03-2026@1085.2 ; Q3:20-04-2026@1107.85 ; End:27-05-2026@967.8,,Rounding Top(71),908899198,Banking Services
2026-05-27,ITC,291.95,Stage 4 (Downtrend),31.02,337.11,25446093,62.06,1.35,False,742.9,32.0,-1.25,False,Discount,33.19,31.87,False,Increasing,0.0679,False,False,False,14.9,295.65,True,522.75,287.7,296.35,291.05,405.22,307.04,302.47,311.24,357.4,428.55,287.0,26.0,85.0,Sideways,Weak,22.37,No Clear Pattern,0,,,,,No Clear Pattern,-730998237,Food & Tobacco
2026-05-27,INFY,1159.9,Stage 4 (Downtrend),34.04,1411.43,6371871,40.57,0.55,False,739.07,33.0,-0.09,False,Near Discount,43.64,32.88,False,Decreasing,0.0882,False,False,False,20.2,1161.0,False,1999.7,1095.0,1167.3,1155.0,1547.35,1162.92,1227.38,1343.87,1435.98,1728.0,1089.0,75.0,296.0,Sideways,Moderate,27.64,No Clear Pattern,0,,,,,No Clear Pattern,-84605497,Software & IT Services
2026-05-27,SWIGGY,270.65,Stage 4 (Downtrend),38.72,324.46,27066874,40.77,2.64,True,732.56,34.0,6.18,False,Near Discount,54.15,42.9,False,Increasing,0.1644,False,False,True,24.45,254.9,False,597.45,249.95,272.3,254.6,423.7,263.2,270.84,294.89,353.44,474.0,247.3,22.0,32.0,Sideways,Moderate,41.45,Descending Channel,61,03-10-2025,24-04-2026,UL1:10-10-2025@435.55 ; UL2:12-12-2025@416.5 ; UL3:13-02-2026@337.65 ; UL4:24-04-2026@287.1 ; LL1:03-10-2025@413.85 ; LL2:28-11-2025@378.3 ; LL3:30-01-2026@309.75 ; LL4:27-03-2026@268.55,,Descending Channel(61),597811445,Software & IT Services
2026-05-27,SAIL,206.06,Stage 2 (Uptrend),77.97,157.02,35333674,47.15,1.03,False,728.09,35.0,0.03,True,Premium,67.94,1.74,False,Increasing,0.1722,False,True,True,36.96,205.99,False,206.06,100.02,208.45,203.82,153.04,192.36,175.2,165.06,149.03,209.7,118.1,18.0,123.0,Uptrend,Strong,56.81,No Clear Pattern,0,,,,,No Clear Pattern,4280010656,Metals & Mining
2026-05-27,MOTHERSON,142.41,Stage 2 (Uptrend),66.39,120.11,50082550,59.44,2.05,True,713.23,36.0,4.71,True,Premium,70.78,2.92,True,Increasing,0.1868,False,True,True,30.89,136.0,False,142.41,74.35,146.7,134.65,108.38,129.47,121.8,121.42,114.78,146.7,89.7,14.0,44.0,Uptrend,Strong,38.55,Broadening Formation,75,24-10-2025,01-05-2026,H1:24-10-2025@106.25 ; H2:27-02-2026@133.34 ; L1:07-11-2025@103.8 ; L2:01-05-2026@121.21,,Broadening Formation(75),1940848902,Automobiles & Auto Parts
2026-05-27,GVT&D,5097.7,Stage 2 (Uptrend),74.73,3592.58,1339313,49.68,1.72,False,682.74,37.0,4.7,True,Premium,72.61,1.66,True,Increasing,0.1872,False,True,True,42.81,4869.0,False,5097.7,1295.55,5183.5,4849.0,3196.62,4577.91,4219.74,3798.34,3374.72,5183.5,2195.4,191.0,60.0,Uptrend,Strong,42.99,No Clear Pattern,0,,,,,No Clear Pattern,24377234,"Machinery, Equipment & Components"
2026-05-27,SIEMENS,3878.7,Stage 2 (Uptrend),65.52,3291.57,1738785,18.86,3.25,True,674.42,38.0,8.66,True,Premium,60.98,1.31,False,Increasing,0.1278,False,True,True,23.12,3569.7,False,3878.7,1912.91,3909.9,3543.3,2895.81,3718.25,3493.18,3315.53,3238.77,3930.0,2826.0,170.0,24.0,Sideways,Moderate,41.78,Ascending Channel,77,24-10-2025,15-05-2026,UL1:24-10-2025@3152.2 ; UL2:05-12-2025@3325.9 ; UL3:27-02-2026@3418.6 ; UL4:08-05-2026@3822.6 ; LL1:07-11-2025@3033.4 ; LL2:23-01-2026@2900.4 ; LL3:03-04-2026@3026.6 ; LL4:15-05-2026@3587.9,Broadening Formation(72),Ascending Channel(77) | Broadening Formation(72),47498510,"Machinery, Equipment & Components"
2026-05-27,NATIONALUM,433.05,Stage 2 (Uptrend),68.79,353.51,15519448,35.39,1.72,False,672.07,39.0,2.81,True,Premium,62.19,2.72,True,Increasing,0.0868,False,True,True,17.39,421.2,False,441.5,143.22,437.75,420.25,292.36,405.85,406.12,387.48,314.23,445.15,176.34,36.0,60.0,Sideways,Moderate,41.86,Flag Pattern (Bull Flag),87,17-09-2025,31-10-2025,PoleS:17-09-2025@213.26 ; PoleE:09-10-2025@229.55 ; Consol:31-10-2025@234.14,,Flag Pattern (Bull Flag)(87),2857124761,Metals & Mining
2026-05-27,JSWENERGY,602.05,Stage 2 (Uptrend),64.85,504.68,10917970,45.54,2.63,True,657.32,40.0,3.45,True,Premium,71.07,1.12,True,Increasing,0.1754,False,True,True,18.05,582.0,False,602.05,431.5,608.9,579.1,516.78,550.36,528.55,506.11,509.19,608.9,427.75,49.0,33.0,Sideways,Moderate,38.92,No Clear Pattern,0,,,,,No Clear Pattern,333927157,Electrical Utilities & IPPs
2026-05-27,LT,4047.5,Stage 2 (Uptrend),54.78,3959.31,1607028,48.67,0.63,False,650.44,41.0,0.11,True,Near Premium,58.78,8.84,False,Decreasing,0.0638,False,True,True,12.76,4043.0,False,4418.1,3054.15,4069.9,4017.9,3736.12,3973.72,3876.49,3928.88,3891.01,4440.0,3288.1,177.0,249.0,Sideways,Weak,19.88,Rounding Bottom,75,12-02-2026,27-05-2026,Start:12-02-2026@4185.9 ; Q1:10-03-2026@3876.0 ; Mid:06-04-2026@3727.7 ; Q3:01-05-2026@4014.0 ; End:27-05-2026@4047.5,,Rounding Bottom(75),93146700,Construction & Engineering
2026-05-27,NETWEB,4072.0,Stage 2 (Uptrend),60.04,3434.6,1579910,27.58,1.12,False,643.34,42.0,5.49,True,Near Premium,58.78,9.35,False,Increasing,0.2011,False,True,True,18.11,3860.0,False,4422.2,769.9,4097.7,3854.0,2596.05,4007.33,3677.01,3484.17,3366.04,4492.0,1700.1,181.0,104.0,Sideways,Moderate,48.39,Head and Shoulders,92,16-01-2026,20-03-2026,LS:16-01-2026@3347.4 ; H:27-02-2026@3861.4 ; RS:20-03-2026@3284.4,Diamond Bottom(76) | Pennant Pattern(73) | Broadening Formation(68),Head and Shoulders(92) | Diamond Bottom(76) | Pennant Pattern(73) | Broadening Formation(68),214844253,Software & IT Services
2026-05-27,INDIGO,4570.0,Stage 4 (Downtrend),47.03,4802.28,1369227,50.42,1.08,False,625.74,43.0,2.01,False,Near Discount,59.53,26.67,False,Increasing,0.1075,False,True,True,12.65,4480.0,False,6155.5,3943.5,4593.2,4429.9,5049.5,4357.92,4361.63,4541.63,5073.0,6232.5,3895.2,189.0,111.0,Sideways,Weak,36.04,No Clear Pattern,0,,,,,No Clear Pattern,42293662,Passenger Transportation Services
2026-05-27,WAAREEENER,3129.1,Stage 1/3 (Neutral),51.84,3009.41,1978239,47.84,1.08,False,619.01,44.0,1.07,True,Near Premium,50.37,19.04,False,Increasing,0.1054,False,False,True,18.53,3096.0,False,3739.8,2091.95,3154.6,3040.0,2915.88,3100.22,3192.15,2992.5,3115.14,3865.0,2403.0,158.0,111.0,Sideways,Moderate,44.28,Broadening Formation,68,05-12-2025,17-04-2026,H1:26-12-2025@3046.7 ; H2:17-04-2026@3466.2 ; L1:05-12-2025@2871.4 ; L2:03-04-2026@3070.7,,Broadening Formation(68),190833981,Renewable Energy
2026-05-27,FINPIPE,191.93,Stage 1/3 (Neutral),57.62,175.87,31807476,6.78,16.71,True,610.48,45.0,1.77,True,Near Discount,73.92,19.36,True,Increasing,0.1408,False,True,True,18.92,188.6,False,350.3,149.95,200.4,188.5,250.12,172.91,169.12,174.63,182.81,238.0,147.54,20.0,1.0,Sideways,Moderate,34.8,Head and Shoulders,91,02-01-2026,17-04-2026,LS:02-01-2026@178.51 ; H:20-02-2026@189.89 ; RS:17-04-2026@174.59,Flag Pattern (Bear Flag)(83) | Rounding Bottom(78) | Descending Channel(76),Head and Shoulders(91) | Flag Pattern (Bear Flag)(83) | Rounding Bottom(78) | Descending Channel(76),242352152,Homebuilding & Construction Supplies
2026-05-27,IFCI,68.38,Stage 2 (Uptrend),61.42,56.41,88863769,25.53,3.3,True,607.65,46.0,5.93,True,Near Discount,68.91,5.24,True,Increasing,0.1628,False,True,True,25.11,64.55,False,2300.0,39.24,68.7,64.2,1169.62,62.14,58.29,58.02,55.79,72.16,46.23,7.0,23.0,Uptrend,Strong,46.08,Rising Wedge,92,09-01-2026,08-05-2026,UL1:16-01-2026@60.67 ; UL2:13-02-2026@62.87 ; UL3:17-04-2026@61.19 ; UL4:08-05-2026@64.45 ; LL1:09-01-2026@49.01 ; LL2:30-01-2026@55.09 ; LL3:27-03-2026@51.06 ; LL4:01-05-2026@58.69,Diamond Bottom(83) | Long-term Rounding Bottom(82),Rising Wedge(92) | Diamond Bottom(83) | Long-term Rounding Bottom(82),3710047289,Banking Services
2026-05-27,TCS,2284.2,Stage 4 (Downtrend),30.47,2791.71,2653950,48.57,0.67,False,606.22,47.0,0.4,False,Discount,35.86,35.44,False,Decreasing,0.1218,False,False,False,23.76,2275.0,False,4553.75,2246.0,2295.6,2260.9,3399.88,2348.22,2420.49,2638.36,2872.54,3538.0,2206.4,130.0,232.0,Sideways,Moderate,19.37,No Clear Pattern,0,,,,,No Clear Pattern,-121927124,Software & IT Services
2026-05-27,SAMMAANCAP,173.32,Stage 1/3 (Neutral),62.95,150.48,33567073,35.71,1.27,False,581.78,48.0,3.04,True,Near Premium,73.56,10.17,False,Decreasing,0.2743,False,True,True,23.3,168.2,False,189.93,102.67,175.5,168.01,146.3,149.3,148.06,146.65,148.92,192.95,114.1,19.0,89.0,Sideways,Moderate,48.06,Rounding Bottom,75,02-04-2026,27-05-2026,Start:02-04-2026@146.95 ; Q1:16-04-2026@154.96 ; Mid:30-04-2026@144.61 ; Q3:14-05-2026@143.13 ; End:27-05-2026@173.32,Broadening Formation(68),Rounding Bottom(75) | Broadening Formation(68),1283690089,Banking Services
2026-05-27,NTPC,398.15,Stage 2 (Uptrend),62.4,361.68,14418621,49.97,1.63,False,574.08,49.0,2.0,True,Premium,56.74,3.92,False,Increasing,0.0454,False,True,True,15.97,390.35,False,410.2,1.45,403.1,390.35,205.82,394.38,387.75,375.49,354.12,414.4,315.55,37.0,68.0,Sideways,Moderate,16.85,Broadening Formation,72,26-09-2025,08-05-2026,H1:03-10-2025@342.0 ; H2:08-05-2026@402.15 ; L1:26-09-2025@337.9 ; L2:03-04-2026@359.65,,Broadening Formation(72),508525572,Electrical Utilities & IPPs
2025-10-23,TATAMOTORS,405.85,Stage 1/3 (Neutral),47.7,406.35,14126009,42.78,0.71,False,573.3,50.0,-0.4,False,Near Discount,48.48,27.54,False,Decreasing,0.112,False,False,False,20.98,407.5,False,695.72,347.16,408.9,403.6,521.44,407.34,410.67,410.99,412.8,560.09,320.81,39.0,216.0,Sideways,Moderate,30.77,Inverse Head and Shoulders,92,20-06-2025,26-09-2025,LS:20-06-2025@404.91 ; H:08-08-2025@379.46 ; RS:26-09-2025@402.93,Double Top(66) | Rounding Top(59),Inverse Head and Shoulders(92) | Double Top(66) | Rounding Top(59),-126287655,Automobiles & Auto Parts
2026-05-27,JKTYRE,413.3,Stage 4 (Downtrend),47.33,457.7,12949278,14.45,8.37,True,535.19,51.0,-0.65,False,Equilibrium,59.06,32.46,False,Increasing,0.1846,False,True,True,19.37,416.0,False,604.9,253.4,422.65,410.25,429.15,389.32,400.51,454.09,433.78,611.9,311.0,42.0,3.0,Sideways,Moderate,38.95,Double Bottom,82,03-04-2026,24-04-2026,P1:03-04-2026@388.95 ; P2:24-04-2026@397.3,Broadening Formation(72),Double Bottom(82) | Broadening Formation(72),216816999,Automobiles & Auto Parts
2026-05-27,OLAELEC,39.24,Stage 1/3 (Neutral),55.07,34.55,133987597,25.26,1.78,False,525.77,52.0,4.31,False,Near Discount,62.92,44.93,True,Increasing,0.1238,False,True,True,30.22,37.62,False,146.38,22.8,39.49,37.46,84.59,36.23,33.53,31.68,39.53,71.25,22.25,4.0,52.0,Uptrend,Strong,45.44,Rounding Bottom,86,24-12-2025,27-05-2026,Start:24-12-2025@35.35 ; Q1:02-02-2026@31.82 ; Mid:12-03-2026@23.7 ; Q3:20-04-2026@39.22 ; End:27-05-2026@39.24,Symmetrical Triangle(81) | Double Top(73) | Flag Pattern (Bear Flag)(71),Rounding Bottom(86) | Symmetrical Triangle(81) | Double Top(73) | Flag Pattern (Bear Flag)(71),5289380847,Automobiles & Auto Parts
2026-05-27,HSCL,607.2,Stage 2 (Uptrend),66.52,490.46,8455044,18.18,0.73,False,513.39,53.0,-0.12,True,Near Premium,59.85,7.22,False,Decreasing,0.1365,False,True,True,31.85,607.9,False,637.65,248.45,625.0,603.75,443.05,603.22,530.71,495.8,479.67,654.45,418.5,61.0,210.0,Uptrend,Strong,46.28,Triple Bottom,86,23-01-2026,13-03-2026,P1:23-01-2026@446.8 ; P2:13-02-2026@450.35 ; P3:13-03-2026@438.85,Broadening Formation(68),Triple Bottom(86) | Broadening Formation(68),505618943,Chemicals
2026-05-27,AIAENG,4428.1,Stage 2 (Uptrend),68.25,3826.75,1149941,32.58,12.79,True,509.21,54.0,6.87,True,Premium,75.51,1.49,False,Increasing,0.1376,False,True,True,17.64,4143.4,False,4428.1,3017.4,4495.0,4122.2,3722.75,3958.31,3832.13,3847.79,3642.88,4495.0,3001.1,219.0,2.0,Sideways,Moderate,36.93,Triple Top,94,30-01-2026,24-04-2026,P1:30-01-2026@3989.0 ; P2:20-02-2026@3949.0 ; P3:24-04-2026@4014.3,Descending Triangle(92) | Cup and Handle(87) | Falling Wedge(85) | Rounding Bottom(79),Triple Top(94) | Descending Triangle(92) | Cup and Handle(87) | Falling Wedge(85) | Rounding Bottom(79),4084829,"Machinery, Equipment & Components"
2026-05-27,BAJFINANCE,931.15,Stage 4 (Downtrend),49.4,956.74,5349669,50.26,0.6,False,498.13,55.0,-0.09,False,Equilibrium,52.66,15.54,False,Decreasing,0.095,False,True,False,13.78,932.0,False,1094.15,801.55,935.95,923.0,947.85,932.29,900.69,928.94,962.22,1102.5,787.9,89.0,274.0,Sideways,Weak,24.35,Inverse Head and Shoulders,84,23-01-2026,15-05-2026,LS:23-01-2026@927.85 ; H:03-04-2026@826.85 ; RS:15-05-2026@910.45,Long-term Rounding Top(71) | Descending Channel(69),Inverse Head and Shoulders(84) | Long-term Rounding Top(71) | Descending Channel(69),261589444,Banking Services
2026-05-27,PREMIERENE,1046.0,Stage 1/3 (Neutral),62.79,885.82,4606992,58.31,2.08,True,481.89,56.0,2.15,True,Equilibrium,63.92,7.95,False,Increasing,0.096,False,True,True,21.44,1024.0,False,1373.5,683.1,1056.0,1015.8,1028.3,1004.16,974.02,862.43,926.18,1136.4,666.9,98.0,43.0,Sideways,Moderate,27.76,Broadening Formation,72,19-09-2025,15-05-2026,H1:19-09-2025@1051.3 ; H2:17-04-2026@1034.6 ; L1:10-10-2025@1023.6 ; L2:15-05-2026@981.6,,Broadening Formation(72),278495499,Renewable Energy
2026-05-27,LICI,830.0,Stage 4 (Downtrend),50.71,835.33,5643800,47.03,2.04,True,468.44,57.0,-2.92,False,Near Discount,57.27,15.31,False,Increasing,0.0832,False,True,True,14.18,855.0,False,1188.1,725.65,855.0,818.85,956.88,805.94,794.14,814.89,849.54,980.0,721.5,85.0,47.0,Sideways,Weak,23.98,Cup and Handle,91,05-03-2026,12-05-2026,RimL:05-03-2026@832.95 ; Btm:30-03-2026@725.65 ; RimR:17-04-2026@842.2 ; Hdl:12-05-2026@780.75,,Cup and Handle(91),312291604,Insurance
2026-05-27,OFSS,10299.5,Stage 2 (Uptrend),70.39,7891.27,450281,23.89,1.71,False,463.77,58.0,3.51,True,Premium,75.45,0.78,True,Increasing,0.1463,False,True,True,40.8,9950.0,False,10299.5,6302.0,10380.5,9911.0,8300.75,9521.22,8297.94,7743.01,8080.11,10380.5,6234.5,305.0,63.0,Uptrend,Strong,29.81,No Clear Pattern,0,,,,,No Clear Pattern,31224447,Software & IT Services
2026-05-27,ABB,7219.0,Stage 2 (Uptrend),65.0,5896.53,636096,31.94,1.27,False,459.2,59.0,5.52,True,Near Premium,64.22,7.71,False,Increasing,0.2193,False,True,True,25.26,6841.5,False,7587.0,4691.5,7244.0,6808.0,6139.25,6782.58,6699.14,6161.98,5663.8,7822.5,4637.5,266.0,89.0,Uptrend,Strong,44.67,Long-term Cup and Handle,83,09-06-2025,30-03-2026,RimL:09-06-2025@6215.0 ; Btm:20-01-2026@4691.5 ; RimR:12-03-2026@6409.0 ; Hdl:30-03-2026@5941.5,Rounding Top(79) | Broadening Formation(68),Long-term Cup and Handle(83) | Rounding Top(79) | Broadening Formation(68),31660535,"Machinery, Equipment & Components"
2026-05-27,BEL,419.1,Stage 1/3 (Neutral),48.53,424.66,10871894,57.74,0.85,False,455.64,60.0,-0.69,True,Near Premium,42.75,11.48,False,Decreasing,0.0728,False,False,False,25.34,422.0,False,468.45,137.65,422.0,416.1,303.05,426.84,429.78,432.77,416.76,473.45,361.2,50.0,167.0,Downtrend,Strong,22.61,Double Top,86,06-03-2026,17-04-2026,P1:06-03-2026@468.45 ; P2:17-04-2026@462.75,Cup and Handle(83) | Rounding Top(79) | Broadening Formation(68),Double Top(86) | Cup and Handle(83) | Rounding Top(79) | Broadening Formation(68),3077888859,Aerospace & Defense
2026-05-27,BHEL,422.35,Stage 2 (Uptrend),79.39,294.52,10651428,41.91,0.5,False,449.86,61.0,1.23,True,Premium,74.49,0.55,False,Decreasing,0.1946,False,True,True,53.54,417.2,False,422.35,179.17,424.7,416.5,300.76,397.16,330.43,295.61,274.74,424.7,205.12,52.0,329.0,Uptrend,Strong,40.89,Triple Top,90,06-02-2026,20-03-2026,P1:06-02-2026@266.6 ; P2:27-02-2026@264.95 ; P3:20-03-2026@262.05,,Triple Top(90),3717651061,"Machinery, Equipment & Components"
2026-05-27,M&M,3121.6,Stage 4 (Downtrend),44.8,3406.29,1408612,42.63,0.48,False,439.71,62.0,0.34,False,Near Premium,47.92,18.71,False,Decreasing,0.1076,False,False,False,9.78,3110.9,False,3802.4,1479.75,3141.3,3104.0,2641.08,3159.56,3127.67,3292.07,3432.13,3839.9,2896.0,185.0,338.0,Sideways,Weak,28.02,Double Top,66,10-04-2026,08-05-2026,P1:10-04-2026@3259.8 ; P2:08-05-2026@3330.4,Diamond Top(60) | Long-term Rounding Top(59),Double Top(66) | Diamond Top(60) | Long-term Rounding Top(59),156221802,Automobiles & Auto Parts
2026-05-27,DIXON,11756.0,Stage 1/3 (Neutral),49.87,11754.0,371444,26.66,0.52,False,436.67,63.0,0.69,False,Near Discount,60.77,36.35,False,Decreasing,0.1394,False,True,True,14.92,11675.0,False,18940.15,9673.0,11925.0,11641.0,14306.58,11165.9,10807.6,10828.57,13193.66,18471.0,9600.0,322.0,318.0,Sideways,Weak,48.1,Symmetrical Triangle,74,20-03-2026,08-05-2026,H1:20-03-2026@10342.0 ; H2:17-04-2026@11371.5 ; L1:03-04-2026@9920.5 ; L2:08-05-2026@10803.0,,Symmetrical Triangle(74),38538935,"Computers, Phones & Household Electronics"
2026-05-27,MARUTI,13364.0,Stage 4 (Downtrend),44.18,14650.1,322020,50.03,0.8,False,430.35,64.0,1.18,False,Equilibrium,54.25,23.06,False,Increasing,0.0771,False,True,True,13.91,13208.0,False,17292.0,9860.45,13417.0,13102.0,13576.22,13281.0,13085.5,13999.25,14890.98,17370.0,12016.0,336.0,179.0,Sideways,Weak,20.74,Double Top,78,10-04-2026,08-05-2026,P1:10-04-2026@13709.0 ; P2:08-05-2026@13726.0,Long-term Rounding Top(71) | Rounding Top(71),Double Top(78) | Long-term Rounding Top(71) | Rounding Top(71),5906831,Automobiles & Auto Parts
2026-05-27,KAYNES,3229.6,Stage 4 (Downtrend),36.67,4100.49,1223825,27.36,0.54,False,395.25,65.0,-2.1,False,Near Discount,37.37,58.08,False,Decreasing,0.5529,False,False,False,26.46,3299.0,False,7597.55,3001.0,3336.0,3220.0,5299.28,3719.38,3806.34,3759.53,4881.05,7705.0,2995.0,207.0,307.0,Downtrend,Strong,86.75,Rounding Top,59,19-03-2026,27-05-2026,Start:19-03-2026@3567.0 ; Q1:06-04-2026@3706.5 ; Mid:23-04-2026@4387.7 ; Q3:11-05-2026@4364.3 ; End:27-05-2026@3229.6,,Rounding Top(59),33870845,Electronic Equipment & Parts
2026-05-27,ADANIPORTS,1824.5,Stage 2 (Uptrend),72.1,1517.69,2102406,37.08,0.6,False,383.58,66.0,0.8,True,Premium,69.98,0.99,False,Decreasing,0.104,False,True,True,31.86,1810.0,False,1824.5,1053.05,1842.8,1809.9,1438.78,1756.37,1578.76,1520.09,1478.46,1842.8,1290.5,150.0,274.0,Uptrend,Strong,29.44,Triple Top,90,12-12-2025,27-02-2026,P1:12-12-2025@1522.8 ; P2:06-02-2026@1550.7 ; P3:27-02-2026@1521.0,Cup and Handle(83),Triple Top(90) | Cup and Handle(83),440409541,Transport Infrastructure
2026-05-27,KOTAKBANK,388.7,Stage 4 (Downtrend),47.76,401.72,9326451,59.15,0.45,False,362.52,67.0,0.04,False,Equilibrium,56.45,13.03,False,Decreasing,0.0598,False,True,True,19.26,388.55,False,447.5,353.4,390.5,386.7,400.45,382.18,374.88,393.7,402.82,446.94,345.5,56.0,353.0,Sideways,Moderate,20.46,No Clear Pattern,0,,,,,No Clear Pattern,275683273,Banking Services
2026-05-27,RVNL,252.3,Stage 4 (Downtrend),36.03,306.64,14271574,40.89,2.05,True,360.07,68.0,-2.87,False,Discount,26.93,43.02,False,Increasing,0.2206,False,False,False,27.01,259.75,True,630.0,249.65,259.75,251.3,439.82,284.47,280.27,296.2,314.16,442.8,248.0,38.0,44.0,Downtrend,Strong,28.42,Rounding Top,66,02-04-2026,27-05-2026,Start:02-04-2026@260.66 ; Q1:16-04-2026@293.89 ; Mid:30-04-2026@297.65 ; Q3:14-05-2026@287.2 ; End:27-05-2026@252.3,,Rounding Top(66),2660240587,Construction & Engineering
2026-05-27,ASHOKLEY,163.62,Stage 1/3 (Neutral),48.2,173.88,21717793,49.2,0.97,False,355.35,69.0,1.73,True,Near Premium,52.53,24.05,False,Decreasing,0.1435,False,False,True,16.55,160.84,False,211.92,79.5,164.1,159.45,145.71,159.38,163.68,179.76,163.44,215.42,114.72,30.0,141.0,Sideways,Moderate,35.38,Broadening Formation,68,26-09-2025,15-05-2026,H1:26-09-2025@141.93 ; H2:10-04-2026@178.02 ; L1:17-10-2025@134.51 ; L2:15-05-2026@153.13,,Broadening Formation(68),1419561662,"Machinery, Equipment & Components"
2026-05-27,CANBK,134.16,Stage 1/3 (Neutral),47.98,143.26,26115218,50.11,1.05,False,350.36,70.0,0.51,False,Near Premium,53.02,17.64,False,Increasing,0.1091,False,True,True,16.96,133.48,False,158.93,80.9,135.3,133.1,119.92,131.51,134.05,141.56,136.67,162.89,103.55,25.0,117.0,Sideways,Moderate,27.94,Cup and Handle,79,05-03-2026,18-05-2026,RimL:05-03-2026@148.51 ; Btm:30-03-2026@123.45 ; RimR:22-04-2026@145.23 ; Hdl:18-05-2026@124.9,Double Bottom(78) | Rounding Top(71) | Broadening Formation(68),Cup and Handle(79) | Double Bottom(78) | Rounding Top(71) | Broadening Formation(68),1419654502,Banking Services
2026-05-27,WOCKPHARMA,1771.0,Stage 2 (Uptrend),70.75,1382.37,1963251,34.06,0.61,False,347.69,71.0,3.21,True,Near Premium,72.77,5.23,False,Increasing,0.2387,False,True,True,44.77,1716.0,False,1831.1,1100.3,1789.0,1706.0,1465.7,1582.8,1416.56,1385.94,1397.88,1868.8,1086.7,161.0,265.0,Uptrend,Strong,59.61,Cup and Handle,79,18-02-2026,04-05-2026,RimL:18-02-2026@1433.4 ; Btm:23-03-2026@1100.3 ; RimR:22-04-2026@1450.3 ; Hdl:04-05-2026@1425.0,Broadening Formation(68),Cup and Handle(79) | Broadening Formation(68),290353370,Pharmaceuticals
2026-05-27,HINDPETRO,402.9,Stage 4 (Downtrend),50.92,418.92,8615664,54.26,1.03,False,347.13,72.0,1.23,False,Equilibrium,60.47,20.76,False,Increasing,0.1314,False,True,True,20.12,398.0,False,499.05,319.15,404.2,393.2,409.1,382.83,364.96,397.18,420.26,508.45,316.2,60.0,123.0,Sideways,Moderate,44.22,Flag Pattern (Bull Flag),84,17-09-2025,31-10-2025,PoleS:17-09-2025@405.65 ; PoleE:09-10-2025@458.0 ; Consol:31-10-2025@476.0,Broadening Formation(68),Flag Pattern (Bull Flag)(84) | Broadening Formation(68),733562485,Oil & Gas
2026-05-27,SHRIRAMFIN,963.2,Stage 2 (Uptrend),52.8,956.18,3592277,58.3,0.62,False,346.01,73.0,1.71,True,Near Premium,51.29,13.07,False,Decreasing,0.1208,False,True,True,16.95,947.05,False,1104.6,32.49,968.1,946.6,568.55,952.23,959.86,992.46,869.99,1108.0,566.5,116.0,255.0,Sideways,Moderate,32.15,Rising Wedge,85,12-12-2025,01-05-2026,UL1:02-01-2026@1010.35 ; UL2:27-02-2026@1079.4 ; UL3:17-04-2026@1036.95 ; LL1:12-12-2025@848.0 ; LL2:06-02-2026@1002.5 ; LL3:03-04-2026@891.6 ; LL4:01-05-2026@937.35,Cup and Handle(83) | Rounding Top(79) | Ascending Channel(73),Rising Wedge(85) | Cup and Handle(83) | Rounding Top(79) | Ascending Channel(73),339278204,Banking Services
2026-05-27,BAJAJ-AUTO,10808.5,Stage 2 (Uptrend),66.01,9511.63,317630,41.78,0.62,False,343.31,74.0,1.73,True,Premium,65.74,0.24,False,Decreasing,0.0911,False,True,True,32.47,10625.0,False,10808.5,7306.8,10834.0,10580.0,9057.65,10392.98,9744.72,9665.93,9319.82,10834.0,7858.5,338.0,255.0,Uptrend,Strong,28.14,Cup and Handle,83,26-02-2026,05-05-2026,RimL:26-02-2026@10110.0 ; Btm:02-04-2026@8758.5 ; RimR:30-04-2026@9994.0 ; Hdl:05-05-2026@10046.0,Diamond Bottom(76) | Broadening Formation(68),Cup and Handle(83) | Diamond Bottom(76) | Broadening Formation(68),34906208,Automobiles & Auto Parts
2026-05-27,ZENTEC,1695.5,Stage 2 (Uptrend),63.1,1434.72,1971137,23.58,2.73,True,334.21,75.0,5.38,True,Equilibrium,64.78,25.24,True,Increasing,0.1135,False,True,True,14.84,1608.9,False,2577.0,702.85,1721.7,1605.2,1639.92,1597.9,1539.37,1441.6,1430.89,2268.0,1223.0,160.0,28.0,Sideways,Weak,43.28,Flag Pattern (Bear Flag),83,17-09-2025,31-10-2025,PoleS:17-09-2025@1544.1 ; PoleE:09-10-2025@1414.3 ; Consol:31-10-2025@1357.2,,Flag Pattern (Bear Flag)(83),60632147,Aerospace & Defense
2026-05-27,APARINDS,13426.0,Stage 2 (Uptrend),70.25,9947.35,241856,36.06,2.3,True,324.72,76.0,7.0,True,Premium,66.27,1.13,True,Increasing,0.0881,False,True,True,34.38,12548.0,False,13426.0,4817.3,13580.0,12545.0,9121.65,12612.0,11502.33,10284.72,9442.48,13580.0,6801.0,361.0,38.0,Uptrend,Strong,42.27,Broadening Formation,75,26-09-2025,08-05-2026,H1:24-10-2025@8733.5 ; H2:08-05-2026@12810.0 ; L1:26-09-2025@8360.5 ; L2:13-03-2026@8989.0,,Broadening Formation(75),17998200,"Machinery, Equipment & Components"
2026-05-27,FIRSTCRY,229.53,Stage 4 (Downtrend),38.79,262.01,13204357,24.98,4.14,True,303.08,77.0,-6.31,False,Near Discount,46.58,47.68,False,Increasing,0.1126,False,False,False,17.72,245.0,False,722.8,208.34,245.0,221.0,465.57,232.29,234.87,241.08,291.87,438.7,207.05,41.0,17.0,Sideways,Moderate,36.32,Rounding Top,63,19-03-2026,27-05-2026,Start:19-03-2026@210.06 ; Q1:06-04-2026@226.7 ; Mid:23-04-2026@248.24 ; Q3:11-05-2026@229.51 ; End:27-05-2026@229.53,,Rounding Top(63),421338269,Specialty Retailers
2026-05-27,AMBER,7516.0,Stage 1/3 (Neutral),51.32,7091.75,395563,33.43,0.74,False,297.31,78.0,2.39,True,Equilibrium,46.66,16.25,False,Decreasing,0.2877,False,True,False,24.05,7340.5,False,8842.5,5510.0,7549.5,7321.0,7176.25,7943.65,7446.36,7156.35,7313.45,8974.0,5400.5,314.0,204.0,Sideways,Moderate,70.28,Inverse Head and Shoulders,88,05-12-2025,13-03-2026,LS:05-12-2025@6562.5 ; H:23-01-2026@5565.5 ; RS:13-03-2026@6446.0,Cup and Handle(83) | Broadening Formation(68),Inverse Head and Shoulders(88) | Cup and Handle(83) | Broadening Formation(68),40554547,"Machinery, Equipment & Components"
2026-05-27,TECHNOE,1072.6,Stage 4 (Downtrend),44.64,1124.21,2769365,33.93,4.92,True,297.04,79.0,-9.35,False,Near Discount,36.46,35.15,False,Increasing,0.2072,False,False,False,21.06,1183.2,True,1780.65,893.4,1189.9,1059.2,1337.02,1244.6,1175.1,1114.68,1204.49,1654.0,870.0,126.0,14.0,Sideways,Moderate,68.98,Flag Pattern (Bear Flag),71,17-09-2025,31-10-2025,PoleS:17-09-2025@1440.0 ; PoleE:09-10-2025@1317.4 ; Consol:31-10-2025@1319.1,,Flag Pattern (Bear Flag)(71),38093475,Construction & Engineering
2026-05-27,POWERGRID,300.15,Stage 2 (Uptrend),53.16,286.02,9883025,54.98,0.98,False,296.64,80.0,2.79,True,Equilibrium,44.96,7.63,False,Decreasing,0.118,False,False,False,27.1,292.0,False,320.9,250.85,301.25,292.0,285.88,306.11,305.05,294.02,286.13,324.95,250.0,55.0,137.0,Downtrend,Strong,19.06,Rounding Top,79,02-04-2026,27-05-2026,Start:02-04-2026@289.95 ; Q1:16-04-2026@312.25 ; Mid:30-04-2026@318.35 ; Q3:14-05-2026@301.75 ; End:27-05-2026@300.15,,Rounding Top(79),716891165,Electrical Utilities & IPPs
2026-05-27,USHAMART,510.45,Stage 2 (Uptrend),72.17,436.34,5794545,25.04,4.89,True,295.78,81.0,4.82,True,Premium,72.39,1.46,True,Increasing,0.1067,False,True,True,18.68,487.0,False,510.45,289.25,518.0,485.0,399.85,470.03,442.61,430.32,431.25,518.0,302.3,83.0,15.0,Sideways,Moderate,36.25,Triple Bottom,93,23-01-2026,20-03-2026,P1:23-01-2026@408.85 ; P2:20-02-2026@402.4 ; P3:20-03-2026@400.85,Cup and Handle(90) | Double Bottom(89) | Flag Pattern (Bull Flag)(87),Triple Bottom(93) | Cup and Handle(90) | Double Bottom(89) | Flag Pattern (Bull Flag)(87),195907995,Metals & Mining
2026-05-27,HINDZINC,648.85,Stage 2 (Uptrend),63.37,578.66,4473837,39.62,0.71,False,290.28,82.0,-0.19,True,Near Premium,62.15,11.48,False,Decreasing,0.119,False,True,True,16.88,650.1,False,727.2,289.4,659.85,647.45,508.3,632.54,584.41,601.64,547.77,733.0,413.5,101.0,216.0,Sideways,Moderate,30.3,Cup and Handle,83,12-02-2026,21-05-2026,RimL:12-02-2026@623.7 ; Btm:23-03-2026@487.65 ; RimR:06-05-2026@634.6 ; Hdl:21-05-2026@628.05,Flag Pattern (Bull Flag)(80) | Rounding Bottom(75) | Broadening Formation(68),Cup and Handle(83) | Flag Pattern (Bull Flag)(80) | Rounding Bottom(75) | Broadening Formation(68),510456696,Metals & Mining
2026-05-27,ULTRACEMCO,11689.0,Stage 4 (Downtrend),48.86,11834.23,243628,56.22,0.74,False,284.78,83.0,0.42,False,Equilibrium,51.16,10.84,False,Decreasing,0.0734,False,True,True,15.81,11640.0,False,13052.0,10362.0,11750.0,11601.0,11707.0,11681.75,11488.32,11925.08,12001.73,13110.0,10325.0,360.0,204.0,Sideways,Moderate,20.82,Descending Triangle,68,13-02-2026,15-05-2026,H1:13-02-2026@12963.0 ; H2:24-04-2026@11998.0 ; L1:03-04-2026@10620.0 ; L2:15-05-2026@11487.0,,Descending Triangle(68),18960209,Construction Materials
2026-05-27,THERMAX,4590.6,Stage 2 (Uptrend),74.99,3354.79,616811,37.09,1.4,False,283.15,84.0,2.47,True,Premium,63.94,5.93,False,Increasing,0.1749,False,True,True,54.16,4480.0,False,4677.5,2773.8,4658.4,4423.5,3725.65,4388.74,3926.63,3472.18,3296.41,4880.0,2742.7,268.0,81.0,Uptrend,Strong,51.16,Broadening Formation,68,17-10-2025,08-05-2026,H1:24-10-2025@3276.5 ; H2:08-05-2026@4677.5 ; L1:17-10-2025@3145.2 ; L2:27-03-2026@3196.9,,Broadening Formation(68),15494727,"Machinery, Equipment & Components"
2026-05-27,GESHIP,1511.3,Stage 2 (Uptrend),60.25,1296.11,1842803,43.37,0.72,False,278.5,85.0,-8.41,True,Near Premium,45.48,15.95,False,Decreasing,0.1839,False,True,False,35.8,1650.0,False,1719.6,810.7,1650.0,1502.0,1265.15,1590.7,1487.37,1375.97,1214.32,1798.0,913.1,166.0,212.0,Uptrend,Strong,61.98,Rising Wedge,85,24-10-2025,10-04-2026,UL1:14-11-2025@1133.2 ; UL2:12-12-2025@1109.4 ; UL3:13-03-2026@1459.9 ; UL4:03-04-2026@1439.6 ; LL1:24-10-2025@1022.8 ; LL2:05-12-2025@1091.0 ; LL3:09-01-2026@1086.8 ; LL4:10-04-2026@1372.9,Ascending Channel(73),Rising Wedge(85) | Ascending Channel(73),138537235,Oil & Gas Related Equipment and Services
2026-05-27,ARE&M,905.95,Stage 1/3 (Neutral),55.9,861.37,3012348,24.07,2.34,True,272.9,86.0,2.25,True,Near Discount,66.02,14.36,False,Increasing,0.1495,False,True,True,22.5,886.0,False,1714.95,672.45,915.75,875.25,1193.7,857.5,803.16,823.2,899.04,1057.85,670.0,123.0,37.0,Sideways,Moderate,36.08,Rounding Bottom,75,22-01-2026,27-05-2026,Start:22-01-2026@854.65 ; Q1:23-02-2026@857.0 ; Mid:26-03-2026@725.05 ; Q3:27-04-2026@878.1 ; End:27-05-2026@905.95,Broadening Formation(72),Rounding Bottom(75) | Broadening Formation(72),181354557,"Machinery, Equipment & Components"
2026-05-27,BANKBARODA,270.95,Stage 4 (Downtrend),48.17,284.88,10007296,52.3,0.83,False,271.15,87.0,0.15,False,Equilibrium,54.12,16.76,False,Decreasing,0.0576,False,True,True,18.74,270.55,False,324.45,195.91,274.25,269.8,260.18,265.16,267.74,283.32,276.46,325.5,230.52,54.0,170.0,Sideways,Moderate,23.39,Diamond Bottom,72,26-09-2025,15-05-2026,H1:10-10-2025@266.95 ; H2:05-12-2025@292.6 ; H3:17-04-2026@280.44 ; L1:26-09-2025@248.45 ; L2:12-12-2025@284.45 ; L3:15-05-2026@261.4,Broadening Formation(68),Diamond Bottom(72) | Broadening Formation(68),736333951,Banking Services
2026-05-27,NAUKRI,1005.65,Stage 4 (Downtrend),39.61,1150.93,2690729,50.18,1.02,False,270.59,88.0,1.88,False,Near Discount,58.41,35.12,True,Decreasing,0.0995,False,True,True,19.9,987.05,False,1790.77,925.95,1014.3,979.25,1358.36,956.38,985.56,1067.76,1212.47,1550.0,908.3,129.0,125.0,Sideways,Moderate,31.04,Broadening Formation,71,31-10-2025,15-05-2026,H1:31-10-2025@1378.3 ; H2:17-04-2026@1054.55 ; L1:14-11-2025@1323.5 ; L2:15-05-2026@928.1,,Broadening Formation(71),-24333902,Software & IT Services
2026-05-27,NBCC,99.1,Stage 4 (Downtrend),51.93,100.03,27016586,31.5,1.78,False,267.73,89.0,3.72,False,Near Discount,61.94,24.18,False,Increasing,0.1012,False,True,True,16.12,95.55,False,195.71,77.52,99.86,95.55,136.62,94.54,90.26,93.23,102.26,130.7,77.18,23.0,52.0,Sideways,Moderate,36.09,Broadening Formation,72,28-11-2025,08-05-2026,H1:28-11-2025@116.69 ; H2:08-05-2026@100.64 ; L1:12-12-2025@109.57 ; L2:01-05-2026@91.65,,Broadening Formation(72),2832199761,Construction & Engineering
2026-05-27,JSWSTEEL,1309.3,Stage 2 (Uptrend),65.1,1196.75,2030720,40.97,1.09,False,265.88,90.0,1.1,True,Premium,64.25,1.41,True,Decreasing,0.0452,False,True,True,17.45,1295.0,False,1309.3,748.6,1328.0,1295.0,1028.95,1278.42,1227.66,1220.2,1174.4,1328.0,962.15,155.0,109.0,Sideways,Moderate,15.76,Cup and Handle,86,26-02-2026,12-05-2026,RimL:26-02-2026@1280.6 ; Btm:23-03-2026@1109.6 ; RimR:27-04-2026@1282.7 ; Hdl:12-05-2026@1252.3,Broadening Formation(71),Cup and Handle(86) | Broadening Formation(71),115739518,Metals & Mining
2026-05-27,TECHM,1455.6,Stage 4 (Downtrend),49.2,1494.46,1825192,57.38,0.82,False,265.67,91.0,-0.31,False,Equilibrium,53.77,21.49,False,Decreasing,0.1032,False,True,True,13.33,1460.1,False,1768.4,1123.95,1479.0,1451.1,1446.18,1435.8,1433.34,1482.0,1492.35,1854.0,1304.1,167.0,172.0,Sideways,Weak,32.6,Triple Bottom,90,06-03-2026,15-05-2026,P1:06-03-2026@1331.7 ; P2:24-04-2026@1358.5 ; P3:15-05-2026@1370.5,Cup and Handle(87),Triple Bottom(90) | Cup and Handle(87),128944647,Software & IT Services
2026-05-27,DATAPATTNS,4139.2,Stage 2 (Uptrend),68.7,3127.47,636187,23.92,0.59,False,263.33,92.0,0.61,True,Premium,59.69,3.81,False,Decreasing,0.155,False,True,True,23.68,4114.0,False,4250.1,1411.6,4212.0,4110.0,2830.85,4037.56,3659.56,3251.08,2980.95,4303.0,2131.0,265.0,279.0,Sideways,Moderate,42.6,No Clear Pattern,0,,,,,No Clear Pattern,150420803,Aerospace & Defense
2026-05-27,TATAPOWER,425.8,Stage 2 (Uptrend),58.81,391.47,6171033,46.25,0.98,False,262.76,93.0,1.19,True,Near Premium,54.96,8.41,False,Increasing,0.14,False,True,True,23.09,420.8,False,461.8,337.15,430.4,419.5,399.48,423.76,414.31,393.04,390.61,464.9,342.5,76.0,137.0,Sideways,Moderate,23.62,Long-term Rounding Bottom,75,30-05-2025,27-05-2026,Start:30-05-2025@392.8 ; Q1:29-08-2025@374.15 ; Mid:02-12-2025@388.45 ; Q3:02-03-2026@368.35 ; End:27-05-2026@425.8,Ascending Channel(73),Long-term Rounding Bottom(75) | Ascending Channel(73),1094122900,Electrical Utilities & IPPs
2026-05-27,MAXHEALTH,993.45,Stage 4 (Downtrend),44.57,1039.96,2621505,55.79,1.02,False,260.43,94.0,-0.16,False,Near Discount,42.4,24.41,False,Decreasing,0.1139,False,False,False,16.27,995.0,False,1301.4,931.6,1000.0,979.8,1116.5,1026.44,995.33,1013.09,1075.72,1314.3,903.0,131.0,125.0,Sideways,Moderate,30.32,Cup and Handle,87,05-03-2026,27-05-2026,RimL:05-03-2026@1058.2 ; Btm:06-04-2026@931.6 ; RimR:11-05-2026@1037.95 ; Hdl:27-05-2026@993.45,Falling Wedge(85) | Descending Channel(57),Cup and Handle(87) | Falling Wedge(85) | Descending Channel(57),-3003162,Healthcare Providers & Services
2026-05-27,BANDHANBNK,205.83,Stage 2 (Uptrend),65.65,164.59,12630859,44.15,0.94,False,259.98,95.0,2.65,True,Premium,66.6,3.21,False,Increasing,0.1194,False,True,True,24.9,200.51,False,208.88,130.31,208.26,200.51,169.6,199.18,177.38,169.93,163.87,212.66,134.25,43.0,148.0,Sideways,Moderate,46.06,Long-term Rounding Bottom,75,30-05-2025,27-05-2026,Start:30-05-2025@170.19 ; Q1:29-08-2025@161.8 ; Mid:02-12-2025@149.78 ; Q3:02-03-2026@177.66 ; End:27-05-2026@205.83,,Long-term Rounding Bottom(75),733705091,Banking Services
2026-05-27,SUNPHARMA,1844.3,Stage 2 (Uptrend),58.8,1745.68,1385752,41.09,0.49,False,255.57,96.0,-1.11,True,Near Premium,54.69,3.77,False,Decreasing,0.0581,False,True,False,26.81,1865.0,False,1905.8,1563.3,1882.0,1830.0,1734.55,1850.4,1769.76,1743.15,1717.82,1916.6,1548.0,188.0,334.0,Uptrend,Strong,19.31,Cup and Handle,83,11-03-2026,13-05-2026,RimL:11-03-2026@1825.9 ; Btm:24-04-2026@1620.4 ; RimR:11-05-2026@1872.7 ; Hdl:13-05-2026@1824.8,Double Bottom(82),Cup and Handle(83) | Double Bottom(82),128371833,Pharmaceuticals
2026-05-27,CDSL,1243.8,Stage 4 (Downtrend),43.2,1361.07,1997940,38.61,0.88,False,248.5,97.0,1.11,False,Near Discount,51.54,31.99,False,Increasing,0.1051,False,False,True,23.11,1230.2,False,1964.05,1119.4,1249.8,1229.9,1541.72,1226.97,1244.83,1281.89,1415.11,1828.9,1116.3,157.0,158.0,Sideways,Moderate,27.21,Double Bottom,86,27-03-2026,15-05-2026,P1:27-03-2026@1171.3 ; P2:15-05-2026@1186.7,Broadening Formation(68) | Rounding Top(59) | Descending Channel(57),Double Bottom(86) | Broadening Formation(68) | Rounding Top(59) | Descending Channel(57),262238758,Investment Banking & Investment Services
2026-05-27,GMDCLTD,699.1,Stage 2 (Uptrend),59.93,590.08,3551221,26.29,1.18,False,248.27,98.0,0.19,True,Near Premium,59.99,9.43,False,Increasing,0.1926,False,True,True,20.73,697.75,False,746.75,238.38,708.2,695.55,492.56,678.0,646.5,604.57,572.86,771.9,354.2,117.0,96.0,Sideways,Moderate,37.13,Long-term Cup and Handle,83,09-10-2025,19-03-2026,RimL:09-10-2025@630.3 ; Btm:24-11-2025@469.6 ; RimR:09-02-2026@623.3 ; Hdl:19-03-2026@534.15,Double Bottom(82) | Broadening Formation(68),Long-term Cup and Handle(83) | Double Bottom(82) | Broadening Formation(68),838574045,Coal
2026-05-27,PAYTM,1128.2,Stage 4 (Downtrend),49.37,1183.9,2189509,44.28,0.82,False,247.02,99.0,-1.04,False,Near Premium,50.34,18.35,False,Increasing,0.1144,False,True,False,17.51,1140.0,False,1367.8,317.15,1157.8,1124.0,842.47,1132.22,1101.1,1128.53,1197.02,1381.8,857.15,146.0,172.0,Sideways,Moderate,43.32,Cup and Handle,79,18-02-2026,25-05-2026,RimL:18-02-2026@1199.6 ; Btm:30-03-2026@959.0 ; RimR:21-04-2026@1166.8 ; Hdl:25-05-2026@1097.4,Double Top(78) | Diamond Top(72) | Rounding Bottom(71),Cup and Handle(79) | Double Top(78) | Diamond Top(72) | Rounding Bottom(71),251968094,Professional & Commercial Services
2026-05-27,IIFL,478.35,Stage 4 (Downtrend),48.65,516.4,5135456,46.24,0.92,False,245.65,100.0,1.35,False,Equilibrium,58.09,29.13,False,Increasing,0.0787,False,True,True,13.09,472.0,False,665.15,283.6,481.0,468.5,474.38,461.79,454.43,493.2,503.47,675.0,409.1,91.0,151.0,Sideways,Weak,33.93,Pennant Pattern,73,17-09-2025,31-10-2025,PoleS:17-09-2025@443.3 ; PoleE:09-10-2025@495.15 ; Consol:31-10-2025@534.6,Long-term Rounding Top(59),Pennant Pattern(73) | Long-term Rounding Top(59),286119353,Banking Services
2026-05-27,APOLLOHOSP,8272.5,Stage 2 (Uptrend),64.12,7488.82,293786,49.41,0.64,False,243.03,101.0,0.36,True,Premium,64.77,2.02,False,Decreasing,0.1132,False,True,True,24.71,8243.0,False,8404.0,5110.95,8305.0,8170.0,6757.48,8025.92,7721.32,7546.54,7539.12,8443.0,6696.5,346.0,243.0,Sideways,Moderate,19.03,Cup and Handle,83,27-02-2026,07-05-2026,RimL:27-02-2026@7821.5 ; Btm:23-03-2026@7145.0 ; RimR:27-04-2026@7825.0 ; Hdl:07-05-2026@7837.0,Symmetrical Triangle(74),Cup and Handle(83) | Symmetrical Triangle(74),17622014,Healthcare Providers & Services
2025-09-22,PEL,1124.2,Stage 2 (Uptrend),51.15,1090.72,2148582,53.16,4.04,True,241.54,102.0,-0.43,True,Near Premium,48.35,17.05,False,Increasing,0.1359,False,False,True,22.51,1129.0,False,1339.3,754.2,1189.0,1108.5,1046.75,1111.42,1182.87,1148.36,1084.25,1355.3,848.25,147.0,18.0,Sideways,Moderate,35.4,Inverse Head and Shoulders,92,24-01-2025,04-04-2025,LS:24-01-2025@990.45 ; H:28-02-2025@872.4 ; RS:04-04-2025@961.5,Flag Pattern (Bull Flag)(84) | Rounding Top(83) | Diamond Bottom(80) | Ascending Channel(77) | Broadening Formation(72),Inverse Head and Shoulders(92) | Flag Pattern (Bull Flag)(84) | Rounding Top(83) | Diamond Bottom(80) | Ascending Channel(77) | Broadening Formation(72),46607045,Banking Services
2026-05-27,COFORGE,1388.4,Stage 4 (Downtrend),49.46,1479.86,1709429,50.73,0.36,False,237.34,103.0,-2.57,False,Near Discount,59.58,30.37,False,Decreasing,0.2533,False,True,True,20.4,1425.0,False,1991.47,1073.9,1433.4,1382.2,1532.69,1316.55,1247.71,1341.58,1549.07,1994.0,1008.1,172.0,406.0,Sideways,Moderate,53.02,Broadening Formation,68,19-09-2025,24-04-2026,H1:19-09-2025@1795.3 ; H2:17-04-2026@1316.8 ; L1:07-11-2025@1740.2 ; L2:24-04-2026@1150.9,,Broadening Formation(68),70914214,Software & IT Services
2026-05-27,JWL,298.5,Stage 1/3 (Neutral),51.71,288.83,7848309,15.72,2.68,True,234.27,104.0,3.36,False,Near Discount,60.37,28.75,False,Increasing,0.1449,False,True,True,17.21,288.8,False,730.0,238.1,308.5,286.95,484.05,285.41,274.9,284.6,300.14,418.95,235.65,65.0,30.0,Sideways,Moderate,41.31,Cup and Handle,91,12-02-2026,18-05-2026,RimL:12-02-2026@299.7 ; Btm:30-03-2026@238.1 ; RimR:06-05-2026@298.25 ; Hdl:18-05-2026@270.45,Symmetrical Triangle(78),Cup and Handle(91) | Symmetrical Triangle(78),818625338,"Machinery, Equipment & Components"
2026-05-27,HEROMOTOCO,5075.0,Stage 4 (Downtrend),45.89,5495.38,460843,49.49,0.71,False,233.88,105.0,1.64,False,Equilibrium,49.41,20.56,False,Increasing,0.0871,False,False,False,14.42,4993.0,False,6350.5,3493.1,5102.0,4980.0,4921.8,5078.05,5132.67,5361.18,5469.73,6388.5,4158.1,303.0,216.0,Sideways,Weak,22.75,Double Bottom,78,03-04-2026,24-04-2026,P1:03-04-2026@5011.5 ; P2:24-04-2026@4961.5,Diamond Top(72) | Descending Channel(69),Double Bottom(78) | Diamond Top(72) | Descending Channel(69),49678644,Automobiles & Auto Parts
2026-05-27,LODHA,923.65,Stage 4 (Downtrend),47.84,980.48,2513863,47.69,1.16,False,232.19,106.0,1.5,False,Near Discount,58.94,39.67,False,Increasing,0.14,False,True,True,18.45,910.0,False,1594.8,677.0,935.0,903.8,1135.9,902.38,835.53,915.49,1039.36,1531.0,650.8,139.0,99.0,Sideways,Moderate,39.91,Descending Channel,57,19-09-2025,15-05-2026,UL1:19-09-2025@1216.1 ; UL2:07-11-2025@1226.6 ; UL3:13-02-2026@1073.6 ; UL4:08-05-2026@962.1 ; LL1:03-10-2025@1113.0 ; LL2:23-01-2026@900.3 ; LL3:03-04-2026@696.05 ; LL4:15-05-2026@849.95,,Descending Channel(57),203984313,Real Estate Operations
2026-05-27,FINCABLES,1177.25,Stage 2 (Uptrend),68.11,853.8,1972063,45.24,2.69,True,232.16,107.0,7.5,True,Premium,71.92,0.64,True,Increasing,0.1734,False,True,True,38.15,1095.15,False,1177.25,710.8,1184.8,1090.5,944.02,1063.07,949.02,879.45,837.59,1184.8,700.8,159.0,29.0,Uptrend,Strong,49.09,Long-term Rounding Bottom,82,30-05-2025,27-05-2026,Start:30-05-2025@973.8 ; Q1:29-08-2025@820.25 ; Mid:02-12-2025@744.85 ; Q3:02-03-2026@946.45 ; End:27-05-2026@1177.25,Broadening Formation(75),Long-term Rounding Bottom(82) | Broadening Formation(75),75327917,"Machinery, Equipment & Components"
2026-05-27,HONASA,419.95,Stage 2 (Uptrend),76.76,305.81,5506712,41.57,1.16,False,231.25,108.0,6.59,True,Premium,85.31,0.66,False,Decreasing,0.2334,False,True,True,39.38,394.0,False,419.95,200.89,422.75,393.2,310.42,359.45,336.35,311.86,298.69,422.75,248.4,87.0,99.0,Uptrend,Strong,34.55,No Clear Pattern,0,,,,,No Clear Pattern,331324100,Specialty Retailers
2026-05-27,ZYDUSLIFE,1085.8,Stage 2 (Uptrend),70.44,924.5,2116567,73.27,0.95,False,229.82,109.0,0.67,True,Premium,76.32,0.72,False,Decreasing,0.2554,False,True,True,45.93,1078.6,False,1085.8,822.1,1088.9,1074.25,953.95,980.59,934.14,917.16,943.29,1093.65,835.5,149.0,145.0,Uptrend,Strong,30.79,Triple Bottom,86,16-01-2026,01-05-2026,P1:16-01-2026@868.1 ; P2:03-04-2026@864.25 ; P3:01-05-2026@891.9,,Triple Bottom(86),101535269,Pharmaceuticals
2026-05-27,ASIANPAINT,2671.9,Stage 2 (Uptrend),60.24,2564.31,858457,49.9,0.8,False,229.37,110.0,1.02,True,Equilibrium,68.08,10.51,False,Decreasing,0.118,False,True,True,28.68,2644.8,False,2968.5,2121.3,2689.6,2642.0,2544.9,2568.11,2421.29,2445.81,2535.85,2985.7,2115.0,240.0,179.0,Uptrend,Strong,25.3,Cup and Handle,83,17-02-2026,12-05-2026,RimL:17-02-2026@2437.4 ; Btm:23-03-2026@2121.3 ; RimR:22-04-2026@2562.9 ; Hdl:12-05-2026@2505.5,Long-term Rounding Top(79),Cup and Handle(83) | Long-term Rounding Top(79),31704308,Chemicals
2026-05-27,ANGELONE,336.95,Stage 4 (Downtrend),24.11,1511.41,6777475,36.48,0.83,False,228.37,111.0,-2.33,False,Near Discount,51.16,89.74,False,Decreasing,0.1885,False,True,True,25.13,345.0,False,3875.7,213.07,350.25,335.05,2044.38,319.69,291.19,1078.98,1773.67,3285.0,208.63,71.0,170.0,Uptrend,Strong,43.82,No Clear Pattern,0,,,,,No Clear Pattern,291466414,Investment Banking & Investment Services
2026-05-27,TATACOMM,1966.6,Stage 1/3 (Neutral),69.42,1666.7,1155522,39.28,1.33,False,227.24,112.0,-2.11,True,Premium,74.09,4.06,False,Decreasing,0.3744,False,True,True,33.75,2009.0,False,2009.1,1347.9,2048.0,1924.5,1678.5,1696.76,1561.82,1580.15,1669.72,2049.9,1322.5,216.0,86.0,Uptrend,Strong,47.13,No Clear Pattern,0,,,,,No Clear Pattern,51449133,Telecommunications Services
2026-05-27,VBL,534.5,Stage 2 (Uptrend),64.68,467.76,4232992,58.8,0.76,False,226.25,113.0,0.34,True,Premium,67.93,1.74,False,Decreasing,0.1017,False,True,True,29.22,532.7,False,539.45,382.2,540.0,530.4,460.83,512.9,466.11,462.16,467.67,543.95,381.0,106.0,197.0,Uptrend,Strong,24.53,Rounding Bottom,75,24-12-2025,27-05-2026,Start:24-12-2025@477.65 ; Q1:02-02-2026@466.3 ; Mid:12-03-2026@411.05 ; Q3:20-04-2026@466.55 ; End:27-05-2026@534.5,,Rounding Bottom(75),-36863123,Beverages
2026-05-27,HINDCOPPER,555.35,Stage 2 (Uptrend),58.18,500.96,4061276,34.35,0.55,False,225.54,114.0,-0.47,True,Near Premium,50.16,26.93,False,Decreasing,0.1391,False,True,False,14.72,558.0,False,760.05,188.0,564.0,554.3,474.02,559.83,533.33,550.45,442.94,760.05,226.7,109.0,296.0,Sideways,Weak,40.41,Double Top,86,17-04-2026,15-05-2026,P1:17-04-2026@569.6 ; P2:15-05-2026@570.25,Flag Pattern (Bull Flag)(80) | Rounding Bottom(75),Double Top(86) | Flag Pattern (Bull Flag)(80) | Rounding Bottom(75),2416790183,Metals & Mining
2026-05-27,NMDC,92.28,Stage 2 (Uptrend),63.21,81.68,24144878,35.04,1.24,False,222.81,115.0,1.13,True,Premium,61.32,2.09,False,Increasing,0.0734,False,True,True,15.44,91.25,False,93.21,60.0,92.78,91.13,76.6,89.64,85.78,83.35,79.57,94.25,66.8,27.0,93.0,Sideways,Moderate,28.44,Broadening Formation,68,14-11-2025,27-03-2026,H1:14-11-2025@76.55 ; H2:27-02-2026@81.74 ; L1:19-12-2025@76.3 ; L2:27-03-2026@77.2,,Broadening Formation(68),2129172244,Metals & Mining
2026-05-27,JIOFIN,242.89,Stage 4 (Downtrend),41.43,265.4,9140875,47.26,0.63,False,222.02,116.0,0.78,False,Near Discount,53.58,28.27,False,Decreasing,0.1217,False,True,True,17.81,241.0,False,387.95,200.92,243.86,240.71,294.44,240.8,239.25,249.31,278.1,338.6,223.3,58.0,249.0,Sideways,Moderate,25.63,Double Bottom,86,03-04-2026,15-05-2026,P1:03-04-2026@229.48 ; P2:15-05-2026@233.06,Diamond Top(60) | Rounding Top(59),Double Bottom(86) | Diamond Top(60) | Rounding Top(59),2055717220,Banking Services
2026-05-27,HAL,4413.0,Stage 1/3 (Neutral),52.57,4286.91,502395,45.32,0.35,False,221.71,117.0,-0.38,True,Equilibrium,51.54,14.26,False,Decreasing,0.1401,False,True,False,20.88,4430.0,False,5621.95,3487.2,4474.0,4404.2,4554.58,4498.88,4186.29,4191.96,4390.15,5147.0,3479.1,294.0,412.0,Sideways,Moderate,32.31,Rounding Bottom,71,24-12-2025,27-05-2026,Start:24-12-2025@4421.3 ; Q1:02-02-2026@4338.7 ; Mid:12-03-2026@4013.5 ; Q3:20-04-2026@4344.5 ; End:27-05-2026@4413.0,Broadening Formation(68),Rounding Bottom(71) | Broadening Formation(68),191476142,Aerospace & Defense
2026-05-27,HYUNDAI,1913.6,Stage 4 (Downtrend),44.2,2104.09,1149660,55.23,0.92,False,220.0,118.0,1.19,False,Near Discount,61.09,33.79,False,Decreasing,0.079,False,True,True,13.74,1891.1,False,2809.3,1580.15,1928.2,1881.6,2194.73,1842.96,1825.42,2005.57,2209.46,2890.0,1658.0,220.0,151.0,Sideways,Weak,22.47,Flag Pattern (Bear Flag),64,17-09-2025,31-10-2025,PoleS:17-09-2025@2650.9 ; PoleE:09-10-2025@2408.8 ; Consol:31-10-2025@2438.7,,Flag Pattern (Bear Flag)(64),70432699,Automobiles & Auto Parts
2026-05-11,GSPL,268.35,Stage 4 (Downtrend),43.94,288.88,8024578,68.59,2.92,True,215.34,119.0,-6.68,False,Near Discount,45.2,25.58,False,Increasing,0.2276,False,True,False,38.82,287.55,False,460.4,229.65,290.0,257.15,345.02,277.45,263.82,284.09,294.46,360.6,226.35,63.0,27.0,Downtrend,Strong,45.2,Flag Pattern (Bull Flag),88,01-09-2025,13-10-2025,PoleS:01-09-2025@293.55 ; PoleE:22-09-2025@313.0 ; Consol:13-10-2025@318.25,,Flag Pattern (Bull Flag)(88),247943615,Natural Gas Utilities
2026-05-27,INDUSTOWER,436.25,Stage 2 (Uptrend),55.19,426.96,4909748,65.64,0.68,False,214.19,120.0,0.55,True,Near Premium,60.67,9.4,False,Decreasing,0.1268,False,True,True,24.24,433.85,False,477.75,180.65,439.8,432.5,329.2,418.86,420.53,432.49,405.0,481.5,312.55,94.0,225.0,Sideways,Moderate,22.81,Head and Shoulders,92,02-01-2026,10-04-2026,LS:02-01-2026@442.05 ; H:20-02-2026@474.35 ; RS:10-04-2026@437.85,Diamond Bottom(76) | Rounding Bottom(75) | Broadening Formation(68),Head and Shoulders(92) | Diamond Bottom(76) | Rounding Bottom(75) | Broadening Formation(68),339897068,Telecommunications Services
2026-05-27,POLYCAB,9664.0,Stage 2 (Uptrend),70.1,7793.43,219320,39.41,0.47,False,211.95,121.0,0.53,True,Premium,80.26,0.33,False,Decreasing,0.2005,False,True,True,41.99,9613.5,False,9664.0,4679.55,9696.0,9561.0,7171.78,8969.7,8083.37,7848.32,7638.72,9696.0,5760.0,374.0,339.0,Uptrend,Strong,30.39,Cup and Handle,83,27-02-2026,05-05-2026,RimL:27-02-2026@8610.5 ; Btm:23-03-2026@6795.0 ; RimR:28-04-2026@8254.0 ; Hdl:05-05-2026@8337.0,Broadening Formation(68),Cup and Handle(83) | Broadening Formation(68),30746032,"Machinery, Equipment & Components"
2026-05-27,HBLENGINE,817.5,Stage 1/3 (Neutral),55.08,795.0,2586420,32.41,1.41,False,211.44,122.0,1.18,True,Near Premium,58.83,27.14,False,Increasing,0.1542,False,True,True,15.73,808.0,False,1098.8,406.4,826.75,796.55,752.6,794.95,749.93,744.7,812.05,1122.0,551.6,133.0,80.0,Sideways,Moderate,43.63,Cup and Handle,83,04-02-2026,18-05-2026,RimL:04-02-2026@798.9 ; Btm:30-03-2026@614.8 ; RimR:22-04-2026@816.4 ; Hdl:18-05-2026@745.8,,Cup and Handle(83),294417613,"Machinery, Equipment & Components"
2026-05-27,EICHERMOT,7419.0,Stage 2 (Uptrend),55.3,7215.72,283327,46.68,0.58,False,210.2,123.0,0.6,True,Near Premium,61.96,9.85,False,Decreasing,0.1056,False,True,True,17.37,7375.0,False,8190.0,3509.05,7429.0,7315.0,5849.52,7143.25,7040.35,7243.84,7059.3,8230.0,5219.5,351.0,285.0,Sideways,Moderate,28.58,Head and Shoulders,92,09-01-2026,10-04-2026,LS:09-01-2026@7507.0 ; H:13-02-2026@8065.0 ; RS:10-04-2026@7424.0,Cup and Handle(83),Head and Shoulders(92) | Cup and Handle(83),34904272,Automobiles & Auto Parts
2026-05-27,RPOWER,27.65,Stage 4 (Downtrend),43.6,30.09,75780779,28.21,1.93,False,209.53,124.0,3.75,False,Near Discount,52.74,63.85,False,Increasing,0.1173,False,True,False,20.63,26.65,False,71.27,20.36,28.21,26.61,45.82,27.76,26.2,26.68,34.41,76.49,20.17,11.0,50.0,Sideways,Moderate,27.2,Rounding Bottom,83,22-01-2026,27-05-2026,Start:22-01-2026@29.97 ; Q1:23-02-2026@25.9 ; Mid:26-03-2026@22.67 ; Q3:27-04-2026@29.42 ; End:27-05-2026@27.65,Broadening Formation(72),Rounding Bottom(83) | Broadening Formation(72),9431965488,Electrical Utilities & IPPs
2026-05-27,TIINDIA,3210.5,Stage 1/3 (Neutral),64.13,2693.47,647171,38.07,1.77,False,207.77,125.0,5.26,True,Near Discount,69.93,6.12,True,Increasing,0.1217,False,True,True,20.95,3050.0,False,4716.6,2189.3,3224.9,3050.0,3452.95,2962.1,2818.72,2649.53,2811.25,3419.9,2164.9,262.0,54.0,Sideways,Moderate,35.01,Broadening Formation,75,26-09-2025,15-05-2026,H1:24-10-2025@3159.2 ; H2:08-05-2026@3049.8 ; L1:26-09-2025@3129.1 ; L2:15-05-2026@2850.3,,Broadening Formation(75),14900952,Automobiles & Auto Parts
2026-05-27,NLCINDIA,349.9,Stage 2 (Uptrend),74.09,273.06,5932444,34.53,0.64,False,207.58,126.0,1.13,True,Near Premium,60.86,9.77,False,Decreasing,0.2001,False,True,True,43.56,346.0,False,370.9,194.28,355.5,345.1,282.59,336.4,303.4,279.91,266.67,387.8,220.71,80.0,243.0,Uptrend,Strong,63.19,Broadening Formation,68,03-10-2025,15-05-2026,H1:03-10-2025@283.25 ; H2:15-05-2026@352.8 ; L1:19-12-2025@239.01 ; L2:10-04-2026@267.2,,Broadening Formation(68),726946743,Electrical Utilities & IPPs
2026-05-27,SAREGAMA,417.3,Stage 1/3 (Neutral),61.92,357.58,4766077,11.22,0.55,False,198.89,127.0,4.72,True,Near Discount,67.49,30.8,False,Decreasing,0.3131,False,True,True,41.37,398.5,False,674.55,311.1,426.8,396.2,492.82,373.42,350.0,344.5,387.79,603.0,307.05,95.0,296.0,Uptrend,Strong,70.78,Cup and Handle,79,16-03-2026,12-05-2026,RimL:16-03-2026@357.4 ; Btm:07-04-2026@311.1 ; RimR:27-04-2026@359.7 ; Hdl:12-05-2026@332.8,Flag Pattern (Bear Flag)(76) | Symmetrical Triangle(74),Cup and Handle(79) | Flag Pattern (Bear Flag)(76) | Symmetrical Triangle(74),275580020,Media & Publishing
2026-05-27,AMBUJACEM,459.75,Stage 4 (Downtrend),44.41,495.2,4281809,47.66,1.04,False,196.86,128.0,2.17,False,Near Discount,60.54,26.43,True,Increasing,0.0734,False,True,True,13.07,450.0,False,695.0,395.35,462.0,449.7,545.17,440.21,436.74,473.86,518.05,624.95,394.0,104.0,120.0,Sideways,Weak,27.73,Cup and Handle,90,05-03-2026,12-05-2026,RimL:05-03-2026@480.0 ; Btm:23-03-2026@395.35 ; RimR:22-04-2026@460.9 ; Hdl:12-05-2026@426.95,Rounding Top(62),Cup and Handle(90) | Rounding Top(62),150509067,Construction Materials
2026-05-27,TITAN,4137.9,Stage 2 (Uptrend),50.45,4119.49,474044,54.89,0.32,False,196.15,129.0,0.97,True,Near Premium,44.42,10.14,False,Decreasing,0.1262,False,False,False,9.18,4098.3,False,4525.9,2986.95,4165.1,4091.1,3756.42,4214.15,4246.35,4207.42,3965.15,4605.0,3303.1,299.0,432.0,Sideways,Weak,34.31,Double Bottom,82,30-01-2026,27-03-2026,P1:30-01-2026@3977.4 ; P2:27-03-2026@3981.5,,Double Bottom(82),22400518,Textiles & Apparel
2026-05-27,SOLARINDS,18653.0,Stage 2 (Uptrend),73.92,13967.37,105005,53.71,0.55,False,195.87,130.0,1.24,True,Premium,78.25,0.78,False,Decreasing,0.29,False,True,True,53.56,18424.0,False,18653.0,5585.75,18799.0,18424.0,12119.38,16895.3,15092.32,14299.03,13961.62,18799.0,11646.0,438.0,296.0,Uptrend,Strong,31.66,Double Bottom,82,23-01-2026,27-03-2026,P1:23-01-2026@12658.0 ; P2:27-03-2026@12418.0,Broadening Formation(68),Double Bottom(82) | Broadening Formation(68),16539733,Chemicals
2026-05-27,TATACONSUM,1204.6,Stage 2 (Uptrend),58.69,1147.91,1608027,60.78,0.59,False,193.7,131.0,1.23,True,Near Premium,57.08,6.09,False,Decreasing,0.1237,False,True,True,27.57,1190.0,False,1271.0,889.45,1208.0,1184.7,1080.22,1196.06,1130.29,1137.31,1138.89,1282.7,1007.2,176.0,279.0,Uptrend,Strong,33.39,Rounding Bottom,75,24-12-2025,27-05-2026,Start:24-12-2025@1179.2 ; Q1:02-02-2026@1125.4 ; Mid:12-03-2026@1057.8 ; Q3:20-04-2026@1120.4 ; End:27-05-2026@1204.6,Broadening Formation(68),Rounding Bottom(75) | Broadening Formation(68),108518965,Food & Tobacco
2026-05-27,YESBANK,22.76,Stage 1/3 (Neutral),59.78,21.18,83642012,44.29,0.65,False,190.37,132.0,-0.26,True,Near Premium,67.27,6.34,False,Decreasing,0.172,False,True,True,31.24,22.82,False,24.03,16.11,22.97,22.72,20.07,21.81,20.05,20.54,21.1,24.3,17.2,9.0,239.0,Uptrend,Strong,35.75,Cup and Handle,83,18-02-2026,21-05-2026,RimL:18-02-2026@21.24 ; Btm:30-03-2026@17.25 ; RimR:06-05-2026@22.13 ; Hdl:21-05-2026@21.57,Flag Pattern (Bull Flag)(80) | Rounding Bottom(75) | Broadening Formation(68),Cup and Handle(83) | Flag Pattern (Bull Flag)(80) | Rounding Bottom(75) | Broadening Formation(68),16443116439,Banking Services
2026-05-27,PGEL,476.05,Stage 4 (Downtrend),40.49,550.46,3911358,38.1,1.54,False,186.2,133.0,1.95,False,Near Discount,40.26,43.09,False,Increasing,0.2423,False,False,False,27.19,466.95,False,3999.9,440.65,481.35,465.6,2220.28,497.8,505.19,541.54,551.64,836.45,436.55,110.0,70.0,Downtrend,Strong,31.84,Broadening Formation,72,07-11-2025,17-04-2026,H1:21-11-2025@591.4 ; H2:17-04-2026@561.4 ; L1:07-11-2025@528.3 ; L2:03-04-2026@454.45,Rounding Top(63),Broadening Formation(72) | Rounding Top(63),107682486,Electronic Equipment & Parts
2026-05-27,TATATECH,719.75,Stage 1/3 (Neutral),67.39,623.16,2564736,46.55,0.86,False,184.6,134.0,1.23,True,Near Discount,79.27,9.69,False,Increasing,0.2308,False,True,True,47.08,711.0,False,1313.0,509.2,725.65,707.1,911.1,639.66,588.34,600.29,639.84,797.0,507.4,136.0,162.0,Uptrend,Strong,33.04,Cup and Handle,79,12-02-2026,12-05-2026,RimL:12-02-2026@614.75 ; Btm:30-03-2026@509.2 ; RimR:06-05-2026@627.7 ; Hdl:12-05-2026@615.9,Rounding Bottom(71) | Broadening Formation(68),Cup and Handle(79) | Rounding Bottom(71) | Broadening Formation(68),92147148,Integrated Hardware & Software
2026-05-27,BPCL,307.15,Stage 4 (Downtrend),45.46,339.15,5948761,51.63,0.53,False,182.72,135.0,0.54,False,Equilibrium,55.38,21.58,False,Decreasing,0.1121,False,True,True,11.68,305.5,False,388.3,237.3,308.45,302.15,312.8,297.87,295.88,327.89,336.84,391.65,266.6,79.0,314.0,Sideways,Weak,36.83,Broadening Formation,68,28-11-2025,15-05-2026,H1:02-01-2026@381.45 ; H2:17-04-2026@312.1 ; L1:28-11-2025@359.1 ; L2:15-05-2026@284.45,Long-term Rounding Top(59) | Rounding Top(59),Broadening Formation(68) | Long-term Rounding Top(59) | Rounding Top(59),892717679,Oil & Gas
2026-05-27,TRENT,4248.6,Stage 1/3 (Neutral),52.2,4049.64,429915,36.28,0.64,False,182.65,136.0,0.21,False,Near Discount,57.56,32.14,False,Decreasing,0.0812,False,True,True,17.64,4239.6,False,8234.95,3295.8,4287.3,4220.5,5765.38,4170.8,3967.3,3934.18,4309.9,6261.0,3275.5,307.0,243.0,Sideways,Moderate,25.83,Cup and Handle,87,12-02-2026,18-05-2026,RimL:12-02-2026@4285.6 ; Btm:30-03-2026@3295.8 ; RimR:22-04-2026@4434.5 ; Hdl:18-05-2026@4032.3,Rounding Bottom(79) | Flag Pattern (Bear Flag)(64),Cup and Handle(87) | Rounding Bottom(79) | Flag Pattern (Bear Flag)(64),50818517,Diversified Retail
2026-05-27,LAURUSLABS,1381.7,Stage 2 (Uptrend),77.81,1075.23,1311180,46.4,0.52,False,181.17,137.0,0.86,True,Premium,81.88,0.7,False,Decreasing,0.2798,False,True,True,48.89,1369.9,False,1381.7,368.05,1391.5,1365.1,874.88,1271.95,1146.62,1084.45,1018.24,1391.5,606.2,193.0,318.0,Uptrend,Strong,24.21,Broadening Formation,68,28-11-2025,01-05-2026,H1:28-11-2025@1031.35 ; H2:17-04-2026@1135.75 ; L1:12-12-2025@1012.3 ; L2:01-05-2026@1100.95,,Broadening Formation(68),297557910,Pharmaceuticals
2026-05-27,BANKINDIA,147.0,Stage 1/3 (Neutral),51.42,149.9,12172304,50.79,1.02,False,178.93,138.0,1.04,True,Near Premium,57.19,17.58,True,Increasing,0.0734,False,True,True,13.43,145.49,False,177.2,90.35,147.49,145.08,133.77,141.17,143.72,152.7,142.27,178.36,108.81,44.0,125.0,Sideways,Weak,29.33,Double Bottom,85,03-04-2026,08-05-2026,P1:03-04-2026@139.16 ; P2:08-05-2026@139.77,,Double Bottom(85),1472145415,Banking Services
2026-05-27,KEI,5446.2,Stage 2 (Uptrend),68.09,4480.51,328358,43.5,0.61,False,178.83,139.0,2.37,True,Premium,73.04,0.16,True,Decreasing,0.1122,False,True,True,19.25,5320.0,False,5446.2,2509.75,5455.0,5306.4,3977.98,5113.48,4708.32,4579.1,4352.81,5455.0,3500.0,331.0,265.0,Sideways,Moderate,29.02,Inverse Head and Shoulders,91,12-12-2025,03-04-2026,LS:12-12-2025@4067.1 ; H:23-01-2026@3807.2 ; RS:03-04-2026@4048.1,Cup and Handle(86) | Broadening Formation(71),Inverse Head and Shoulders(91) | Cup and Handle(86) | Broadening Formation(71),20146005,"Machinery, Equipment & Components"
2026-05-27,BDL,1282.2,Stage 4 (Downtrend),44.89,1384.26,1387167,37.64,1.3,False,177.86,140.0,-3.59,False,Near Discount,39.32,38.84,False,Increasing,0.1433,False,False,False,17.97,1329.9,False,2015.5,1096.6,1341.7,1275.2,1556.05,1353.49,1309.91,1335.75,1419.94,2096.6,1086.0,187.0,87.0,Sideways,Moderate,33.15,Rounding Bottom,79,22-01-2026,27-05-2026,Start:22-01-2026@1451.2 ; Q1:23-02-2026@1275.6 ; Mid:26-03-2026@1182.2 ; Q3:27-04-2026@1391.3 ; End:27-05-2026@1282.2,Broadening Formation(68) | Flag Pattern (Bear Flag)(64),Rounding Bottom(79) | Broadening Formation(68) | Flag Pattern (Bear Flag)(64),273850746,Aerospace & Defense
2026-05-27,TRITURBINE,719.15,Stage 2 (Uptrend),79.65,527.77,2436940,27.41,0.61,False,175.25,141.0,4.15,True,Premium,77.1,2.55,False,Decreasing,0.3678,False,True,True,47.97,690.5,False,719.15,435.25,724.55,690.5,577.2,615.1,539.9,513.68,521.95,738.0,428.35,141.0,265.0,Uptrend,Strong,49.89,Cup and Handle,83,03-02-2026,05-05-2026,RimL:03-02-2026@549.4 ; Btm:23-03-2026@435.25 ; RimR:27-04-2026@580.0 ; Hdl:05-05-2026@556.45,Broadening Formation(68),Cup and Handle(83) | Broadening Formation(68),411844178,"Machinery, Equipment & Components"
2026-05-27,COCHINSHIP,1523.9,Stage 4 (Downtrend),47.54,1558.09,1127361,22.0,0.66,False,171.8,142.0,-0.2,False,Near Discount,42.88,40.12,False,Decreasing,0.2551,False,True,False,25.65,1527.0,False,2863.6,1193.1,1553.1,1512.1,2028.35,1631.06,1511.87,1503.8,1610.1,2545.0,1187.0,221.0,235.0,Uptrend,Strong,41.69,Rounding Bottom,79,24-12-2025,27-05-2026,Start:24-12-2025@1649.3 ; Q1:02-02-2026@1512.0 ; Mid:12-03-2026@1444.3 ; Q3:20-04-2026@1544.9 ; End:27-05-2026@1523.9,Broadening Formation(68),Rounding Bottom(79) | Broadening Formation(68),561605750,"Machinery, Equipment & Components"
2026-05-27,TEJASNET,494.25,Stage 1/3 (Neutral),54.55,433.08,3463373,23.4,0.41,False,171.18,143.0,-2.13,True,Near Discount,61.39,34.1,False,Decreasing,0.2672,False,True,True,22.8,505.0,False,1452.25,296.15,507.25,491.5,874.2,462.99,437.67,406.59,472.7,749.95,294.0,118.0,368.0,Sideways,Moderate,76.92,Double Bottom,78,27-03-2026,24-04-2026,P1:27-03-2026@410.5 ; P2:24-04-2026@411.0,Rising Wedge(77),Double Bottom(78) | Rising Wedge(77),776422594,Communications & Networking
2026-05-27,CONCOR,472.3,Stage 4 (Downtrend),41.99,498.08,3621683,43.36,2.05,True,171.05,144.0,-1.71,False,Near Discount,34.08,42.05,False,Increasing,0.1196,False,False,False,27.47,480.5,False,1174.25,423.75,480.85,470.3,799.0,511.46,486.91,491.72,510.44,815.05,421.45,115.0,44.0,Uptrend,Strong,31.36,Rounding Bottom,83,22-01-2026,27-05-2026,Start:22-01-2026@494.35 ; Q1:23-02-2026@507.05 ; Mid:26-03-2026@445.15 ; Q3:27-04-2026@514.2 ; End:27-05-2026@472.3,Broadening Formation(72),Rounding Bottom(83) | Broadening Formation(72),93554791,Freight & Logistics Services
2026-05-27,GRSE,2651.5,Stage 2 (Uptrend),52.06,2544.55,637795,27.14,0.33,False,169.11,145.0,-0.41,True,Near Premium,45.6,25.07,False,Decreasing,0.2173,False,True,False,18.93,2662.5,False,3492.7,685.8,2692.0,2629.9,2089.25,2798.1,2597.07,2515.72,2540.84,3538.4,1963.7,264.0,428.0,Sideways,Moderate,54.71,Cup and Handle,83,30-01-2026,18-05-2026,RimL:30-01-2026@2764.2 ; Btm:30-03-2026@1972.8 ; RimR:23-04-2026@2879.6 ; Hdl:18-05-2026@2581.7,,Cup and Handle(83),436918827,Aerospace & Defense
2026-05-27,GILLETTE,8273.5,Stage 1/3 (Neutral),50.75,8156.07,204355,16.44,5.8,True,169.07,146.0,3.82,False,Near Discount,66.54,28.06,True,Increasing,0.0753,False,True,True,14.65,7969.0,False,11258.0,7253.5,8433.5,7914.5,9255.75,7885.98,7810.46,8038.66,8592.17,11500.0,7206.0,383.0,11.0,Sideways,Weak,25.06,Cup and Handle,94,05-03-2026,21-05-2026,RimL:05-03-2026@8183.5 ; Btm:30-03-2026@7253.5 ; RimR:28-04-2026@8203.0 ; Hdl:21-05-2026@7655.0,Broadening Formation(75),Cup and Handle(94) | Broadening Formation(75),6523572,Personal & Household Products & Services
2026-05-27,WELCORP,1372.9,Stage 2 (Uptrend),81.16,919.61,1221343,47.1,1.38,False,167.68,147.0,4.09,True,Premium,68.66,0.51,False,Increasing,0.1074,False,True,True,50.58,1319.0,False,1372.9,449.5,1380.0,1319.0,911.2,1303.64,1102.45,945.39,901.76,1380.0,710.0,208.0,83.0,Uptrend,Strong,35.89,Triple Top,90,26-12-2025,27-02-2026,P1:26-12-2025@806.9 ; P2:06-02-2026@824.85 ; P3:27-02-2026@825.25,Inverse Head and Shoulders(88) | Double Bottom(82) | Symmetrical Triangle(74),Triple Top(90) | Inverse Head and Shoulders(88) | Double Bottom(82) | Symmetrical Triangle(74),167926590,Metals & Mining
2026-05-27,RRKABEL,1951.0,Stage 2 (Uptrend),72.25,1498.07,854759,31.14,0.85,False,166.76,148.0,-1.86,True,Near Premium,65.45,4.78,False,Increasing,0.2638,False,True,True,45.46,1988.0,False,2037.3,858.95,2036.0,1929.9,1448.12,1890.9,1595.48,1519.54,1424.17,2049.0,1165.0,241.0,167.0,Uptrend,Strong,57.93,Triple Bottom,86,21-11-2025,27-03-2026,P1:21-11-2025@1350.6 ; P2:23-01-2026@1351.6 ; P3:27-03-2026@1314.6,Cup and Handle(83) | Broadening Formation(68),Triple Bottom(86) | Cup and Handle(83) | Broadening Formation(68),48775931,"Machinery, Equipment & Components"
2026-05-27,NHPC,80.68,Stage 1/3 (Neutral),52.06,78.33,20004108,45.45,1.52,False,161.39,149.0,2.76,True,Near Discount,54.23,12.63,False,Increasing,0.1112,False,True,True,16.23,78.51,False,1450.0,72.23,81.0,78.44,761.12,80.0,79.12,78.01,79.87,92.34,71.62,31.0,72.0,Sideways,Moderate,24.01,Double Bottom,82,03-04-2026,15-05-2026,P1:03-04-2026@75.33 ; P2:15-05-2026@76.79,Symmetrical Triangle(78) | Diamond Top(76) | Rounding Bottom(75),Double Bottom(82) | Symmetrical Triangle(78) | Diamond Top(76) | Rounding Bottom(75),-385713093,Electrical Utilities & IPPs
2026-05-27,INOXWIND,95.81,Stage 4 (Downtrend),41.6,107.54,16694976,39.59,1.04,False,159.95,150.0,-1.02,False,Near Discount,47.91,52.33,False,Increasing,0.1648,False,True,False,19.16,96.8,False,254.34,75.49,97.98,93.8,164.92,98.87,92.42,96.22,118.18,201.0,75.05,34.0,120.0,Sideways,Moderate,31.33,Broadening Formation,68,19-09-2025,08-05-2026,H1:19-09-2025@151.34 ; H2:08-05-2026@103.6 ; L1:26-09-2025@137.46 ; L2:27-03-2026@79.27,Descending Channel(57),Broadening Formation(68) | Descending Channel(57),810614845,Renewable Energy
2026-05-27,RADICO,3439.3,Stage 2 (Uptrend),64.56,3054.31,463766,51.87,1.1,False,159.5,151.0,-4.57,True,Near Premium,54.01,6.52,False,Increasing,0.0855,False,True,False,45.4,3604.0,False,3599.9,1302.8,3649.0,3426.9,2451.35,3473.6,3120.33,2956.16,3019.72,3679.0,2500.0,302.0,107.0,Uptrend,Strong,25.32,Double Bottom,82,27-02-2026,03-04-2026,P1:27-02-2026@2649.5 ; P2:03-04-2026@2623.2,,Double Bottom(82),49205510,Beverages
2026-05-27,NESTLEIND,1427.5,Stage 2 (Uptrend),64.88,1299.39,1114165,59.31,0.62,False,159.05,152.0,-0.31,True,Near Premium,55.66,4.71,False,Decreasing,0.0695,False,True,False,38.09,1432.0,False,1486.1,1052.21,1443.7,1423.1,1269.15,1449.43,1336.64,1311.1,1269.05,1498.1,1084.7,223.0,255.0,Uptrend,Strong,14.22,Broadening Formation,68,17-10-2025,08-05-2026,H1:17-10-2025@1289.5 ; H2:08-05-2026@1482.4 ; L1:12-12-2025@1238.3 ; L2:03-04-2026@1191.3,,Broadening Formation(68),41013837,Food & Tobacco
2026-05-27,IOC,143.94,Stage 4 (Downtrend),45.68,157.23,10981894,47.69,0.68,False,158.07,153.0,1.3,False,Near Discount,53.59,23.83,False,Decreasing,0.1122,False,True,True,12.04,142.09,False,187.47,131.81,144.85,141.42,159.64,140.91,141.12,154.12,154.95,188.96,130.22,48.0,225.0,Sideways,Weak,34.5,Double Bottom,86,03-04-2026,15-05-2026,P1:03-04-2026@134.13 ; P2:15-05-2026@134.48,Broadening Formation(68) | Rounding Top(59),Double Bottom(86) | Broadening Formation(68) | Rounding Top(59),2110943148,Oil & Gas
2026-05-27,MOTILALOFS,894.1,Stage 1/3 (Neutral),59.37,817.02,1740516,44.22,1.18,False,155.62,154.0,2.31,True,Near Premium,68.11,18.5,False,Increasing,0.1159,False,True,True,26.93,873.95,False,1091.3,270.05,909.0,872.8,680.68,851.84,779.58,771.11,850.38,1097.1,614.9,169.0,96.0,Uptrend,Strong,29.94,Rounding Bottom,71,24-12-2025,27-05-2026,Start:24-12-2025@893.6 ; Q1:02-02-2026@745.3 ; Mid:12-03-2026@697.4 ; Q3:20-04-2026@807.95 ; End:27-05-2026@894.1,,Rounding Bottom(71),135520504,Investment Banking & Investment Services
2026-05-27,APLAPOLLO,1867.7,Stage 1/3 (Neutral),45.61,1950.38,826764,32.32,1.1,False,154.41,155.0,-0.24,False,Equilibrium,40.98,18.85,False,Increasing,0.0656,False,False,False,19.02,1872.1,False,2280.8,1303.05,1943.4,1854.0,1791.93,1893.6,1953.49,2021.37,1880.95,2301.4,1492.0,245.0,107.0,Sideways,Moderate,24.02,Cup and Handle,79,05-03-2026,20-05-2026,RimL:05-03-2026@2161.3 ; Btm:07-04-2026@1890.6 ; RimR:20-04-2026@2143.9 ; Hdl:20-05-2026@1857.1,,Cup and Handle(79),64626963,Metals & Mining
2026-05-27,HAVELLS,1211.0,Stage 4 (Downtrend),37.43,1341.69,1246990,65.94,1.54,False,151.01,156.0,0.67,False,Discount,44.37,25.3,False,Increasing,0.0776,False,False,False,14.28,1203.0,False,2082.4,1180.6,1219.4,1201.6,1631.5,1221.78,1242.13,1304.96,1396.04,1621.1,1142.5,202.0,70.0,Sideways,Weak,19.2,Cup and Handle,91,11-03-2026,12-05-2026,RimL:11-03-2026@1365.5 ; Btm:02-04-2026@1180.6 ; RimR:22-04-2026@1348.7 ; Hdl:12-05-2026@1190.9,,Cup and Handle(91),27905158,"Machinery, Equipment & Components"
2026-05-27,HDFCAMC,2716.3,Stage 1/3 (Neutral),53.21,2629.32,548519,55.44,0.66,False,148.99,157.0,-0.43,True,Near Premium,51.83,8.92,False,Decreasing,0.0919,False,True,False,15.18,2728.0,False,2960.8,1379.87,2739.1,2704.0,2170.34,2728.09,2604.08,2603.45,2681.75,2982.16,2205.6,283.0,235.0,Sideways,Moderate,28.58,Triple Top,82,13-02-2026,08-05-2026,P1:13-02-2026@2813.2 ; P2:17-04-2026@2792.4 ; P3:08-05-2026@2854.0,Diamond Top(72) | Broadening Formation(68),Triple Top(82) | Diamond Top(72) | Broadening Formation(68),54698411,Investment Banking & Investment Services
2026-05-27,RBLBANK,348.25,Stage 2 (Uptrend),64.35,314.8,4249696,31.69,0.93,False,148.0,158.0,1.16,True,Premium,62.72,1.35,False,Increasing,0.0865,False,True,True,21.11,344.25,False,348.25,149.46,353.0,343.0,248.86,335.09,320.09,313.9,303.84,353.0,205.5,105.0,150.0,Sideways,Moderate,37.14,Cup and Handle,83,19-02-2026,19-05-2026,RimL:19-02-2026@332.55 ; Btm:23-03-2026@289.3 ; RimR:29-04-2026@341.2 ; Hdl:19-05-2026@323.65,Double Bottom(82),Cup and Handle(83) | Double Bottom(82),697842003,Banking Services
2026-05-27,JINDALSTEL,1220.6,Stage 2 (Uptrend),57.34,1135.61,1184467,22.6,1.0,False,144.58,159.0,-0.36,True,Near Premium,48.19,6.55,False,Increasing,0.0614,False,True,False,16.9,1225.0,False,1288.8,786.9,1254.9,1211.0,1037.85,1232.87,1209.87,1179.37,1105.4,1306.2,882.65,213.0,133.0,Sideways,Moderate,22.08,Cup and Handle,83,25-02-2026,21-05-2026,RimL:25-02-2026@1266.5 ; Btm:23-03-2026@1106.2 ; RimR:21-04-2026@1288.8 ; Hdl:21-05-2026@1196.8,,Cup and Handle(83),100300459,Metals & Mining
2026-05-27,NYKAA,263.15,Stage 2 (Uptrend),53.29,258.02,5470638,52.35,1.05,False,143.96,160.0,-1.02,True,Near Premium,45.14,7.86,False,Decreasing,0.0632,False,True,False,16.3,265.85,False,280.69,145.65,267.9,261.0,213.17,269.51,259.46,257.34,253.52,285.6,191.16,88.0,117.0,Sideways,Moderate,23.82,Cup and Handle,83,12-02-2026,12-05-2026,RimL:12-02-2026@280.14 ; Btm:23-03-2026@234.75 ; RimR:06-05-2026@272.35 ; Hdl:12-05-2026@260.65,Double Bottom(82) | Flag Pattern (Bull Flag)(80) | Broadening Formation(68),Cup and Handle(83) | Double Bottom(82) | Flag Pattern (Bull Flag)(80) | Broadening Formation(68),667001081,Diversified Retail
2026-05-27,JINDALSAW,246.07,Stage 2 (Uptrend),62.65,188.92,5836424,29.59,2.68,True,143.62,161.0,7.83,True,Near Discount,64.37,5.5,False,Increasing,0.1472,False,True,True,18.09,228.2,False,370.17,154.64,247.0,228.2,262.41,230.31,217.13,198.93,191.87,260.4,153.0,81.0,30.0,Sideways,Moderate,46.02,Ascending Channel,77,02-01-2026,08-05-2026,UL1:02-01-2026@170.58 ; UL2:13-02-2026@190.18 ; UL3:20-03-2026@194.13 ; UL4:08-05-2026@243.96 ; LL1:16-01-2026@154.64 ; LL2:06-03-2026@166.74 ; LL3:27-03-2026@186.01 ; LL4:01-05-2026@222.75,Broadening Formation(72),Ascending Channel(77) | Broadening Formation(72),564028323,Metals & Mining
2026-05-27,PFC,433.5,Stage 2 (Uptrend),54.5,399.42,3288554,54.57,0.54,False,142.56,162.0,0.35,True,Near Premium,44.72,10.89,False,Decreasing,0.0979,False,False,False,15.88,432.0,False,481.4,335.05,435.65,429.25,408.22,443.78,435.3,415.94,399.56,486.5,329.9,120.0,307.0,Sideways,Moderate,27.94,Broadening Formation,68,26-09-2025,24-04-2026,H1:06-02-2026@419.2 ; H2:24-04-2026@469.35 ; L1:26-09-2025@397.3 ; L2:27-03-2026@396.0,,Broadening Formation(68),546388289,Banking Services
2026-05-27,MINDACORP,623.85,Stage 1/3 (Neutral),63.16,558.83,2232069,36.64,3.33,True,139.25,163.0,4.51,True,Premium,77.98,1.34,False,Increasing,0.2331,False,True,True,20.21,596.95,False,623.85,458.8,632.3,594.95,541.33,536.53,525.95,540.22,551.84,632.3,445.05,145.0,22.0,Sideways,Moderate,37.42,Diamond Top,84,10-10-2025,01-05-2026,H1:10-10-2025@588.95 ; H2:02-01-2026@602.5 ; H3:17-04-2026@532.8 ; L1:31-10-2025@563.7 ; L2:23-01-2026@542.9 ; L3:01-05-2026@520.1,,Diamond Top(84),151723367,Automobiles & Auto Parts
2026-05-27,SCI,303.45,Stage 2 (Uptrend),59.53,253.17,4548340,33.78,0.37,False,138.02,164.0,-1.51,True,Near Premium,46.86,17.71,False,Decreasing,0.1601,False,True,False,31.86,308.1,False,344.7,143.66,312.95,300.65,244.18,322.11,281.72,259.42,244.5,368.75,195.55,99.0,400.0,Uptrend,Strong,45.79,Broadening Formation,68,10-10-2025,08-05-2026,H1:02-01-2026@235.08 ; H2:08-05-2026@339.05 ; L1:10-10-2025@222.13 ; L2:03-04-2026@228.55,,Broadening Formation(68),1551977904,Freight & Logistics Services
2026-05-27,HINDUNILVR,2198.4,Stage 4 (Downtrend),43.88,2289.88,616538,43.38,0.36,False,135.54,165.0,-0.3,False,Near Discount,43.78,20.06,False,Decreasing,0.0757,False,False,False,13.66,2205.1,False,3028.55,2052.2,2214.6,2187.0,2540.38,2252.81,2199.23,2264.46,2371.71,2750.0,2022.5,269.0,406.0,Sideways,Weak,20.28,Rounding Bottom,79,12-02-2026,27-05-2026,Start:12-02-2026@2409.7 ; Q1:10-03-2026@2190.2 ; Mid:06-04-2026@2084.8 ; Q3:01-05-2026@2250.9 ; End:27-05-2026@2198.4,Broadening Formation(68) | Double Top(66),Rounding Bottom(79) | Broadening Formation(68) | Double Top(66),5703856,Personal & Household Products & Services
2026-05-27,CIPLA,1418.2,Stage 1/3 (Neutral),56.09,1383.51,937447,61.57,0.5,False,132.95,166.0,0.04,False,Equilibrium,65.45,15.23,False,Decreasing,0.1379,False,True,True,35.8,1417.6,False,1645.1,1192.4,1432.0,1416.0,1418.75,1372.07,1291.45,1319.93,1427.57,1673.0,1165.7,234.0,329.0,Uptrend,Strong,34.94,Rounding Bottom,79,22-01-2026,27-05-2026,Start:22-01-2026@1370.4 ; Q1:23-02-2026@1326.5 ; Mid:26-03-2026@1244.4 ; Q3:27-04-2026@1317.2 ; End:27-05-2026@1418.2,Broadening Formation(68),Rounding Bottom(79) | Broadening Formation(68),74377002,Pharmaceuticals
2026-05-27,CHENNPETRO,1053.1,Stage 2 (Uptrend),56.93,956.13,1253123,35.81,1.01,False,131.97,167.0,2.74,True,Near Premium,54.72,9.19,False,Increasing,0.1637,False,True,True,13.3,1025.0,False,1139.5,451.6,1064.8,1014.0,795.55,1045.85,1023.66,959.87,893.94,1159.7,603.1,201.0,131.0,Sideways,Weak,36.59,Ascending Channel,73,14-11-2025,15-05-2026,UL1:14-11-2025@1029.0 ; UL2:06-02-2026@905.6 ; UL3:20-03-2026@1064.75 ; UL4:01-05-2026@1128.35 ; LL1:28-11-2025@916.15 ; LL2:09-01-2026@782.7 ; LL3:13-03-2026@918.2 ; LL4:15-05-2026@1009.0,,Ascending Channel(73),397829865,Oil & Gas
2026-05-27,LUPIN,2276.4,Stage 2 (Uptrend),55.0,2210.16,568728,61.89,0.38,False,129.47,168.0,0.8,True,Near Premium,46.75,8.72,False,Decreasing,0.107,False,False,False,12.95,2258.3,False,2460.1,1851.8,2292.2,2250.5,2155.95,2302.88,2307.79,2268.16,2139.1,2494.0,1836.8,276.0,392.0,Sideways,Weak,29.92,Triple Top,90,06-03-2026,08-05-2026,P1:06-03-2026@2343.8 ; P2:27-03-2026@2334.8 ; P3:08-05-2026@2379.5,Diamond Bottom(76) | Ascending Channel(73) | Broadening Formation(68),Triple Top(90) | Diamond Bottom(76) | Ascending Channel(73) | Broadening Formation(68),125656575,Pharmaceuticals
2026-05-27,GLENMARK,2384.9,Stage 2 (Uptrend),65.03,2093.47,541843,43.99,0.72,False,129.22,169.0,2.71,True,Premium,56.17,3.6,False,Decreasing,0.0792,False,True,True,18.76,2322.0,False,2417.9,724.45,2390.0,2322.0,1571.18,2356.93,2260.11,2153.26,2055.11,2474.0,1408.1,286.0,212.0,Sideways,Moderate,32.59,Long-term Cup and Handle,83,17-07-2025,23-03-2026,RimL:17-07-2025@2226.7 ; Btm:06-11-2025@1810.4 ; RimR:11-03-2026@2272.7 ; Hdl:23-03-2026@2089.0,,Long-term Cup and Handle(83),127246569,Pharmaceuticals
2026-05-27,MAZDOCK,2455.1,Stage 4 (Downtrend),47.56,2489.04,525423,31.72,0.4,False,129.0,170.0,-0.08,False,Near Discount,43.02,31.69,False,Decreasing,0.1619,False,False,False,19.9,2457.0,False,3751.2,2065.2,2479.7,2444.0,2908.2,2542.17,2475.72,2430.84,2569.05,3594.0,2057.4,289.0,381.0,Sideways,Moderate,32.42,Broadening Formation,68,19-12-2025,01-05-2026,H1:26-12-2025@2541.4 ; H2:01-05-2026@2733.2 ; L1:19-12-2025@2408.2 ; L2:27-03-2026@2162.9,Diamond Top(60) | Rounding Top(59),Broadening Formation(68) | Diamond Top(60) | Rounding Top(59),388976773,Aerospace & Defense
2026-05-27,TITAGARH,847.2,Stage 1/3 (Neutral),57.63,769.18,1514080,37.39,0.7,False,128.27,171.0,3.75,True,Near Discount,66.21,13.0,False,Increasing,0.1913,False,True,True,22.24,816.55,False,1859.85,574.85,850.7,811.25,1217.35,791.07,725.07,735.77,798.4,973.8,568.7,184.0,223.0,Sideways,Moderate,55.5,Rounding Bottom,71,22-01-2026,27-05-2026,Start:22-01-2026@795.5 ; Q1:23-02-2026@745.1 ; Mid:26-03-2026@628.75 ; Q3:27-04-2026@798.3 ; End:27-05-2026@847.2,Broadening Formation(68),Rounding Bottom(71) | Broadening Formation(68),323541114,"Machinery, Equipment & Components"
2026-05-27,GODREJCP,1044.4,Stage 4 (Downtrend),41.26,1126.06,1227520,52.65,0.58,False,128.2,172.0,1.69,False,Near Discount,49.48,20.21,False,Decreasing,0.0968,False,False,True,24.63,1027.0,False,1516.7,984.8,1048.9,1023.5,1250.75,1041.3,1048.74,1114.04,1146.67,1309.0,967.05,206.0,285.0,Sideways,Moderate,28.3,Broadening Formation,68,10-10-2025,17-04-2026,H1:14-11-2025@1146.5 ; H2:17-04-2026@1109.4 ; L1:10-10-2025@1129.8 ; L2:03-04-2026@994.8,Flag Pattern (Bear Flag)(64),Broadening Formation(68) | Flag Pattern (Bear Flag)(64),20525535,Personal & Household Products & Services
2026-05-27,UNIONBANK,168.72,Stage 1/3 (Neutral),50.28,169.62,7569728,41.67,0.62,False,127.72,173.0,0.69,True,Near Premium,51.79,17.89,False,Decreasing,0.0805,False,False,True,18.3,167.56,False,202.27,101.25,169.4,167.07,151.76,163.99,172.77,177.16,160.64,205.49,124.64,67.0,255.0,Sideways,Moderate,26.54,Rounding Top,79,24-12-2025,27-05-2026,Start:24-12-2025@150.76 ; Q1:02-02-2026@171.13 ; Mid:12-03-2026@182.1 ; Q3:20-04-2026@189.29 ; End:27-05-2026@168.72,Broadening Formation(68),Rounding Top(79) | Broadening Formation(68),1766495565,Banking Services
2026-05-27,DRREDDY,1319.0,Stage 2 (Uptrend),56.26,1266.21,959327,53.31,0.39,False,126.54,174.0,-0.8,True,Near Premium,54.28,4.4,False,Decreasing,0.0683,False,True,True,15.08,1329.6,False,1421.02,1087.9,1346.8,1316.7,1254.46,1308.22,1276.42,1265.6,1262.8,1379.7,1148.4,233.0,388.0,Sideways,Moderate,24.24,Rising Wedge,85,24-10-2025,15-05-2026,UL1:24-10-2025@1283.6 ; UL2:12-12-2025@1279.3 ; UL3:06-03-2026@1303.8 ; UL4:15-05-2026@1336.7 ; LL1:31-10-2025@1197.6 ; LL2:16-01-2026@1175.5 ; LL3:03-04-2026@1217.3 ; LL4:08-05-2026@1293.9,Long-term Rounding Bottom(75),Rising Wedge(85) | Long-term Rounding Bottom(75),40903239,Pharmaceuticals
2026-05-27,PNB,106.67,Stage 4 (Downtrend),44.01,117.24,11620905,39.2,0.47,False,123.96,175.0,0.73,False,Near Discount,50.96,21.07,False,Decreasing,0.1196,False,False,True,28.0,105.9,False,132.36,99.49,107.04,105.58,115.93,105.25,107.78,115.48,115.66,135.15,98.5,46.0,339.0,Downtrend,Strong,25.97,Broadening Formation,68,28-11-2025,15-05-2026,H1:28-11-2025@124.5 ; H2:17-04-2026@114.48 ; L1:23-01-2026@120.15 ; L2:15-05-2026@102.05,,Broadening Formation(68),2827928825,Banking Services
2026-05-27,CAMS,787.0,Stage 2 (Uptrend),56.86,729.23,1557316,35.51,0.67,False,122.56,176.0,1.81,True,Near Discount,57.36,8.26,False,Increasing,0.1444,False,True,True,15.37,773.0,False,1034.55,622.45,797.8,773.0,828.5,781.86,729.73,714.98,735.9,857.84,611.4,183.0,232.0,Sideways,Moderate,41.55,Cup and Handle,83,11-02-2026,04-05-2026,RimL:11-02-2026@747.1 ; Btm:23-03-2026@622.45 ; RimR:23-04-2026@770.4 ; Hdl:04-05-2026@730.85,Broadening Formation(68),Cup and Handle(83) | Broadening Formation(68),67087794,Professional & Commercial Services
2026-02-26,LTIM,4504.0,Stage 4 (Downtrend),30.18,5585.88,270646,27.14,0.74,False,121.9,177.0,-1.66,False,Near Discount,18.96,29.95,False,Decreasing,0.3638,False,False,False,39.84,4580.0,False,6407.0,4057.15,4655.0,4486.5,5232.08,5283.42,5752.69,5790.98,5500.44,6429.5,3802.0,355.0,204.0,Downtrend,Strong,36.15,Double Top,78,05-12-2025,16-01-2026,P1:05-12-2025@6292.0 ; P2:16-01-2026@6308.0,Rounding Top(71) | Ascending Channel(69),Double Top(78) | Rounding Top(71) | Ascending Channel(69),783003,Software & IT Services
2026-05-27,FLUOROCHEM,3682.1,Stage 2 (Uptrend),56.5,3434.85,326228,46.13,2.0,True,120.12,178.0,0.44,True,Near Discount,53.24,6.27,False,Increasing,0.0737,False,True,False,27.15,3666.0,False,4812.65,2980.4,3707.0,3566.0,3896.52,3735.14,3452.83,3380.3,3477.48,3928.4,2916.6,333.0,48.0,Uptrend,Strong,34.22,Cup and Handle,87,24-02-2026,12-05-2026,RimL:24-02-2026@3538.6 ; Btm:17-03-2026@2991.5 ; RimR:30-04-2026@3602.0 ; Hdl:12-05-2026@3644.9,Double Bottom(86) | Broadening Formation(72),Cup and Handle(87) | Double Bottom(86) | Broadening Formation(72),15879763,Chemicals
2026-05-27,IDFCFIRSTB,71.48,Stage 4 (Downtrend),49.4,75.59,16565002,45.11,0.8,False,118.41,179.0,1.79,False,Equilibrium,64.0,17.84,True,Decreasing,0.0649,False,True,True,14.64,70.22,False,86.07,52.89,72.35,70.1,69.48,69.11,66.35,72.22,74.45,87.0,58.08,35.0,179.0,Sideways,Weak,20.13,Long-term Rounding Top,62,30-05-2025,27-05-2026,Start:30-05-2025@67.97 ; Q1:29-08-2025@67.99 ; Mid:02-12-2025@81.98 ; Q3:02-03-2026@71.78 ; End:27-05-2026@71.48,,Long-term Rounding Top(62),1469018913,Banking Services
2026-05-27,SONACOMS,618.7,Stage 2 (Uptrend),65.24,520.0,1907699,38.76,0.71,False,118.03,180.0,1.09,True,Premium,65.6,0.5,True,Increasing,0.0882,False,True,True,24.12,612.0,False,618.7,405.25,621.8,601.25,511.98,588.69,558.62,530.27,497.48,621.8,402.3,164.0,216.0,Sideways,Moderate,28.69,No Clear Pattern,0,,,,,No Clear Pattern,251187080,Automobiles & Auto Parts
2026-05-27,MFSL,1682.3,Stage 2 (Uptrend),52.8,1666.69,696946,54.79,1.06,False,117.25,181.0,-2.25,True,Near Premium,55.56,11.11,False,Increasing,0.1137,False,True,True,15.24,1721.0,False,1870.0,865.0,1725.7,1674.2,1367.5,1645.12,1612.36,1664.07,1646.07,1892.5,1433.6,259.0,116.0,Sideways,Moderate,31.4,Head and Shoulders,92,09-01-2026,17-04-2026,LS:09-01-2026@1679.9 ; H:20-02-2026@1849.3 ; RS:17-04-2026@1683.2,Rounding Bottom(75) | Symmetrical Triangle(74),Head and Shoulders(92) | Rounding Bottom(75) | Symmetrical Triangle(74),90986723,Insurance
2026-05-27,HCLTECH,1165.2,Stage 4 (Downtrend),29.85,1467.13,1004168,46.67,0.32,False,117.01,182.0,0.86,False,Near Discount,37.12,34.54,False,Decreasing,0.0803,False,False,False,38.55,1155.3,False,1995.1,1124.0,1169.8,1153.7,1559.55,1171.56,1289.24,1408.46,1475.33,1780.1,1103.4,228.0,432.0,Downtrend,Strong,20.61,No Clear Pattern,0,,,,,No Clear Pattern,4994275,Software & IT Services
2026-05-27,DLF,593.9,Stage 4 (Downtrend),45.45,631.74,1918632,39.5,0.58,False,113.95,183.0,0.65,False,Near Discount,54.29,33.03,False,Decreasing,0.0923,False,True,True,16.85,590.05,False,948.25,504.1,600.65,590.05,726.18,589.17,570.2,594.9,666.74,886.8,489.4,162.0,285.0,Sideways,Moderate,28.52,Rounding Bottom,79,12-02-2026,27-05-2026,Start:12-02-2026@651.8 ; Q1:10-03-2026@584.55 ; Mid:06-04-2026@529.2 ; Q3:01-05-2026@587.0 ; End:27-05-2026@593.9,Broadening Formation(68) | Diamond Top(60),Rounding Bottom(79) | Broadening Formation(68) | Diamond Top(60),322809451,Real Estate Operations
2026-05-27,AUROPHARMA,1435.9,Stage 2 (Uptrend),64.19,1272.35,791921,54.3,0.6,False,113.71,184.0,-1.85,True,Near Premium,46.81,7.36,False,Decreasing,0.1236,False,True,False,26.33,1463.0,False,1546.7,1022.2,1473.0,1428.5,1284.45,1471.04,1397.12,1295.47,1216.28,1550.0,1016.1,250.0,274.0,Uptrend,Strong,30.39,Double Bottom,82,23-01-2026,13-02-2026,P1:23-01-2026@1132.5 ; P2:13-02-2026@1145.6,Broadening Formation(68),Double Bottom(82) | Broadening Formation(68),51049020,Pharmaceuticals
2026-05-27,KIRLOSENG,1830.0,Stage 2 (Uptrend),73.38,1359.13,618271,45.36,1.42,False,113.14,185.0,4.87,True,Premium,67.65,0.33,True,Increasing,0.1393,False,True,True,20.19,1745.1,False,1830.0,576.1,1836.0,1745.1,1203.05,1691.67,1568.69,1430.49,1228.28,1836.0,825.6,267.0,78.0,Sideways,Moderate,48.71,No Clear Pattern,0,,,,,No Clear Pattern,80684287,"Machinery, Equipment & Components"
2026-05-27,FEDERALBNK,288.9,Stage 2 (Uptrend),58.4,274.16,3869975,44.02,0.46,False,111.8,186.0,-0.21,True,Near Premium,52.49,4.34,False,Decreasing,0.0668,False,True,True,14.5,289.5,False,299.85,140.25,293.0,287.85,220.05,288.08,282.64,281.27,253.93,302.0,185.11,112.0,347.0,Sideways,Weak,19.71,Triple Top,90,27-02-2026,08-05-2026,P1:27-02-2026@299.85 ; P2:17-04-2026@293.75 ; P3:08-05-2026@297.25,Ascending Channel(73) | Broadening Formation(68),Triple Top(90) | Ascending Channel(73) | Broadening Formation(68),1138858522,Banking Services
2026-05-27,BIOCON,432.2,Stage 2 (Uptrend),67.98,384.23,2573291,57.24,0.47,False,111.22,187.0,-0.91,True,Premium,74.51,1.86,False,Decreasing,0.2773,False,True,True,39.95,436.15,False,436.15,224.85,438.45,430.3,330.5,404.88,377.33,377.97,376.26,440.4,327.6,134.0,339.0,Uptrend,Strong,23.7,Cup and Handle,83,24-12-2025,30-04-2026,RimL:24-12-2025@398.35 ; Btm:21-01-2026@364.85 ; RimR:10-03-2026@395.8 ; Hdl:30-04-2026@359.65,Broadening Formation(68),Cup and Handle(83) | Broadening Formation(68),739063991,Biotechnology & Medical Research
2026-05-27,RECLTD,339.7,Stage 4 (Downtrend),44.55,352.6,3232759,55.63,0.6,False,109.82,188.0,0.8,False,Near Discount,43.53,20.76,False,Decreasing,0.1064,False,False,False,20.93,337.0,False,645.8,305.1,340.65,336.6,475.45,346.22,345.58,350.77,358.62,428.7,304.05,121.0,274.0,Sideways,Moderate,23.02,Inverse Head and Shoulders,92,14-11-2025,23-01-2026,LS:14-11-2025@358.05 ; H:19-12-2025@339.2 ; RS:23-01-2026@361.35,Cup and Handle(87) | Triple Top(70) | Broadening Formation(68) | Double Top(66) | Rounding Top(59),Inverse Head and Shoulders(92) | Cup and Handle(87) | Triple Top(70) | Broadening Formation(68) | Double Top(66) | Rounding Top(59),409130864,Banking Services
2026-05-27,LLOYDSME,1858.8,Stage 2 (Uptrend),74.88,1366.96,586714,50.17,0.86,False,109.06,189.0,-0.59,True,Premium,70.82,1.58,False,Increasing,0.1177,False,True,True,38.3,1869.8,False,1858.8,521.8,1888.6,1850.0,1190.3,1750.48,1582.59,1388.49,1347.19,1888.6,1042.9,274.0,162.0,Uptrend,Strong,29.72,Diamond Bottom,76,19-09-2025,15-05-2026,H1:19-09-2025@1328.5 ; H2:26-12-2025@1369.8 ; H3:01-05-2026@1764.4 ; L1:26-09-2025@1246.0 ; L2:30-01-2026@1103.8 ; L3:15-05-2026@1734.0,Long-term Rounding Bottom(75),Diamond Bottom(76) | Long-term Rounding Bottom(75),78843473,Metals & Mining
2026-05-27,BHARATFORG,1938.6,Stage 2 (Uptrend),65.4,1643.5,561943,47.31,0.38,False,108.94,190.0,-0.02,True,Premium,57.85,5.16,False,Decreasing,0.0886,False,True,True,15.76,1938.9,False,1992.9,951.6,1961.0,1916.0,1472.25,1913.01,1829.07,1736.97,1521.18,2044.0,1100.5,278.0,392.0,Sideways,Moderate,31.16,Broadening Formation,68,28-11-2025,08-05-2026,H1:28-11-2025@1433.8 ; H2:08-05-2026@1989.7 ; L1:05-12-2025@1406.0 ; L2:03-04-2026@1642.6,,Broadening Formation(68),114756023,Metals & Mining
2026-05-27,SUNTV,512.9,Stage 4 (Downtrend),41.35,569.38,2123874,47.83,2.94,True,108.93,191.0,3.74,False,Near Discount,37.89,22.37,False,Increasing,0.2612,False,False,False,42.54,494.4,False,916.85,486.7,529.7,493.25,701.78,543.57,581.08,577.33,569.59,660.7,480.2,148.0,26.0,Downtrend,Strong,40.83,Diamond Bottom,84,26-09-2025,17-04-2026,H1:03-10-2025@577.8 ; H2:02-01-2026@582.85 ; H3:17-04-2026@643.25 ; L1:26-09-2025@523.75 ; L2:19-12-2025@543.0 ; L3:13-03-2026@562.8,Broadening Formation(72) | Double Top(70) | Rounding Top(63),Diamond Bottom(84) | Broadening Formation(72) | Double Top(70) | Rounding Top(63),55728298,Media & Publishing
2026-05-27,ENGINERSIN,234.4,Stage 2 (Uptrend),56.42,206.85,4636808,28.84,0.86,False,108.69,192.0,1.03,True,Near Premium,48.19,12.21,False,Decreasing,0.2015,False,True,False,22.98,232.0,False,262.35,146.85,241.0,231.25,204.6,245.17,226.74,210.12,204.87,267.0,163.55,97.0,162.0,Sideways,Moderate,55.1,Inverse Head and Shoulders,88,12-12-2025,13-03-2026,LS:12-12-2025@192.77 ; H:23-01-2026@167.15 ; RS:13-03-2026@189.01,Long-term Rounding Bottom(75) | Broadening Formation(68),Inverse Head and Shoulders(88) | Long-term Rounding Bottom(75) | Broadening Formation(68),1152611920,Construction & Engineering
2026-05-27,VOLTAS,1261.8,Stage 4 (Downtrend),42.67,1381.21,849420,45.86,0.77,False,107.18,193.0,-0.8,False,Near Discount,40.25,20.27,False,Decreasing,0.196,False,False,False,26.96,1272.0,False,1561.3,1207.8,1284.9,1248.6,1384.55,1316.42,1339.55,1392.11,1386.26,1582.5,1186.8,242.0,192.0,Downtrend,Strong,37.06,Double Bottom,86,03-04-2026,15-05-2026,P1:03-04-2026@1235.4 ; P2:15-05-2026@1230.7,Head and Shoulders(72) | Broadening Formation(68) | Rounding Top(59),Double Bottom(86) | Head and Shoulders(72) | Broadening Formation(68) | Rounding Top(59),121266803,"Machinery, Equipment & Components"
2026-05-27,PERSISTENT,5098.4,Stage 4 (Downtrend),46.75,5568.94,206977,43.51,0.39,False,105.53,194.0,-0.03,False,Equilibrium,54.85,22.74,False,Decreasing,0.1163,False,True,True,15.37,5100.0,False,6674.2,3067.07,5134.4,5064.3,4870.63,4939.66,5037.86,5291.85,5539.08,6599.0,4449.1,380.0,388.0,Sideways,Moderate,36.05,Triple Bottom,90,13-03-2026,15-05-2026,P1:13-03-2026@4638.8 ; P2:24-04-2026@4747.3 ; P3:15-05-2026@4702.1,Double Bottom(86) | Broadening Formation(68),Triple Bottom(90) | Double Bottom(86) | Broadening Formation(68),13121454,Software & IT Services
2026-05-27,GMRAIRPORT,97.84,Stage 2 (Uptrend),53.04,97.52,10776154,50.52,0.73,False,105.43,195.0,1.64,True,Near Premium,54.35,11.34,False,Decreasing,0.0763,False,True,True,11.91,96.26,False,108.35,69.29,98.6,96.26,88.82,97.02,94.45,95.56,95.37,110.36,79.92,51.0,210.0,Sideways,Weak,28.24,Descending Channel,77,19-12-2025,08-05-2026,UL1:02-01-2026@105.77 ; UL2:27-02-2026@100.63 ; UL3:17-04-2026@96.85 ; UL4:08-05-2026@101.32 ; LL1:19-12-2025@101.53 ; LL2:23-01-2026@91.21 ; LL3:03-04-2026@88.87 ; LL4:24-04-2026@94.49,Rounding Bottom(75) | Broadening Formation(68),Descending Channel(77) | Rounding Bottom(75) | Broadening Formation(68),1161380056,Transport Infrastructure
2026-05-27,DIVISLAB,6797.5,Stage 2 (Uptrend),61.91,6358.1,155051,40.46,0.43,False,105.4,196.0,0.18,True,Premium,59.46,3.87,False,Decreasing,0.0709,False,True,True,35.35,6785.0,False,6983.5,3367.85,6855.5,6726.0,5175.68,6745.92,6361.35,6297.15,6304.24,7071.5,5636.5,409.0,361.0,Uptrend,Strong,18.59,Triple Top,90,19-12-2025,27-02-2026,P1:19-12-2025@6478.5 ; P2:09-01-2026@6616.5 ; P3:27-02-2026@6408.5,Cup and Handle(83) | Broadening Formation(68),Triple Top(90) | Cup and Handle(83) | Broadening Formation(68),60365143,Pharmaceuticals
2026-05-27,KFINTECH,848.15,Stage 4 (Downtrend),37.86,980.89,1236465,31.51,0.65,False,104.87,197.0,1.09,False,Near Discount,44.49,38.92,False,Decreasing,0.177,False,False,False,27.33,839.0,False,1592.2,808.2,867.25,838.85,1200.2,857.44,900.3,946.16,1016.55,1388.5,784.95,204.0,239.0,Downtrend,Strong,43.18,Broadening Formation,68,26-12-2025,15-05-2026,H1:26-12-2025@1100.3 ; H2:17-04-2026@976.0 ; L1:06-02-2026@967.7 ; L2:15-05-2026@808.2,Diamond Top(60),Broadening Formation(68) | Diamond Top(60),105985889,Financial Technology (Fintech) & Infrastructure
2026-05-27,KEC,502.5,Stage 4 (Downtrend),34.08,623.66,2084826,30.5,1.22,False,104.76,198.0,-1.37,False,Near Discount,40.6,46.94,False,Increasing,0.3279,False,False,False,23.46,509.5,False,1240.4,469.4,511.3,498.5,854.9,538.4,547.97,579.9,686.31,947.0,466.0,152.0,94.0,Sideways,Moderate,56.14,Rounding Top,59,05-03-2026,27-05-2026,Start:05-03-2026@550.4 ; Q1:26-03-2026@549.85 ; Mid:16-04-2026@569.45 ; Q3:07-05-2026@612.45 ; End:27-05-2026@502.5,,Rounding Top(59),240865083,Construction & Engineering
2026-05-27,BRITANNIA,5335.5,Stage 4 (Downtrend),36.12,5795.83,195454,51.72,0.37,False,104.28,199.0,0.1,False,Near Premium,36.65,15.79,False,Decreasing,0.141,False,False,False,26.02,5330.0,False,6446.05,29.2,5352.5,5301.0,3237.62,5493.08,5555.41,5749.84,5835.15,6336.0,5279.5,388.0,400.0,Downtrend,Strong,21.61,Long-term Rounding Top,59,30-05-2025,27-05-2026,Start:30-05-2025@5510.5 ; Q1:29-08-2025@5824.0 ; Mid:02-12-2025@5875.5 ; Q3:02-03-2026@5959.0 ; End:27-05-2026@5335.5,,Long-term Rounding Top(59),4155144,Food & Tobacco
2026-05-27,APOLLOTYRE,399.75,Stage 4 (Downtrend),39.28,462.78,2572258,61.79,1.17,False,102.83,200.0,0.88,False,Near Discount,49.59,26.04,False,Decreasing,0.1427,False,False,True,17.43,396.25,False,564.25,371.8,400.75,392.45,468.02,395.3,412.9,445.02,470.49,540.5,365.3,135.0,98.0,Sideways,Moderate,32.21,Broadening Formation,68,21-11-2025,17-04-2026,H1:05-12-2025@521.45 ; H2:17-04-2026@445.4 ; L1:21-11-2025@512.4 ; L2:03-04-2026@409.45,,Broadening Formation(68),103831846,Automobiles & Auto Parts
2026-05-27,MANKIND,2420.4,Stage 2 (Uptrend),59.32,2196.31,424138,69.48,0.53,False,102.66,201.0,-0.72,True,Equilibrium,55.35,10.9,False,Decreasing,0.151,False,True,True,45.84,2438.0,False,2998.4,1927.4,2438.0,2405.3,2462.9,2416.27,2220.14,2179.87,2276.54,2716.5,1909.7,309.0,314.0,Uptrend,Strong,28.66,Double Bottom,78,20-02-2026,03-04-2026,P1:20-02-2026@2024.3 ; P2:03-04-2026@1998.5,Broadening Formation(68),Double Bottom(78) | Broadening Formation(68),27315329,Pharmaceuticals
2026-05-27,ALKEM,5451.5,Stage 4 (Downtrend),49.72,5542.57,186374,32.69,2.13,True,101.6,202.0,0.68,False,Equilibrium,49.71,8.12,False,Increasing,0.0543,False,True,False,15.0,5414.5,False,5890.0,4563.7,5521.5,5329.0,5226.85,5471.5,5413.85,5519.92,5525.47,5933.5,4716.2,394.0,41.0,Sideways,Weak,19.56,Triple Top,86,27-02-2026,08-05-2026,P1:27-02-2026@5639.5 ; P2:17-04-2026@5582.0 ; P3:08-05-2026@5585.5,Double Top(82) | Descending Channel(73),Triple Top(86) | Double Top(82) | Descending Channel(73),3318906,Pharmaceuticals
2026-05-27,INDUSINDBK,932.3,Stage 2 (Uptrend),57.4,875.05,1088920,25.73,0.56,False,101.52,203.0,0.19,True,Near Discount,61.92,3.77,False,Decreasing,0.0844,False,True,True,22.84,930.5,False,1688.85,637.05,939.8,928.0,1162.95,914.42,859.89,885.03,841.41,968.85,710.6,224.0,294.0,Sideways,Moderate,27.04,Triple Top,90,16-01-2026,08-05-2026,P1:16-01-2026@953.85 ; P2:27-02-2026@956.75 ; P3:08-05-2026@950.75,Cup and Handle(83) | Rounding Bottom(75),Triple Top(90) | Cup and Handle(83) | Rounding Bottom(75),276392950,Banking Services
2026-05-27,GRASIM,3170.0,Stage 2 (Uptrend),68.99,2796.49,317539,51.17,0.3,False,100.66,204.0,0.38,True,Premium,78.36,0.86,False,Decreasing,0.1599,False,True,True,30.25,3158.0,False,3171.6,1918.7,3197.5,3158.0,2545.15,2976.62,2796.6,2798.99,2801.41,3197.5,2502.5,339.0,443.0,Uptrend,Strong,25.64,Cup and Handle,83,18-02-2026,12-05-2026,RimL:18-02-2026@2933.8 ; Btm:23-03-2026@2531.1 ; RimR:06-05-2026@2914.8 ; Hdl:12-05-2026@2903.0,Broadening Formation(68),Cup and Handle(83) | Broadening Formation(68),58771682,Construction Materials
2026-05-27,GODREJPROP,1788.6,Stage 4 (Downtrend),49.0,1829.19,556467,40.85,0.61,False,99.53,205.0,1.74,False,Near Discount,54.78,28.64,False,Increasing,0.1443,False,True,True,15.73,1758.0,False,3381.4,1471.3,1812.3,1752.7,2426.35,1779.55,1705.37,1719.76,1900.06,2506.5,1434.0,281.0,265.0,Sideways,Moderate,36.63,Cup and Handle,87,18-02-2026,18-05-2026,RimL:18-02-2026@1885.1 ; Btm:30-03-2026@1471.3 ; RimR:04-05-2026@1899.8 ; Hdl:18-05-2026@1686.3,,Cup and Handle(87),76846509,Real Estate Operations
2026-05-27,ASAHIINDIA,918.55,Stage 1/3 (Neutral),56.61,916.07,1075958,19.32,7.11,True,98.83,206.0,2.55,True,Near Premium,69.65,14.47,False,Increasing,0.1222,False,True,True,18.45,895.7,False,1066.4,506.5,950.35,892.0,786.45,841.05,836.88,882.36,908.89,1074.0,688.3,225.0,7.0,Sideways,Moderate,30.67,Triple Bottom,90,20-03-2026,15-05-2026,P1:20-03-2026@810.45 ; P2:24-04-2026@834.05 ; P3:15-05-2026@819.65,Broadening Formation(72),Triple Bottom(90) | Broadening Formation(72),63950785,Automobiles & Auto Parts
2026-05-27,TORNTPHARM,4537.8,Stage 2 (Uptrend),69.49,4068.11,217334,43.27,0.67,False,98.62,207.0,1.56,True,Premium,61.3,3.72,False,Decreasing,0.0966,False,True,True,26.32,4468.0,False,4572.6,1966.5,4552.9,4434.1,3269.55,4390.21,4253.02,4203.31,3939.45,4712.9,3102.0,376.0,232.0,Uptrend,Strong,25.84,Cup and Handle,83,12-03-2026,13-05-2026,RimL:12-03-2026@4446.0 ; Btm:02-04-2026@3987.2 ; RimR:11-05-2026@4517.1 ; Hdl:13-05-2026@4295.8,Broadening Formation(68),Cup and Handle(83) | Broadening Formation(68),36814200,Pharmaceuticals
2026-05-27,KPITTECH,771.8,Stage 4 (Downtrend),39.8,936.35,1268829,42.26,0.42,False,97.93,208.0,-1.49,False,Near Discount,61.07,46.2,False,Decreasing,0.13,False,True,True,17.93,783.5,False,1868.7,631.95,795.0,766.25,1250.32,742.29,718.03,819.98,1011.87,1434.5,624.9,198.0,363.0,Sideways,Moderate,32.46,Double Bottom,86,24-04-2026,15-05-2026,P1:24-04-2026@709.6 ; P2:15-05-2026@703.7,Head and Shoulders(72) | Broadening Formation(68) | Flag Pattern (Bear Flag)(64),Double Bottom(86) | Head and Shoulders(72) | Broadening Formation(68) | Flag Pattern (Bear Flag)(64),19366819,Software & IT Services
2026-05-27,IRCTC,523.2,Stage 4 (Downtrend),35.04,604.56,1866537,50.98,1.51,False,97.66,209.0,-1.73,False,Near Discount,38.96,34.49,False,Increasing,0.1124,False,False,False,14.36,532.4,False,1126.0,494.5,532.4,521.6,810.25,542.82,536.37,569.11,636.34,798.6,492.65,165.0,73.0,Sideways,Weak,25.11,Broadening Formation,72,26-09-2025,08-05-2026,H1:26-12-2025@705.5 ; H2:08-05-2026@564.9 ; L1:26-09-2025@703.1 ; L2:27-03-2026@510.6,Rounding Top(63),Broadening Formation(72) | Rounding Top(63),207934402,Passenger Transportation Services
2026-05-27,SHYAMMETL,976.05,Stage 2 (Uptrend),63.68,839.09,979320,37.85,1.13,False,95.59,210.0,-0.91,True,Premium,71.1,2.49,False,Increasing,0.1643,False,True,True,27.64,985.0,False,992.15,761.45,992.0,959.9,876.8,904.02,853.37,842.02,861.36,1001.0,746.0,231.0,103.0,Uptrend,Strong,29.57,Symmetrical Triangle,74,13-02-2026,24-04-2026,H1:13-02-2026@879.45 ; H2:20-03-2026@795.3 ; L1:13-03-2026@769.9 ; L2:24-04-2026@820.7,,Symmetrical Triangle(74),111195605,Metals & Mining
2026-05-27,DMART,4124.4,Stage 2 (Uptrend),49.33,4015.78,229900,51.81,0.62,False,94.82,211.0,0.52,False,Near Discount,34.91,16.67,False,Decreasing,0.1348,False,False,False,29.48,4103.0,False,5391.45,3403.95,4144.2,4068.7,4397.7,4307.4,4296.02,4061.53,4148.15,4949.5,3600.0,367.0,255.0,Uptrend,Strong,20.54,Triple Bottom,82,02-01-2026,20-03-2026,P1:02-01-2026@3719.8 ; P2:23-01-2026@3665.6 ; P3:20-03-2026@3770.8,Flag Pattern (Bear Flag)(76),Triple Bottom(82) | Flag Pattern (Bear Flag)(76),17782204,Food & Drug Retailing
2026-05-27,GAIL,169.0,Stage 1/3 (Neutral),54.41,164.12,5523561,52.99,0.5,False,93.35,212.0,1.07,True,Near Discount,63.42,16.66,False,Decreasing,0.0955,False,True,True,20.43,167.21,False,240.97,135.4,169.65,167.21,188.18,162.95,155.5,158.62,167.54,202.79,134.36,86.0,329.0,Sideways,Moderate,27.37,Triple Top,82,30-01-2026,08-05-2026,P1:30-01-2026@167.29 ; P2:27-02-2026@169.53 ; P3:08-05-2026@166.49,Diamond Top(72) | Rounding Bottom(71) | Broadening Formation(68),Triple Top(82) | Diamond Top(72) | Rounding Bottom(71) | Broadening Formation(68),1465496397,Natural Gas Utilities
2026-05-27,UNOMINDA,1130.8,Stage 4 (Downtrend),49.2,1174.49,807439,54.96,0.78,False,91.31,213.0,1.42,False,Near Premium,55.11,18.18,False,Decreasing,0.1195,False,True,True,13.6,1115.0,False,1366.3,580.65,1135.0,1112.0,973.47,1113.42,1093.49,1129.87,1200.26,1382.0,982.05,246.0,188.0,Sideways,Weak,32.12,Long-term Rounding Top,71,30-05-2025,27-05-2026,Start:30-05-2025@1006.65 ; Q1:29-08-2025@1279.0 ; Mid:02-12-2025@1294.4 ; Q3:02-03-2026@1140.4 ; End:27-05-2026@1130.8,Broadening Formation(68),Long-term Rounding Top(71) | Broadening Formation(68),51069039,Automobiles & Auto Parts
2026-05-27,INDHOTEL,667.7,Stage 4 (Downtrend),49.98,674.66,1360823,52.13,0.57,False,90.86,214.0,1.33,False,Near Discount,57.59,17.77,False,Decreasing,0.0704,False,True,True,8.72,658.95,False,889.65,570.95,669.0,656.65,730.3,653.4,634.76,650.08,696.45,811.95,565.0,190.0,291.0,Sideways,Weak,25.12,Rounding Bottom,79,12-02-2026,27-05-2026,Start:12-02-2026@712.0 ; Q1:10-03-2026@629.4 ; Mid:06-04-2026@595.4 ; Q3:01-05-2026@635.85 ; End:27-05-2026@667.7,Broadening Formation(68) | Flag Pattern (Bear Flag)(64) | Diamond Top(60),Rounding Bottom(79) | Broadening Formation(68) | Flag Pattern (Bear Flag)(64) | Diamond Top(60),195595251,Hotels & Entertainment Services
2026-05-27,CHOLAFIN,1579.2,Stage 4 (Downtrend),49.37,1631.15,557092,45.84,0.25,False,87.98,215.0,0.71,False,Equilibrium,52.32,13.78,False,Decreasing,0.1494,False,True,False,14.83,1568.0,False,1805.4,1354.7,1587.0,1555.3,1580.05,1585.54,1524.85,1597.5,1617.22,1831.5,1299.4,280.0,465.0,Sideways,Weak,33.64,Long-term Rounding Top,71,30-05-2025,27-05-2026,Start:30-05-2025@1601.0 ; Q1:29-08-2025@1420.7 ; Mid:02-12-2025@1711.6 ; Q3:02-03-2026@1703.7 ; End:27-05-2026@1579.2,Broadening Formation(68),Long-term Rounding Top(71) | Broadening Formation(68),10478377,Banking Services
2026-05-27,CESC,185.87,Stage 2 (Uptrend),61.68,165.72,4700932,44.64,0.95,False,87.38,216.0,1.3,True,Near Premium,57.38,9.11,False,Increasing,0.1038,False,True,True,31.5,183.49,False,198.72,86.75,188.7,183.06,142.74,183.65,171.28,162.36,165.43,204.5,138.12,96.0,145.0,Uptrend,Strong,41.35,No Clear Pattern,0,,,,,No Clear Pattern,1018551537,Electrical Utilities & IPPs
2026-05-27,NAVINFLUOR,7244.5,Stage 2 (Uptrend),69.8,6248.57,119235,53.56,0.29,False,86.38,217.0,-2.1,True,Premium,63.58,3.73,False,Decreasing,0.0962,False,True,True,43.26,7400.0,False,7445.5,2924.25,7470.0,7202.5,5184.88,7039.75,6539.45,6375.78,5855.12,7525.0,4225.0,431.0,450.0,Uptrend,Strong,25.46,Cup and Handle,83,23-02-2026,04-05-2026,RimL:23-02-2026@6649.5 ; Btm:07-04-2026@5821.5 ; RimR:30-04-2026@6821.0 ; Hdl:04-05-2026@6796.5,,Cup and Handle(83),35087024,Chemicals
2026-05-27,PRESTIGE,1399.8,Stage 4 (Downtrend),48.22,1473.84,616254,42.95,0.97,False,86.26,218.0,-0.37,False,Near Discount,53.18,22.83,False,Decreasing,0.1241,False,True,False,13.52,1405.0,False,2056.8,1060.3,1434.0,1395.0,1558.55,1407.86,1331.58,1388.3,1512.45,1814.0,1090.0,270.0,141.0,Sideways,Weak,31.43,Rounding Bottom,79,12-02-2026,27-05-2026,Start:12-02-2026@1572.7 ; Q1:10-03-2026@1307.3 ; Mid:06-04-2026@1183.2 ; Q3:01-05-2026@1414.4 ; End:27-05-2026@1399.8,,Rounding Bottom(79),80224162,Real Estate Operations
2026-05-27,INDIANB,833.35,Stage 1/3 (Neutral),47.49,869.44,1027273,41.96,0.35,False,85.61,219.0,-0.02,True,Near Premium,44.28,16.74,False,Decreasing,0.0843,False,False,False,27.13,833.55,False,991.55,396.9,837.85,827.1,694.22,834.63,877.23,888.14,831.97,1000.9,597.65,227.0,412.0,Downtrend,Strong,26.71,Rounding Top,79,24-12-2025,27-05-2026,Start:24-12-2025@777.2 ; Q1:02-02-2026@834.8 ; Mid:12-03-2026@909.6 ; Q3:20-04-2026@928.3 ; End:27-05-2026@833.35,Diamond Bottom(76),Rounding Top(79) | Diamond Bottom(76),158907436,Banking Services
2026-05-27,AUBANK,1005.0,Stage 2 (Uptrend),55.92,969.47,846441,54.73,0.54,False,85.07,220.0,-0.66,True,Near Premium,53.34,6.91,False,Decreasing,0.0878,False,True,True,16.0,1011.7,False,1065.65,491.8,1025.0,1002.2,778.72,1002.47,969.25,972.02,909.36,1079.55,682.15,243.0,307.0,Sideways,Moderate,21.86,Rounding Bottom,75,24-12-2025,27-05-2026,Start:24-12-2025@974.05 ; Q1:02-02-2026@965.2 ; Mid:12-03-2026@902.2 ; Q3:20-04-2026@997.65 ; End:27-05-2026@1005.0,,Rounding Bottom(75),128399961,Banking Services
2026-05-27,ABCAPITAL,364.9,Stage 2 (Uptrend),62.8,342.42,2330771,46.76,0.43,False,85.05,221.0,0.51,True,Premium,60.79,2.94,False,Decreasing,0.095,False,True,True,18.67,363.05,False,369.3,152.32,367.9,362.35,260.81,354.84,336.5,339.72,328.38,375.95,218.44,143.0,361.0,Sideways,Moderate,30.57,Cup and Handle,83,26-02-2026,12-05-2026,RimL:26-02-2026@356.15 ; Btm:30-03-2026@292.25 ; RimR:22-04-2026@350.7 ; Hdl:12-05-2026@341.2,Broadening Formation(68),Cup and Handle(83) | Broadening Formation(68),584063147,Insurance
2026-05-27,CREDITACC,1288.4,Stage 1/3 (Neutral),50.67,1284.6,652276,70.75,0.61,False,84.04,222.0,-0.13,False,Near Premium,45.82,17.83,False,Increasing,0.2449,False,True,False,25.45,1290.1,False,1523.7,349.59,1308.8,1270.0,936.64,1355.4,1267.87,1270.22,1308.44,1568.0,1099.7,261.0,265.0,Uptrend,Strong,64.39,Rounding Bottom,71,22-01-2026,27-05-2026,Start:22-01-2026@1449.8 ; Q1:23-02-2026@1294.3 ; Mid:26-03-2026@1171.8 ; Q3:27-04-2026@1241.5 ; End:27-05-2026@1288.4,Broadening Formation(68),Rounding Bottom(71) | Broadening Formation(68),170005355,Banking Services
2026-05-27,MARICO,833.8,Stage 2 (Uptrend),66.08,762.76,986465,58.54,0.51,False,82.25,223.0,0.22,True,Premium,62.83,1.77,False,Decreasing,0.0987,False,True,True,35.7,832.0,False,842.55,490.05,845.0,829.75,666.3,822.46,782.37,772.66,750.08,848.8,680.3,230.0,325.0,Uptrend,Strong,16.71,Cup and Handle,83,24-02-2026,25-05-2026,RimL:24-02-2026@810.35 ; Btm:23-03-2026@725.3 ; RimR:06-05-2026@814.8 ; Hdl:25-05-2026@823.35,Diamond Bottom(76) | Broadening Formation(68),Cup and Handle(83) | Diamond Bottom(76) | Broadening Formation(68),145119569,Food & Tobacco
2026-05-27,HDFCLIFE,609.6,Stage 4 (Downtrend),39.57,686.1,1266431,54.77,0.22,False,77.2,224.0,-1.66,False,Near Discount,49.56,25.73,False,Decreasing,0.076,False,True,True,12.54,619.9,False,814.3,566.1,619.9,608.65,690.2,607.9,604.24,656.44,710.2,820.75,555.1,200.0,474.0,Sideways,Weak,21.98,Descending Channel,57,12-12-2025,08-05-2026,UL1:12-12-2025@777.5 ; UL2:20-02-2026@728.65 ; UL3:17-04-2026@616.45 ; UL4:08-05-2026@621.7 ; LL1:26-12-2025@748.45 ; LL2:13-02-2026@696.8 ; LL3:03-04-2026@566.1 ; LL4:01-05-2026@586.9,,Descending Channel(57),135033036,Insurance
2026-05-27,ASTRAL,1598.6,Stage 2 (Uptrend),55.0,1531.63,477086,46.05,0.78,False,76.27,225.0,1.31,True,Near Premium,57.6,9.62,False,Decreasing,0.1035,False,True,True,13.17,1577.9,False,1746.3,1238.05,1604.9,1569.2,1492.18,1540.56,1568.23,1561.19,1497.22,1768.7,1263.7,296.0,188.0,Sideways,Weak,34.84,Double Bottom,82,03-04-2026,01-05-2026,P1:03-04-2026@1553.5 ; P2:01-05-2026@1529.7,Rounding Top(79) | Diamond Bottom(76),Double Bottom(82) | Rounding Top(79) | Diamond Bottom(76),39058235,Homebuilding & Construction Supplies
2026-05-27,JYOTICNC,656.95,Stage 4 (Downtrend),34.14,834.62,1153909,49.07,1.66,False,75.81,226.0,-0.91,False,Discount,27.36,50.61,False,Increasing,0.2307,False,False,False,26.42,663.0,False,1435.9,656.95,679.2,648.1,1046.43,715.63,737.01,783.78,860.56,1330.0,648.1,218.0,67.0,Downtrend,Strong,20.92,Broadening Formation,72,05-12-2025,08-05-2026,H1:02-01-2026@993.95 ; H2:08-05-2026@766.35 ; L1:05-12-2025@950.5 ; L2:17-04-2026@707.3,Diamond Top(64),Broadening Formation(72) | Diamond Top(64),105042461,"Machinery, Equipment & Components"
2026-05-27,TORNTPOWER,1440.5,Stage 2 (Uptrend),48.54,1425.0,523751,60.88,1.02,False,75.45,227.0,-2.31,True,Equilibrium,36.56,21.03,False,Increasing,0.3012,False,False,False,27.06,1474.6,False,1772.5,1200.0,1485.9,1438.0,1486.25,1582.54,1525.26,1476.05,1382.99,1824.1,1188.0,290.0,125.0,Uptrend,Strong,42.66,Broadening Formation,68,07-11-2025,01-05-2026,H1:28-11-2025@1314.5 ; H2:01-05-2026@1736.0 ; L1:07-11-2025@1281.2 ; L2:03-04-2026@1332.2,,Broadening Formation(68),125795770,Electrical Utilities & IPPs
2026-05-27,TATAELXSI,4331.2,Stage 4 (Downtrend),41.33,4812.32,172636,44.61,0.75,False,74.77,228.0,-0.32,False,Near Discount,56.71,35.69,False,Decreasing,0.092,False,True,True,13.8,4345.0,False,9087.35,3976.6,4369.9,4321.0,6531.98,4205.38,4255.64,4622.82,5004.28,6735.0,3945.0,400.0,201.0,Sideways,Weak,21.5,Double Bottom,86,27-03-2026,15-05-2026,P1:27-03-2026@4160.8 ; P2:15-05-2026@4125.6,Falling Wedge(85) | Descending Channel(57),Double Bottom(86) | Falling Wedge(85) | Descending Channel(57),564883,Software & IT Services
2026-05-27,POLICYBZR,1784.8,Stage 2 (Uptrend),59.96,1661.86,418169,48.25,0.24,False,74.63,229.0,-0.23,True,Equilibrium,65.45,9.77,False,Decreasing,0.1607,False,True,True,27.78,1789.0,False,2215.85,1426.9,1800.9,1773.0,1821.38,1716.33,1599.27,1575.15,1690.14,1978.0,1364.0,310.0,467.0,Uptrend,Strong,25.99,Symmetrical Triangle,74,20-03-2026,08-05-2026,H1:20-03-2026@1497.1 ; H2:24-04-2026@1696.7 ; L1:03-04-2026@1426.9 ; L2:08-05-2026@1645.1,Rounding Bottom(71),Symmetrical Triangle(74) | Rounding Bottom(71),96227697,Financial Technology (Fintech) & Infrastructure
2026-05-27,POLYMED,1330.3,Stage 4 (Downtrend),40.8,1561.94,560563,45.99,3.25,True,74.57,230.0,-7.62,False,Near Discount,35.72,42.58,False,Increasing,0.2341,False,False,False,23.81,1440.0,True,3002.35,1191.1,1450.0,1313.0,2096.72,1545.44,1445.83,1442.29,1681.82,2316.6,1182.0,279.0,24.0,Sideways,Moderate,56.63,Cup and Handle,94,22-01-2026,27-05-2026,RimL:22-01-2026@1609.0 ; Btm:30-03-2026@1191.1 ; RimR:29-04-2026@1517.9 ; Hdl:27-05-2026@1330.3,,Cup and Handle(94),23993188,Healthcare Equipment & Supplies
2026-05-27,KARURVYSYA,294.05,Stage 2 (Uptrend),54.24,280.56,2533650,46.21,0.79,False,74.5,231.0,0.34,True,Near Premium,51.79,14.38,False,Increasing,0.1023,False,True,False,13.29,293.05,False,336.85,147.6,295.0,285.0,242.23,294.2,287.06,293.12,265.7,343.45,201.82,138.0,186.0,Sideways,Weak,33.36,Cup and Handle,83,05-03-2026,13-05-2026,RimL:05-03-2026@316.75 ; Btm:23-03-2026@261.15 ; RimR:07-05-2026@313.55 ; Hdl:13-05-2026@280.2,,Cup and Handle(83),482574693,Banking Services
2026-05-27,KALYANKJIL,354.75,Stage 4 (Downtrend),37.16,429.51,2019909,34.12,0.22,False,71.66,232.0,-0.57,False,Near Discount,36.27,42.57,False,Decreasing,0.3093,False,False,False,31.06,356.8,False,787.9,343.55,357.8,352.7,565.72,376.02,395.66,403.43,449.53,617.7,337.0,156.0,474.0,Downtrend,Strong,44.58,Head and Shoulders,72,13-02-2026,08-05-2026,LS:13-02-2026@418.05 ; H:10-04-2026@449.15 ; RS:08-05-2026@424.55,Diamond Top(60) | Rounding Top(59),Head and Shoulders(72) | Diamond Top(60) | Rounding Top(59),73053172,Specialty Retailers
2026-05-27,ELGIEQUIP,577.9,Stage 2 (Uptrend),62.32,499.71,1232509,42.73,3.39,True,71.23,233.0,1.67,True,Equilibrium,64.25,5.01,False,Increasing,0.1234,False,True,True,22.21,568.4,False,769.2,402.2,589.0,559.8,585.7,549.05,525.18,503.26,494.87,608.4,408.25,205.0,21.0,Sideways,Moderate,32.25,Inverse Head and Shoulders,88,07-11-2025,13-03-2026,LS:07-11-2025@479.15 ; H:23-01-2026@425.0 ; RS:13-03-2026@469.5,Cup and Handle(83) | Long-term Rounding Bottom(75),Inverse Head and Shoulders(88) | Cup and Handle(83) | Long-term Rounding Bottom(75),141094833,"Machinery, Equipment & Components"
2026-05-27,CENTRALBK,30.84,Stage 4 (Downtrend),34.15,36.35,22992791,56.55,1.67,False,70.91,234.0,-0.71,False,Discount,25.47,25.15,False,Increasing,0.2276,False,False,False,26.81,31.06,False,74.15,30.84,31.1,30.52,52.5,34.41,34.54,35.97,36.67,41.2,30.52,29.0,66.0,Downtrend,Strong,33.29,Broadening Formation,72,28-11-2025,08-05-2026,H1:28-11-2025@38.37 ; H2:08-05-2026@36.51 ; L1:12-12-2025@36.42 ; L2:27-03-2026@33.0,Rounding Top(63),Broadening Formation(72) | Rounding Top(63),1447426774,Banking Services
2026-05-27,PHOENIXLTD,1771.8,Stage 2 (Uptrend),54.56,1733.8,399545,57.82,1.07,False,70.79,235.0,-0.73,True,Near Premium,51.89,11.1,False,Increasing,0.0796,False,True,False,16.66,1784.8,False,1950.8,1057.42,1797.5,1763.6,1504.11,1776.64,1707.01,1712.89,1693.76,1993.0,1402.5,312.0,115.0,Sideways,Moderate,25.4,Head and Shoulders,92,07-11-2025,13-02-2026,LS:07-11-2025@1773.3 ; H:09-01-2026@1904.2 ; RS:13-02-2026@1735.5,Cup and Handle(83),Head and Shoulders(92) | Cup and Handle(83),44814478,Real Estate Operations
2026-05-27,VMM,121.45,Stage 4 (Downtrend),49.23,123.64,5823094,49.58,0.62,False,70.72,236.0,0.31,False,Equilibrium,52.04,22.94,False,Decreasing,0.067,False,True,False,19.86,121.08,False,153.18,99.44,122.65,120.81,126.31,122.02,116.97,118.55,130.55,157.6,98.77,82.0,255.0,Sideways,Moderate,20.17,Falling Wedge,85,19-09-2025,15-05-2026,UL1:19-09-2025@152.35 ; UL2:19-12-2025@138.07 ; UL3:08-05-2026@123.93 ; LL1:26-09-2025@143.95 ; LL2:21-11-2025@130.92 ; LL3:20-03-2026@102.3 ; LL4:15-05-2026@118.99,Rounding Bottom(79) | Descending Channel(57),Falling Wedge(85) | Rounding Bottom(79) | Descending Channel(57),2304225427,Diversified Retail
2026-05-27,SBILIFE,1864.5,Stage 1/3 (Neutral),46.81,1958.71,372683,56.44,0.41,False,69.49,237.0,-0.98,False,Near Premium,49.4,12.55,False,Decreasing,0.0514,False,True,True,11.58,1883.0,False,2109.6,1328.35,1888.5,1860.0,1718.98,1857.79,1860.65,1940.55,1928.08,2132.0,1720.0,320.0,368.0,Sideways,Weak,16.66,Cup and Handle,79,10-03-2026,12-05-2026,RimL:10-03-2026@1963.7 ; Btm:02-04-2026@1774.0 ; RimR:20-04-2026@1982.5 ; Hdl:12-05-2026@1833.9,Double Bottom(78) | Descending Channel(69) | Broadening Formation(68),Cup and Handle(79) | Double Bottom(78) | Descending Channel(69) | Broadening Formation(68),15228858,Insurance
2026-05-27,ASTRAZEN,8648.0,Stage 1/3 (Neutral),52.2,8627.57,80279,47.14,7.3,True,69.43,238.0,-2.02,False,Near Discount,54.23,19.11,False,Increasing,0.1013,False,True,True,21.11,8826.0,False,10509.5,7765.5,8826.0,8357.0,9137.5,8481.33,8343.37,8473.3,8739.92,10691.0,7551.5,447.0,6.0,Sideways,Moderate,27.96,Falling Wedge,89,31-10-2025,01-05-2026,UL1:31-10-2025@9555.0 ; UL2:05-12-2025@9226.5 ; UL3:13-02-2026@8919.0 ; UL4:17-04-2026@8506.5 ; LL1:21-11-2025@8988.0 ; LL2:16-01-2026@8264.0 ; LL3:03-04-2026@7827.5 ; LL4:01-05-2026@8213.0,Descending Channel(61),Falling Wedge(89) | Descending Channel(61),9163257,Pharmaceuticals
2026-05-27,FSL,264.97,Stage 4 (Downtrend),49.48,280.86,2606791,29.11,0.29,False,69.07,239.0,-3.82,False,Near Discount,59.3,34.38,False,Decreasing,0.3313,False,True,True,31.45,275.5,False,406.75,204.39,276.34,263.17,305.57,245.69,230.14,250.37,299.53,403.8,202.0,132.0,450.0,Uptrend,Strong,82.82,Triple Bottom,90,27-02-2026,24-04-2026,P1:27-02-2026@213.15 ; P2:27-03-2026@212.87 ; P3:24-04-2026@209.27,Double Bottom(86) | Broadening Formation(68),Triple Bottom(90) | Double Bottom(86) | Broadening Formation(68),704349431,Professional & Commercial Services
2026-05-27,FACT,923.4,Stage 2 (Uptrend),57.79,843.81,742331,29.75,3.73,True,68.55,240.0,1.41,True,Near Premium,64.37,16.96,False,Increasing,0.083,False,True,True,20.46,910.6,False,1134.45,585.05,938.4,904.5,859.75,889.38,857.07,825.29,869.15,1112.0,652.1,254.0,20.0,Sideways,Moderate,20.96,Broadening Formation,72,12-12-2025,08-05-2026,H1:02-01-2026@908.05 ; H2:08-05-2026@904.6 ; L1:12-12-2025@827.1 ; L2:03-04-2026@773.75,,Broadening Formation(72),240054661,Chemicals
2026-05-27,COROMANDEL,1831.7,Stage 4 (Downtrend),35.45,2139.69,374108,60.46,0.85,False,68.53,241.0,-0.98,False,Discount,36.12,32.63,False,Decreasing,0.1363,False,False,False,29.1,1849.9,False,2691.4,1819.4,1885.9,1824.0,2255.4,1900.98,1962.44,2093.26,2183.87,2718.9,1786.0,319.0,167.0,Downtrend,Strong,22.85,No Clear Pattern,0,,,,,No Clear Pattern,27050779,Chemicals
2026-05-27,GODFRYPHLP,2310.9,Stage 4 (Downtrend),48.57,2348.96,294706,33.13,0.3,False,68.1,242.0,0.23,False,Near Discount,53.7,43.36,False,Decreasing,0.111,False,True,False,26.14,2305.5,False,3964.06,1844.0,2331.9,2293.0,2904.03,2329.15,2150.2,2129.12,2655.36,4080.07,1832.1,345.0,443.0,Uptrend,Strong,40.25,Rounding Bottom,79,24-12-2025,27-05-2026,Start:24-12-2025@2810.8 ; Q1:02-02-2026@1916.8 ; Mid:12-03-2026@2091.6 ; Q3:20-04-2026@2137.8 ; End:27-05-2026@2310.9,Descending Channel(57),Rounding Bottom(79) | Descending Channel(57),66034827,Food & Tobacco
2026-05-27,LICHSGFIN,556.45,Stage 1/3 (Neutral),54.26,533.91,1206626,32.73,0.68,False,67.14,243.0,2.17,True,Near Discount,53.34,13.93,False,Decreasing,0.1172,False,True,False,19.21,544.65,False,816.35,460.7,559.45,543.45,638.52,558.87,535.96,527.26,543.59,646.5,458.9,209.0,225.0,Sideways,Moderate,31.72,Broadening Formation,68,24-10-2025,08-05-2026,H1:24-10-2025@579.5 ; H2:08-05-2026@581.5 ; L1:12-12-2025@532.4 ; L2:20-03-2026@486.15,,Broadening Formation(68),169589009,Banking Services
2026-05-27,IRFC,99.19,Stage 4 (Downtrend),40.54,109.79,6755352,34.78,0.64,False,67.01,244.0,-0.01,False,Near Discount,45.36,33.41,False,Decreasing,0.1304,False,False,False,17.62,99.2,False,217.43,87.23,99.94,98.83,152.33,101.42,99.23,105.11,113.73,148.95,87.0,72.0,243.0,Sideways,Moderate,22.58,Broadening Formation,68,26-09-2025,08-05-2026,H1:10-10-2025@126.5 ; H2:08-05-2026@106.03 ; L1:26-09-2025@121.91 ; L2:03-04-2026@91.84,Descending Channel(57),Broadening Formation(68) | Descending Channel(57),1407785440,Banking Services
2026-05-27,CHAMBLFERT,478.15,Stage 1/3 (Neutral),56.25,448.15,1400265,47.21,1.04,False,66.95,245.0,-0.39,True,Near Discount,65.15,18.68,False,Decreasing,0.1213,False,True,True,13.26,480.0,False,726.65,412.25,483.0,472.45,569.45,449.37,446.08,443.59,468.67,588.0,399.75,186.0,120.0,Sideways,Weak,33.95,Triple Top,82,27-02-2026,08-05-2026,P1:27-02-2026@461.25 ; P2:10-04-2026@456.7 ; P3:08-05-2026@455.8,Symmetrical Triangle(74) | Rounding Bottom(71),Triple Top(82) | Symmetrical Triangle(74) | Rounding Bottom(71),316378397,Chemicals
2026-05-27,IREDA,130.2,Stage 4 (Downtrend),48.48,131.21,5122289,30.97,0.82,False,66.69,246.0,0.51,False,Near Discount,52.22,30.22,False,Decreasing,0.1111,False,True,False,15.35,129.54,False,289.65,108.98,131.19,128.99,199.32,130.73,126.18,126.32,136.16,186.58,108.65,92.0,172.0,Sideways,Moderate,23.88,No Clear Pattern,0,,,,,No Clear Pattern,1185936249,Banking Services
2026-05-27,HEG,579.75,Stage 2 (Uptrend),52.03,558.79,1121535,41.71,0.61,False,65.02,247.0,-1.39,True,Near Premium,43.06,15.98,False,Decreasing,0.0786,False,False,False,15.36,587.95,False,668.4,301.13,597.45,576.5,484.76,597.07,584.8,565.54,546.59,690.0,459.8,222.0,265.0,Sideways,Moderate,42.44,Cup and Handle,83,06-01-2026,27-05-2026,RimL:06-01-2026@637.5 ; Btm:23-03-2026@477.25 ; RimR:23-04-2026@668.4 ; Hdl:27-05-2026@579.75,,Cup and Handle(83),450762616,"Machinery, Equipment & Components"
2026-05-27,GRAPHITE,746.8,Stage 2 (Uptrend),63.14,641.09,832684,34.06,0.46,False,62.18,248.0,-1.22,True,Near Premium,56.15,6.93,False,Decreasing,0.1097,False,True,True,30.57,756.0,False,774.45,374.45,772.9,745.5,574.45,737.12,688.41,669.56,615.64,802.4,505.8,244.0,347.0,Uptrend,Strong,32.71,Cup and Handle,83,26-02-2026,12-05-2026,RimL:26-02-2026@730.15 ; Btm:23-03-2026@563.7 ; RimR:22-04-2026@741.05 ; Hdl:12-05-2026@717.0,Double Bottom(82) | Flag Pattern (Bull Flag)(80) | Broadening Formation(68),Cup and Handle(83) | Double Bottom(82) | Flag Pattern (Bull Flag)(80) | Broadening Formation(68),325446509,"Machinery, Equipment & Components"
2026-05-27,BAJAJFINSV,1809.1,Stage 4 (Downtrend),46.15,1917.65,339636,49.35,0.3,False,61.44,249.0,0.17,False,Equilibrium,56.36,17.58,False,Decreasing,0.0738,False,True,True,20.48,1806.0,False,2176.6,1631.8,1815.5,1794.5,1904.2,1774.24,1757.24,1859.24,1950.34,2195.0,1597.0,328.0,443.0,Sideways,Moderate,20.54,Cup and Handle,87,05-03-2026,15-05-2026,RimL:05-03-2026@1911.8 ; Btm:30-03-2026@1631.8 ; RimR:21-04-2026@1851.4 ; Hdl:15-05-2026@1728.1,Broadening Formation(68) | Descending Channel(57),Cup and Handle(87) | Broadening Formation(68) | Descending Channel(57),111941561,Banking Services
2026-05-27,RAYMOND,532.0,Stage 1/3 (Neutral),60.03,432.27,1154486,42.55,0.74,False,61.42,250.0,-4.32,True,Near Discount,61.75,32.13,False,Decreasing,0.2903,False,True,True,34.84,556.0,False,815.72,321.85,559.2,520.9,568.79,502.13,434.32,413.04,478.12,783.9,320.0,217.0,204.0,Uptrend,Strong,80.35,Flag Pattern (Bear Flag),76,17-09-2025,31-10-2025,PoleS:17-09-2025@622.6 ; PoleE:09-10-2025@577.45 ; Consol:31-10-2025@574.05,Symmetrical Triangle(74),Flag Pattern (Bear Flag)(76) | Symmetrical Triangle(74),133935753,Textiles & Apparel
2026-05-27,SRF,2736.8,Stage 4 (Downtrend),51.7,2751.45,222202,37.85,0.36,False,60.81,251.0,-1.13,False,Equilibrium,60.6,17.69,False,Decreasing,0.1304,False,True,True,14.83,2768.0,False,3286.5,2391.5,2776.4,2725.0,2839.0,2668.23,2552.57,2654.97,2801.67,3325.0,2355.0,371.0,406.0,Sideways,Weak,34.16,Rounding Bottom,79,12-02-2026,27-05-2026,Start:12-02-2026@2841.5 ; Q1:10-03-2026@2596.6 ; Mid:06-04-2026@2433.8 ; Q3:01-05-2026@2518.6 ; End:27-05-2026@2736.8,Descending Channel(57),Rounding Bottom(79) | Descending Channel(57),47348025,Chemicals
2026-05-27,J&KBANK,143.88,Stage 2 (Uptrend),67.7,114.12,4222221,46.12,0.9,False,60.75,252.0,2.66,True,Premium,64.34,0.77,False,Increasing,0.1412,False,True,True,17.73,140.15,False,143.88,88.47,144.7,139.76,116.18,135.33,127.21,118.1,110.88,145.0,97.35,107.0,155.0,Sideways,Moderate,44.13,Broadening Formation,68,17-10-2025,08-05-2026,H1:30-01-2026@104.71 ; H2:08-05-2026@141.76 ; L1:17-10-2025@104.65 ; L2:03-04-2026@113.56,,Broadening Formation(68),533766259,Banking Services
2026-05-27,NETWORK18,31.27,Stage 4 (Downtrend),34.77,37.4,19196465,44.11,4.94,True,60.03,253.0,-0.73,False,Near Discount,37.84,52.11,False,Increasing,0.1552,False,False,False,20.74,31.5,False,130.95,27.52,32.73,30.75,79.24,32.91,32.58,34.47,41.8,65.29,27.38,32.0,13.0,Sideways,Moderate,23.94,Broadening Formation,72,19-09-2025,17-04-2026,H1:19-09-2025@55.43 ; H2:17-04-2026@36.36 ; L1:26-09-2025@51.68 ; L2:27-03-2026@28.74,Rounding Top(63) | Descending Channel(61),Broadening Formation(72) | Rounding Top(63) | Descending Channel(61),860322764,Media & Publishing
2026-05-27,SYNGENE,460.4,Stage 4 (Downtrend),43.23,514.23,1278726,88.85,0.17,False,58.87,254.0,-1.6,False,Near Discount,52.32,36.81,False,Increasing,0.0708,False,True,False,36.94,467.9,False,947.8,389.9,467.9,459.0,668.85,465.5,433.94,457.63,552.26,728.6,380.0,197.0,487.0,Uptrend,Strong,48.47,Rounding Bottom,79,22-01-2026,27-05-2026,Start:22-01-2026@592.6 ; Q1:23-02-2026@446.95 ; Mid:26-03-2026@418.75 ; Q3:27-04-2026@437.95 ; End:27-05-2026@460.4,,Rounding Bottom(79),144850291,Biotechnology & Medical Research
2026-05-27,UPL,656.15,Stage 4 (Downtrend),48.21,695.96,896366,59.55,0.4,False,58.82,255.0,-0.27,False,Equilibrium,57.06,19.21,False,Decreasing,0.07,False,True,True,14.84,657.9,False,805.35,567.95,659.7,653.75,686.65,642.57,633.12,666.87,695.09,812.2,565.15,237.0,381.0,Sideways,Weak,31.75,Head and Shoulders,72,05-12-2025,20-02-2026,LS:05-12-2025@759.1 ; H:02-01-2026@804.65 ; RS:20-02-2026@752.35,Diamond Top(60),Head and Shoulders(72) | Diamond Top(60),208377065,Chemicals
2026-05-27,MAHABANK,80.08,Stage 2 (Uptrend),65.39,67.04,7325388,54.25,0.46,False,58.66,256.0,-0.12,True,Near Premium,55.97,6.78,False,Decreasing,0.103,False,True,False,19.08,80.18,False,85.31,43.62,80.25,79.6,64.46,80.13,73.9,70.32,63.75,85.9,50.74,69.0,347.0,Sideways,Moderate,29.12,Cup and Handle,83,26-02-2026,18-05-2026,RimL:26-02-2026@75.65 ; Btm:30-03-2026@61.33 ; RimR:21-04-2026@80.18 ; Hdl:18-05-2026@77.8,,Cup and Handle(83),2328646100,Banking Services
2026-05-27,TARIL,322.1,Stage 1/3 (Neutral),50.68,292.96,1820417,39.36,0.58,False,58.64,257.0,0.34,False,Near Discount,56.29,44.32,False,Decreasing,0.1578,False,True,True,13.93,321.0,False,587.3,229.58,329.6,319.0,408.44,314.32,301.8,287.5,346.68,578.5,224.05,168.0,285.0,Sideways,Weak,45.09,Symmetrical Triangle,74,20-02-2026,15-05-2026,H1:20-02-2026@313.86 ; H2:01-05-2026@334.2 ; L1:27-03-2026@272.15 ; L2:15-05-2026@300.8,,Symmetrical Triangle(74),257201358,"Machinery, Equipment & Components"
2026-05-27,UNITDSPR,1302.5,Stage 4 (Downtrend),46.48,1357.51,443996,58.45,0.42,False,57.83,258.0,0.58,False,Near Discount,51.53,20.82,False,Decreasing,0.071,False,True,True,13.61,1295.0,False,1688.55,1218.8,1310.3,1290.6,1453.68,1292.12,1290.44,1326.04,1350.9,1645.0,1210.8,306.0,363.0,Sideways,Weak,21.71,Triple Top,70,13-02-2026,24-04-2026,P1:13-02-2026@1402.4 ; P2:06-03-2026@1389.8 ; P3:24-04-2026@1391.9,Broadening Formation(68) | Double Top(66),Triple Top(70) | Broadening Formation(68) | Double Top(66),73521169,Beverages
2026-05-27,DABUR,445.45,Stage 4 (Downtrend),42.67,484.02,1295057,40.48,0.59,False,57.69,259.0,1.07,False,Near Discount,44.22,22.8,False,Decreasing,0.1082,False,True,False,19.11,440.75,False,667.55,410.45,447.0,440.3,539.0,457.68,442.03,472.89,492.51,577.0,403.35,195.0,279.0,Sideways,Moderate,28.22,Cup and Handle,87,05-03-2026,27-05-2026,RimL:05-03-2026@487.9 ; Btm:30-03-2026@410.45 ; RimR:08-05-2026@487.7 ; Hdl:27-05-2026@445.45,Broadening Formation(68) | Flag Pattern (Bear Flag)(64),Cup and Handle(87) | Broadening Formation(68) | Flag Pattern (Bear Flag)(64),71862005,Personal & Household Products & Services
2026-05-27,OIL,488.0,Stage 2 (Uptrend),54.78,458.1,1177761,40.37,0.19,False,57.47,260.0,-0.67,True,Near Premium,50.13,8.1,False,Decreasing,0.1691,False,True,True,24.55,491.3,False,518.3,341.65,491.3,484.5,429.98,487.92,479.69,474.07,443.64,531.0,384.6,214.0,483.0,Sideways,Moderate,41.94,No Clear Pattern,0,,,,,No Clear Pattern,720310393,Oil & Gas
2026-05-27,SYRMA,1053.8,Stage 2 (Uptrend),65.21,838.42,544786,32.99,0.3,False,57.41,261.0,-0.29,True,Near Premium,60.58,11.3,False,Decreasing,0.1685,False,True,True,36.81,1056.9,False,1112.6,379.55,1075.75,1048.0,746.08,1035.15,934.83,853.68,821.1,1188.0,500.0,285.0,443.0,Uptrend,Strong,39.99,Inverse Head and Shoulders,88,19-12-2025,13-03-2026,LS:19-12-2025@729.7 ; H:23-01-2026@665.35 ; RS:13-03-2026@724.55,Broadening Formation(68),Inverse Head and Shoulders(88) | Broadening Formation(68),264138718,Electronic Equipment & Parts
2026-05-27,PNBHOUSING,1077.9,Stage 2 (Uptrend),66.52,910.56,532208,55.71,0.55,False,57.37,262.0,-1.38,True,Near Premium,63.21,5.6,False,Decreasing,0.0571,True,True,True,42.52,1093.0,False,1137.05,750.75,1105.0,1074.0,943.9,1062.9,946.08,898.71,888.47,1141.9,729.6,288.0,296.0,Uptrend,Strong,23.61,Broadening Formation,68,31-10-2025,08-05-2026,H1:31-10-2025@928.7 ; H2:08-05-2026@1091.2 ; L1:21-11-2025@887.15 ; L2:03-04-2026@784.4,,Broadening Formation(68),112731860,Banking Services
2026-05-27,INOXINDIA,1524.9,Stage 2 (Uptrend),71.22,1231.95,371484,39.88,1.42,False,56.65,263.0,1.56,True,Near Premium,61.74,5.63,False,Increasing,0.1087,False,True,True,23.32,1501.5,False,1592.9,889.6,1545.8,1465.2,1241.25,1464.02,1387.72,1263.41,1215.02,1615.9,1065.0,321.0,78.0,Sideways,Moderate,34.72,Long-term Cup and Handle,83,02-07-2025,23-03-2026,RimL:02-07-2025@1266.9 ; Btm:13-08-2025@1071.8 ; RimR:17-11-2025@1231.4 ; Hdl:23-03-2026@1162.9,,Long-term Cup and Handle(83),74160920,"Machinery, Equipment & Components"
2026-05-27,MUTHOOTFIN,3306.9,Stage 1/3 (Neutral),46.33,3557.0,168567,46.4,0.2,False,55.74,264.0,-0.84,False,Near Premium,43.34,20.31,False,Decreasing,0.1149,False,False,False,15.32,3334.9,False,4091.7,1273.25,3360.0,3301.2,2682.48,3401.79,3399.27,3515.85,3410.76,4149.5,2068.0,406.0,480.0,Sideways,Moderate,34.73,Flag Pattern (Bull Flag),76,17-09-2025,31-10-2025,PoleS:17-09-2025@2942.1 ; PoleE:09-10-2025@3249.5 ; Consol:31-10-2025@3178.7,Symmetrical Triangle(74),Flag Pattern (Bull Flag)(76) | Symmetrical Triangle(74),75018570,Banking Services
2026-05-27,JUBLFOOD,427.3,Stage 4 (Downtrend),31.39,512.67,1296399,48.48,0.47,False,55.4,265.0,-0.4,False,Near Discount,36.64,40.57,False,Decreasing,0.1505,False,False,False,20.82,429.0,False,766.6,413.15,433.85,425.4,589.88,458.31,456.67,483.72,543.18,718.95,408.8,194.0,339.0,Sideways,Moderate,38.67,Rounding Top,59,02-04-2026,27-05-2026,Start:02-04-2026@446.55 ; Q1:16-04-2026@459.65 ; Mid:30-04-2026@478.6 ; Q3:14-05-2026@460.45 ; End:27-05-2026@427.3,,Rounding Top(59),60324136,Hotels & Entertainment Services
2026-05-27,PAGEIND,38145.0,Stage 1/3 (Neutral),55.1,35581.5,14501,49.0,0.54,False,55.31,266.0,-0.12,True,Equilibrium,57.07,24.6,False,Decreasing,0.1179,False,True,True,30.01,38190.0,False,49440.0,30200.0,38410.0,37930.0,39820.0,37355.0,35943.8,34452.3,37547.07,50590.0,29805.0,488.0,307.0,Uptrend,Strong,27.96,Symmetrical Triangle,74,06-02-2026,01-05-2026,H1:06-02-2026@35560.0 ; H2:17-04-2026@37975.0 ; L1:13-03-2026@30285.0 ; L2:01-05-2026@36785.0,,Symmetrical Triangle(74),716409,Textiles & Apparel
2026-05-27,OBEROIRLTY,1692.6,Stage 1/3 (Neutral),56.23,1614.05,326144,52.6,0.87,False,55.2,267.0,-0.44,True,Near Discount,57.75,15.58,False,Increasing,0.0769,False,True,True,15.14,1700.0,False,2322.65,1411.5,1710.2,1681.1,1867.08,1657.38,1617.93,1574.65,1618.51,2005.0,1391.2,334.0,160.0,Sideways,Moderate,24.58,Cup and Handle,79,05-01-2026,18-05-2026,RimL:05-01-2026@1740.0 ; Btm:23-03-2026@1411.5 ; RimR:22-04-2026@1733.6 ; Hdl:18-05-2026@1600.7,,Cup and Handle(79),67041050,Real Estate Operations
2026-05-27,MANAPPURAM,328.75,Stage 2 (Uptrend),64.85,288.51,1660735,40.06,0.35,False,54.6,268.0,-0.38,True,Premium,69.45,1.57,False,Decreasing,0.1376,False,True,True,26.81,330.0,False,330.25,136.05,330.05,327.2,233.15,312.09,285.56,288.14,285.93,334.0,231.1,175.0,412.0,Uptrend,Strong,33.13,Triple Top,90,26-12-2025,20-02-2026,P1:26-12-2025@313.35 ; P2:16-01-2026@314.0 ; P3:20-02-2026@306.5,Cup and Handle(83) | Rounding Bottom(75) | Broadening Formation(68),Triple Top(90) | Cup and Handle(83) | Rounding Bottom(75) | Broadening Formation(68),914241823,Banking Services
2026-05-27,FORTIS,960.9,Stage 1/3 (Neutral),59.71,899.48,567070,41.93,0.46,False,54.49,269.0,-0.05,True,Near Premium,57.32,12.99,False,Decreasing,0.0577,True,True,True,27.03,961.4,False,1095.25,333.6,970.9,953.95,714.42,957.26,895.78,890.97,923.47,1104.3,702.0,277.0,347.0,Uptrend,Strong,21.16,Cup and Handle,83,26-02-2026,07-05-2026,RimL:26-02-2026@963.65 ; Btm:02-04-2026@788.75 ; RimR:27-04-2026@953.8 ; Hdl:07-05-2026@947.7,Flag Pattern (Bull Flag)(80) | Descending Channel(77),Cup and Handle(83) | Flag Pattern (Bull Flag)(80) | Descending Channel(77),194789978,Healthcare Providers & Services
2026-05-27,ANANDRATHI,3566.7,Stage 2 (Uptrend),67.29,3174.16,151771,60.86,0.58,False,54.13,270.0,-0.93,True,Near Premium,52.41,4.51,False,Decreasing,0.0288,True,True,False,21.64,3600.0,False,3689.8,939.28,3625.0,3550.0,2314.54,3585.04,3446.79,3244.69,3109.23,3735.0,1859.8,413.0,285.0,Sideways,Moderate,11.53,Broadening Formation,68,26-09-2025,08-05-2026,H1:09-01-2026@3145.4 ; H2:08-05-2026@3608.8 ; L1:26-09-2025@2866.7 ; L2:20-03-2026@3003.4,,Broadening Formation(68),32925783,Investment Banking & Investment Services
2026-05-27,MPHASIS,2232.9,Stage 4 (Downtrend),43.26,2506.61,241776,46.14,0.39,False,53.99,271.0,-1.66,False,Near Discount,50.88,26.48,False,Decreasing,0.0962,False,True,True,15.19,2270.7,False,3197.3,2047.4,2288.3,2224.1,2622.35,2207.3,2229.72,2374.1,2596.73,3037.2,2013.0,363.0,388.0,Sideways,Moderate,24.81,Broadening Formation,68,24-10-2025,15-05-2026,H1:24-10-2025@2818.9 ; H2:17-04-2026@2462.2 ; L1:02-01-2026@2807.2 ; L2:15-05-2026@2083.2,Rounding Top(59),Broadening Formation(68) | Rounding Top(59),16739813,Software & IT Services
2026-05-27,LTF,281.7,Stage 1/3 (Neutral),52.12,287.15,1908996,33.56,0.4,False,53.78,272.0,0.28,True,Near Premium,50.83,14.49,False,Decreasing,0.1343,False,True,False,15.21,280.9,False,320.3,130.89,284.6,280.5,225.6,283.93,274.58,280.34,275.02,329.45,169.25,163.0,381.0,Sideways,Moderate,30.63,Double Top,86,20-02-2026,08-05-2026,P1:20-02-2026@297.75 ; P2:08-05-2026@303.4,Cup and Handle(83) | Rounding Bottom(75),Double Top(86) | Cup and Handle(83) | Rounding Bottom(75),570725187,Banking Services
2026-05-27,BOSCHLTD,36035.0,Stage 1/3 (Neutral),50.91,35756.33,14903,32.55,0.44,False,53.7,273.0,0.1,False,Near Premium,48.14,14.09,False,Decreasing,0.0838,False,True,False,18.8,36000.0,False,41495.0,26182.7,36135.0,35850.0,33838.85,36589.5,35105.0,35171.15,36637.28,41945.0,28610.0,487.0,356.0,Sideways,Moderate,30.18,Inverse Head and Shoulders,92,23-01-2026,01-05-2026,LS:23-01-2026@35265.0 ; H:27-03-2026@29615.0 ; RS:01-05-2026@35995.0,Falling Wedge(85) | Rounding Bottom(79) | Head and Shoulders(72) | Double Top(66) | Diamond Top(60),Inverse Head and Shoulders(92) | Falling Wedge(85) | Rounding Bottom(79) | Head and Shoulders(72) | Double Top(66) | Diamond Top(60),2465478,Automobiles & Auto Parts
2026-05-27,NH,1920.2,Stage 2 (Uptrend),59.69,1814.34,278363,46.21,0.65,False,53.45,274.0,1.06,True,Equilibrium,58.97,18.99,False,Decreasing,0.1123,False,True,True,18.57,1900.0,False,2263.2,1605.3,1927.8,1874.4,1934.25,1850.82,1771.21,1783.75,1806.9,2370.2,1589.0,352.0,239.0,Sideways,Moderate,34.81,Inverse Head and Shoulders,84,06-02-2026,01-05-2026,LS:06-02-2026@1715.3 ; H:03-04-2026@1625.0 ; RS:01-05-2026@1766.6,Cup and Handle(79) | Diamond Bottom(72),Inverse Head and Shoulders(84) | Cup and Handle(79) | Diamond Bottom(72),54486556,Healthcare Providers & Services
2026-05-27,PATANJALI,454.75,Stage 4 (Downtrend),30.38,511.16,1174899,52.62,0.47,False,53.43,275.0,-2.4,False,Near Discount,44.38,30.23,False,Decreasing,0.062,False,False,False,21.38,465.95,False,664.72,441.05,466.75,452.0,552.88,458.83,464.28,489.67,534.85,651.76,438.0,215.0,339.0,Sideways,Moderate,22.44,No Clear Pattern,0,,,,,No Clear Pattern,102867674,Food & Tobacco
2026-05-27,BAJAJHFL,86.02,Stage 4 (Downtrend),43.19,90.77,6149376,46.52,1.47,False,52.9,276.0,1.13,False,Near Discount,53.84,33.03,False,Increasing,0.0811,False,True,True,18.99,85.06,False,181.5,73.09,87.45,84.6,127.3,85.21,84.25,86.37,96.48,128.45,72.65,77.0,74.0,Sideways,Moderate,18.47,Double Top,66,06-02-2026,17-04-2026,P1:06-02-2026@91.28 ; P2:17-04-2026@91.8,Rounding Top(59),Double Top(66) | Rounding Top(59),31788207,Banking Services
2026-05-27,AWL,193.46,Stage 4 (Downtrend),40.88,214.16,2692167,39.06,1.02,False,52.08,277.0,-0.1,False,Near Discount,45.53,32.36,False,Increasing,0.106,False,True,False,20.41,193.65,False,398.7,172.3,196.3,192.3,285.5,200.07,191.34,195.84,227.06,286.0,171.19,128.0,125.0,Sideways,Moderate,29.96,Cup and Handle,87,12-02-2026,25-05-2026,RimL:12-02-2026@206.3 ; Btm:16-03-2026@172.3 ; RimR:06-05-2026@207.8 ; Hdl:25-05-2026@193.06,Broadening Formation(68),Cup and Handle(87) | Broadening Formation(68),88549691,Food & Tobacco
2026-05-27,NUVAMA,1537.2,Stage 2 (Uptrend),58.84,1369.77,338454,48.32,0.41,False,52.03,278.0,1.57,True,Near Premium,63.19,7.86,False,Decreasing,0.2272,False,True,True,26.66,1513.4,False,1631.5,520.21,1541.7,1505.1,1075.85,1468.7,1343.18,1326.32,1349.14,1668.33,1096.9,329.0,368.0,Uptrend,Strong,50.02,Flag Pattern (Bull Flag),80,17-09-2025,31-10-2025,PoleS:17-09-2025@1248.04 ; PoleE:09-10-2025@1397.45 ; Consol:31-10-2025@1390.59,Rounding Bottom(75) | Broadening Formation(68),Flag Pattern (Bull Flag)(80) | Rounding Bottom(75) | Broadening Formation(68),11320408,Investment Banking & Investment Services
2026-05-27,GLAND,2313.0,Stage 2 (Uptrend),72.16,1789.39,224401,54.02,0.27,False,51.9,279.0,-0.48,True,Premium,75.75,3.46,False,Decreasing,0.4442,False,True,True,43.83,2324.1,False,2334.0,1392.8,2354.7,2309.2,1863.4,2016.4,1839.72,1799.46,1827.59,2396.0,1570.0,369.0,460.0,Uptrend,Strong,61.91,Triple Top,90,06-02-2026,17-04-2026,P1:06-02-2026@1851.0 ; P2:27-02-2026@1822.2 ; P3:17-04-2026@1797.4,Broadening Formation(68),Triple Top(90) | Broadening Formation(68),23279443,Pharmaceuticals
2026-05-27,MRPL,150.41,Stage 1/3 (Neutral),42.42,168.85,3381631,28.88,0.41,False,50.86,280.0,-0.52,False,Equilibrium,38.95,29.16,False,Decreasing,0.1679,False,False,False,23.86,151.2,False,206.77,101.4,152.1,148.51,154.08,154.95,170.04,174.25,159.99,212.31,120.4,119.0,368.0,Sideways,Moderate,44.28,Rounding Top,71,24-12-2025,27-05-2026,Start:24-12-2025@146.05 ; Q1:02-02-2026@177.46 ; Mid:12-03-2026@191.44 ; Q3:20-04-2026@180.0 ; End:27-05-2026@150.41,,Rounding Top(71),1494173206,Oil & Gas
2026-05-27,IEX,126.59,Stage 4 (Downtrend),46.36,130.42,3879387,36.42,0.77,False,49.11,281.0,-0.56,False,Near Discount,48.89,41.23,False,Increasing,0.0831,False,True,False,11.32,127.3,False,239.37,114.75,128.77,125.71,177.06,127.61,125.71,126.51,133.94,215.4,114.6,111.0,192.0,Sideways,Weak,23.02,Cup and Handle,87,22-01-2026,18-05-2026,RimL:22-01-2026@131.06 ; Btm:30-03-2026@114.75 ; RimR:17-04-2026@135.81 ; Hdl:18-05-2026@123.5,Broadening Formation(68) | Double Top(66) | Diamond Top(60),Cup and Handle(87) | Broadening Formation(68) | Double Top(66) | Diamond Top(60),831257650,Investment Banking & Investment Services
2026-05-27,GPPL,159.11,Stage 4 (Downtrend),48.25,168.43,3071410,50.82,2.37,True,48.87,282.0,-0.56,False,Near Discount,57.34,20.48,False,Increasing,0.075,False,True,True,13.76,160.0,False,237.93,124.95,160.5,155.01,181.44,155.73,153.15,162.22,165.58,200.09,141.55,122.0,36.0,Sideways,Weak,21.96,Broadening Formation,72,02-01-2026,15-05-2026,H1:09-01-2026@186.11 ; H2:08-05-2026@158.9 ; L1:02-01-2026@182.31 ; L2:15-05-2026@151.05,Long-term Rounding Top(63) | Descending Channel(61),Broadening Formation(72) | Long-term Rounding Top(63) | Descending Channel(61),576524597,Transport Infrastructure
2026-05-27,AIIL,497.0,Stage 4 (Downtrend),47.38,528.81,978918,25.35,2.53,True,48.65,283.0,4.19,False,Near Premium,52.78,30.51,False,Increasing,0.1449,False,True,True,25.98,477.0,False,711.1,164.32,516.0,475.5,437.71,491.26,473.54,496.59,566.95,715.24,400.0,232.0,34.0,Uptrend,Strong,43.04,Cup and Handle,91,25-03-2026,12-05-2026,RimL:25-03-2026@526.7 ; Btm:07-04-2026@412.25 ; RimR:23-04-2026@501.75 ; Hdl:12-05-2026@478.35,Rounding Bottom(83),Cup and Handle(91) | Rounding Bottom(83),19895545,Investment Banking & Investment Services
2026-05-27,PIDILITIND,1480.7,Stage 1/3 (Neutral),56.49,1436.52,323780,67.89,0.28,False,47.94,284.0,0.52,True,Equilibrium,62.9,4.54,False,Decreasing,0.1105,False,True,True,22.62,1473.1,False,1648.75,1273.6,1486.0,1472.4,1461.17,1443.23,1383.48,1419.17,1453.87,1551.2,1259.0,335.0,456.0,Sideways,Moderate,23.62,Triple Top,82,09-01-2026,27-02-2026,P1:09-01-2026@1484.3 ; P2:06-02-2026@1489.1 ; P3:27-02-2026@1492.0,Diamond Top(72) | Rounding Bottom(71) | Broadening Formation(68),Triple Top(82) | Diamond Top(72) | Rounding Bottom(71) | Broadening Formation(68),38562967,Chemicals
2026-05-27,DELHIVERY,459.75,Stage 1/3 (Neutral),55.75,429.98,1037299,52.34,0.35,False,47.69,285.0,-0.83,True,Near Premium,49.85,6.17,False,Decreasing,0.0784,False,True,False,11.21,463.6,False,484.85,240.29,469.4,458.75,362.57,464.95,453.12,435.63,440.05,490.0,342.85,226.0,412.0,Sideways,Weak,26.05,Double Top,86,10-04-2026,08-05-2026,P1:10-04-2026@470.15 ; P2:08-05-2026@479.1,Rising Wedge(85) | Diamond Bottom(76) | Ascending Channel(73),Double Top(86) | Rising Wedge(85) | Diamond Bottom(76) | Ascending Channel(73),281308780,Freight & Logistics Services
2026-05-27,NEULANDLAB,16772.0,Stage 2 (Uptrend),61.32,14813.87,28207,43.85,0.32,False,47.31,286.0,-2.36,True,Near Premium,59.45,15.07,False,Decreasing,0.1593,False,True,True,32.23,17178.0,False,18113.0,4038.45,17360.0,16710.0,11075.72,16618.1,14813.8,14040.67,14822.51,19747.0,11255.0,475.0,432.0,Uptrend,Strong,39.58,Diamond Bottom,76,19-09-2025,08-05-2026,H1:19-09-2025@15467.0 ; H2:07-11-2025@17837.0 ; H3:08-05-2026@17666.0 ; L1:26-09-2025@13966.0 ; L2:21-11-2025@16598.0 ; L3:24-04-2026@14405.0,Broadening Formation(68),Diamond Bottom(76) | Broadening Formation(68),5562552,Pharmaceuticals
2026-05-27,AJANTPHARM,3020.8,Stage 2 (Uptrend),58.62,2811.4,154397,56.28,1.02,False,46.64,287.0,-2.56,True,Near Premium,48.76,8.87,False,Increasing,0.1622,False,True,False,29.23,3100.1,False,3259.2,1801.25,3120.0,3010.0,2530.22,3073.8,2916.85,2893.86,2731.04,3314.9,2329.9,410.0,125.0,Uptrend,Strong,35.54,Broadening Formation,68,07-11-2025,15-05-2026,H1:07-11-2025@2524.2 ; H2:15-05-2026@3177.2 ; L1:21-11-2025@2485.7 ; L2:24-04-2026@2765.3,,Broadening Formation(68),18534318,Pharmaceuticals
2026-05-27,ICICIPRULI,522.9,Stage 4 (Downtrend),40.0,601.14,877650,56.77,0.54,False,45.89,288.0,-0.4,False,Near Discount,44.68,26.02,False,Decreasing,0.1338,False,False,False,22.6,525.0,False,688.45,503.4,529.0,517.0,595.92,532.85,533.76,588.19,603.26,706.8,488.6,238.0,307.0,Sideways,Moderate,32.09,Broadening Formation,68,21-11-2025,08-05-2026,H1:06-02-2026@651.35 ; H2:08-05-2026@567.25 ; L1:21-11-2025@610.9 ; L2:01-05-2026@513.85,Double Top(66) | Diamond Top(60),Broadening Formation(68) | Double Top(66) | Diamond Top(60),103438394,Insurance
2026-05-27,ANANTRAJ,508.3,Stage 4 (Downtrend),48.89,525.46,897810,32.47,0.38,False,45.64,289.0,0.85,False,Near Discount,52.39,31.65,False,Decreasing,0.1941,False,True,False,17.36,504.0,False,935.55,405.7,510.4,500.0,670.62,509.04,487.15,505.51,549.03,743.65,403.0,236.0,392.0,Sideways,Moderate,46.58,Cup and Handle,87,18-02-2026,18-05-2026,RimL:18-02-2026@556.15 ; Btm:30-03-2026@405.7 ; RimR:06-05-2026@556.65 ; Hdl:18-05-2026@476.25,Rounding Bottom(79) | Broadening Formation(68) | Diamond Top(60),Cup and Handle(87) | Rounding Bottom(79) | Broadening Formation(68) | Diamond Top(60),461879792,Real Estate Operations
2026-05-27,NTPCGREEN,104.33,Stage 2 (Uptrend),55.32,96.71,4365754,34.0,0.63,False,45.55,290.0,0.9,True,Equilibrium,45.34,13.02,False,Decreasing,0.094,False,False,False,17.62,103.4,False,118.86,85.18,106.73,103.29,102.02,107.44,104.73,97.46,97.98,119.95,84.0,102.0,249.0,Sideways,Moderate,27.06,Broadening Formation,68,19-12-2025,17-04-2026,H1:02-01-2026@97.11 ; H2:17-04-2026@111.96 ; L1:19-12-2025@89.92 ; L2:27-03-2026@95.06,,Broadening Formation(68),1357512831,Electrical Utilities & IPPs
2026-05-27,GPIL,281.8,Stage 2 (Uptrend),55.5,265.1,1601428,51.95,0.31,False,45.13,291.0,-1.64,True,Near Premium,43.34,11.94,False,Decreasing,0.1088,False,False,False,17.53,286.5,False,305.85,120.21,288.9,280.95,213.03,293.48,287.72,272.42,260.87,320.0,175.37,179.0,435.0,Sideways,Moderate,35.49,Rounding Top,79,02-04-2026,27-05-2026,Start:02-04-2026@276.75 ; Q1:16-04-2026@300.3 ; Mid:30-04-2026@296.3 ; Q3:14-05-2026@289.25 ; End:27-05-2026@281.8,Broadening Formation(68),Rounding Top(79) | Broadening Formation(68),316880662,Metals & Mining
2026-05-27,CGCL,189.9,Stage 1/3 (Neutral),56.09,180.42,2357825,53.17,0.69,False,44.78,292.0,-0.47,True,Near Discount,54.74,11.26,False,Decreasing,0.11,False,True,True,21.64,190.79,False,300.03,151.06,194.5,189.1,225.55,189.75,181.66,176.57,182.99,214.0,150.51,142.0,224.0,Sideways,Moderate,30.09,Head and Shoulders,92,19-09-2025,02-01-2026,LS:19-09-2025@190.66 ; H:24-10-2025@204.96 ; RS:02-01-2026@185.22,Cup and Handle(83) | Diamond Top(80) | Ascending Channel(73) | Broadening Formation(68),Head and Shoulders(92) | Cup and Handle(83) | Diamond Top(80) | Ascending Channel(73) | Broadening Formation(68),270826412,Banking Services
2026-05-27,ICICIGI,1850.6,Stage 4 (Downtrend),50.18,1875.51,241816,57.67,0.42,False,44.75,293.0,-0.56,False,Near Discount,56.71,10.54,False,Decreasing,0.0708,False,True,True,12.51,1861.0,False,2275.2,1689.1,1870.7,1848.5,1982.15,1813.04,1789.0,1833.37,1888.36,2068.7,1629.5,362.0,363.0,Sideways,Weak,21.45,Rounding Bottom,79,05-03-2026,27-05-2026,Start:05-03-2026@1875.2 ; Q1:26-03-2026@1770.3 ; Mid:16-04-2026@1886.7 ; Q3:07-05-2026@1850.2 ; End:27-05-2026@1850.6,Broadening Formation(68),Rounding Bottom(79) | Broadening Formation(68),48012541,Insurance
2026-05-27,JSWINFRA,279.55,Stage 1/3 (Neutral),53.87,267.28,1587232,56.63,0.8,False,44.37,294.0,0.22,True,Near Discount,58.1,19.9,False,Increasing,0.0922,False,True,True,13.92,278.95,False,356.65,234.31,284.75,278.4,295.48,273.32,265.26,262.82,278.69,349.0,233.42,180.0,179.0,Sideways,Weak,31.73,Rising Wedge,77,02-01-2026,15-05-2026,UL1:02-01-2026@285.35 ; UL2:06-02-2026@259.75 ; UL3:06-03-2026@268.8 ; UL4:08-05-2026@283.65 ; LL1:23-01-2026@256.35 ; LL2:20-02-2026@253.0 ; LL3:03-04-2026@241.25 ; LL4:15-05-2026@267.1,Rounding Bottom(71),Rising Wedge(77) | Rounding Bottom(71),401082216,Transport Infrastructure
2026-05-27,IDBI,73.49,Stage 4 (Downtrend),39.47,92.17,5960584,43.53,0.92,False,43.8,295.0,0.75,False,Near Discount,48.97,37.92,False,Decreasing,0.102,False,True,True,12.97,72.94,False,116.01,61.5,74.46,72.55,88.76,73.31,72.14,87.93,92.08,118.38,61.01,78.0,151.0,Sideways,Weak,27.69,Rounding Top,59,02-04-2026,27-05-2026,Start:02-04-2026@69.55 ; Q1:16-04-2026@74.34 ; Mid:30-04-2026@75.88 ; Q3:14-05-2026@71.4 ; End:27-05-2026@73.49,,Rounding Top(59),2007963312,Banking Services
2026-05-27,SCHNEIDER,1377.6,Stage 2 (Uptrend),77.39,898.68,314166,46.08,1.37,False,43.28,296.0,-1.38,True,Premium,65.47,2.84,False,Increasing,0.1471,False,True,True,30.27,1396.9,False,1377.6,550.95,1417.8,1361.0,964.28,1302.7,1111.98,944.56,876.19,1417.8,571.85,340.0,84.0,Uptrend,Strong,53.59,No Clear Pattern,0,,,,,No Clear Pattern,70942975,"Machinery, Equipment & Components"
2026-05-27,PPLPHARMA,174.24,Stage 1/3 (Neutral),54.68,165.73,2480547,41.01,0.4,False,43.22,297.0,-2.6,True,Near Discount,56.16,21.1,False,Decreasing,0.1687,False,True,True,37.59,178.9,False,293.55,133.27,179.58,173.8,213.41,173.46,157.35,157.65,173.87,220.85,132.3,140.0,381.0,Uptrend,Strong,48.89,Rounding Bottom,71,24-12-2025,27-05-2026,Start:24-12-2025@177.31 ; Q1:02-02-2026@155.06 ; Mid:12-03-2026@145.54 ; Q3:20-04-2026@148.79 ; End:27-05-2026@174.24,Broadening Formation(68),Rounding Bottom(71) | Broadening Formation(68),1328601524,Pharmaceuticals
2026-05-27,SAILIFE,1131.2,Stage 2 (Uptrend),66.51,952.87,378461,40.84,0.36,False,42.81,298.0,-0.86,True,Near Premium,57.96,4.52,False,Decreasing,0.102,False,True,True,20.86,1141.0,False,1175.9,640.25,1150.0,1116.3,908.08,1108.24,1038.41,978.59,931.99,1184.8,711.95,317.0,406.0,Sideways,Moderate,32.7,Cup and Handle,83,05-03-2026,06-05-2026,RimL:05-03-2026@1069.2 ; Btm:06-04-2026@944.65 ; RimR:30-04-2026@1069.45 ; Hdl:06-05-2026@1079.2,Broadening Formation(68),Cup and Handle(83) | Broadening Formation(68),50475917,Pharmaceuticals
2026-05-27,HONAUT,36180.0,Stage 1/3 (Neutral),60.55,32150.17,11755,34.49,0.62,False,42.53,299.0,0.5,True,Near Discount,72.07,12.71,False,Decreasing,0.3294,False,True,True,32.94,36000.0,False,58628.1,26325.0,36400.0,35635.0,42476.55,31153.0,30006.9,30869.45,33329.43,41450.0,26220.0,491.0,255.0,Uptrend,Strong,63.02,Rounding Bottom,71,22-01-2026,27-05-2026,Start:22-01-2026@32390.0 ; Q1:23-02-2026@31570.0 ; Mid:26-03-2026@28205.0 ; Q3:27-04-2026@31850.0 ; End:27-05-2026@36180.0,,Rounding Bottom(71),620069,Electronic Equipment & Parts
2026-05-27,COLPAL,2087.4,Stage 4 (Downtrend),47.85,2104.38,199944,37.03,0.51,False,41.74,300.0,0.34,False,Near Discount,45.38,16.64,False,Decreasing,0.0661,False,True,False,21.07,2080.3,False,3838.1,1788.7,2099.3,2070.2,2813.4,2143.96,2030.69,2082.64,2151.96,2504.0,1782.0,385.0,325.0,Sideways,Moderate,22.72,Cup and Handle,87,26-02-2026,26-05-2026,RimL:26-02-2026@2295.3 ; Btm:30-03-2026@1788.7 ; RimR:05-05-2026@2178.9 ; Hdl:26-05-2026@2077.1,Rounding Bottom(79) | Broadening Formation(68),Cup and Handle(87) | Rounding Bottom(79) | Broadening Formation(68),21603475,Personal & Household Products & Services
2026-05-27,GLAXO,2296.2,Stage 4 (Downtrend),41.05,2450.34,179567,62.77,1.76,False,41.23,301.0,0.05,False,Discount,36.87,34.69,False,Increasing,0.1018,False,False,False,18.84,2295.0,False,3466.2,2259.5,2315.9,2283.2,2862.85,2377.62,2374.48,2424.11,2534.46,3515.7,2217.6,397.0,55.0,Sideways,Moderate,20.28,Cup and Handle,91,09-03-2026,26-05-2026,RimL:09-03-2026@2519.2 ; Btm:27-03-2026@2259.5 ; RimR:23-04-2026@2494.6 ; Hdl:26-05-2026@2282.4,Rounding Top(63),Cup and Handle(91) | Rounding Top(63),28135089,Pharmaceuticals
2026-05-27,ACMESOLAR,305.6,Stage 2 (Uptrend),62.51,250.71,1292446,47.85,0.76,False,39.5,302.0,0.39,True,Near Premium,64.09,5.77,False,Decreasing,0.1316,False,True,True,27.69,304.4,False,318.8,173.85,309.65,302.5,246.32,290.76,283.52,254.69,259.97,324.3,195.9,196.0,197.0,Uptrend,Strong,31.52,Flag Pattern (Bear Flag),84,17-09-2025,31-10-2025,PoleS:17-09-2025@307.6 ; PoleE:09-10-2025@281.1 ; Consol:31-10-2025@281.8,,Flag Pattern (Bear Flag)(84),145508966,Electrical Utilities & IPPs
2026-05-27,KAJARIACER,1081.4,Stage 1/3 (Neutral),52.4,1030.02,354246,79.0,0.81,False,38.31,303.0,0.69,False,Near Discount,49.12,18.19,False,Increasing,0.1416,False,True,False,21.71,1074.0,False,1548.05,779.45,1088.9,1063.7,1163.75,1085.96,1073.79,1012.27,1082.11,1321.9,869.6,324.0,177.0,Sideways,Moderate,36.39,Double Bottom,86,30-01-2026,13-03-2026,P1:30-01-2026@902.4 ; P2:13-03-2026@910.15,Broadening Formation(68) | Rounding Top(59),Double Bottom(86) | Broadening Formation(68) | Rounding Top(59),32049644,Homebuilding & Construction Supplies
2026-05-27,JUBLINGREA,680.45,Stage 2 (Uptrend),51.43,663.02,555634,45.42,2.13,True,37.81,304.0,-2.79,True,Equilibrium,41.8,20.12,False,Increasing,0.0949,False,True,False,24.38,700.0,False,859.2,541.3,715.0,675.2,700.25,726.25,668.34,645.89,671.44,851.8,537.3,282.0,41.0,Sideways,Moderate,32.59,Broadening Formation,72,26-09-2025,08-05-2026,H1:02-01-2026@726.25 ; H2:08-05-2026@742.6 ; L1:26-09-2025@650.0 ; L2:27-03-2026@557.55,,Broadening Formation(72),110090273,Chemicals
2026-05-27,ESCORTS,2880.4,Stage 4 (Downtrend),37.13,3396.36,130340,51.04,0.8,False,37.54,305.0,-2.03,False,Near Discount,36.05,31.09,False,Decreasing,0.1972,False,False,False,19.29,2940.0,False,3962.1,2740.3,2964.6,2875.1,3351.2,3050.21,3063.69,3283.4,3473.78,4180.0,2710.1,427.0,179.0,Sideways,Moderate,34.58,Broadening Formation,68,14-11-2025,17-04-2026,H1:28-11-2025@3817.4 ; H2:17-04-2026@3295.0 ; L1:14-11-2025@3551.1 ; L2:27-03-2026@2842.4,,Broadening Formation(68),14344154,"Machinery, Equipment & Components"
2026-05-27,EIDPARRY,743.4,Stage 4 (Downtrend),30.41,900.72,504839,49.66,1.73,False,37.53,306.0,-2.77,False,Discount,28.65,40.38,False,Increasing,0.1575,False,False,False,28.68,764.6,True,1236.2,743.4,768.3,742.0,989.8,808.99,819.99,852.81,956.13,1246.8,742.0,293.0,58.0,Downtrend,Strong,21.01,Broadening Formation,75,19-09-2025,17-04-2026,H1:19-09-2025@1066.3 ; H2:17-04-2026@865.15 ; L1:21-11-2025@1018.4 ; L2:20-03-2026@789.05,Rounding Top(66),Broadening Formation(75) | Rounding Top(66),67137262,Chemicals
2026-05-27,JBCHEPHARM,2204.2,Stage 2 (Uptrend),70.06,1949.96,170231,61.18,0.56,False,37.52,307.0,0.65,True,Premium,62.17,3.55,False,Decreasing,0.0945,False,True,True,35.17,2190.0,False,2228.4,1504.4,2215.0,2168.0,1866.4,2143.48,2069.03,2017.82,1880.78,2285.3,1603.5,404.0,294.0,Uptrend,Strong,24.29,Cup and Handle,83,20-03-2026,13-05-2026,RimL:20-03-2026@2138.6 ; Btm:08-04-2026@1942.5 ; RimR:06-05-2026@2141.5 ; Hdl:13-05-2026@2094.3,,Cup and Handle(83),12576270,Pharmaceuticals
2026-05-27,BLUESTARCO,1657.1,Stage 4 (Downtrend),43.2,1779.33,225572,37.99,0.4,False,37.38,308.0,0.99,False,Near Discount,42.4,18.77,False,Decreasing,0.1468,False,False,False,22.66,1640.9,False,2337.55,1528.3,1664.9,1630.4,1932.93,1696.3,1712.91,1788.09,1821.22,2040.0,1450.0,368.0,381.0,Sideways,Moderate,26.86,Head and Shoulders,72,02-01-2026,17-04-2026,LS:02-01-2026@1816.1 ; H:13-02-2026@1997.2 ; RS:17-04-2026@1866.1,Broadening Formation(68) | Diamond Top(60) | Long-term Rounding Top(59) | Rounding Top(59),Head and Shoulders(72) | Broadening Formation(68) | Diamond Top(60) | Long-term Rounding Top(59) | Rounding Top(59),38043142,"Machinery, Equipment & Components"
2026-05-27,BAYERCROP,4615.8,Stage 1/3 (Neutral),48.38,4574.45,80964,30.61,4.19,True,37.37,309.0,0.23,False,Near Discount,56.65,29.11,False,Increasing,0.1371,False,False,True,24.55,4605.0,False,6956.5,4289.7,4686.8,4581.6,5623.1,4500.11,4630.02,4586.89,4725.86,6511.0,4273.0,446.0,16.0,Sideways,Moderate,22.76,Broadening Formation,72,28-11-2025,15-05-2026,H1:28-11-2025@4658.4 ; H2:17-04-2026@4898.2 ; L1:19-12-2025@4301.4 ; L2:15-05-2026@4349.8,Double Top(70) | Rounding Top(63),Broadening Formation(72) | Double Top(70) | Rounding Top(63),2862131,Chemicals
2026-05-27,OLECTRA,1227.8,Stage 1/3 (Neutral),52.65,1159.59,302931,40.51,0.41,False,37.19,310.0,-0.34,False,Near Discount,50.99,28.37,False,Decreasing,0.1325,False,True,False,22.39,1232.0,False,2135.1,880.45,1239.8,1223.3,1507.78,1251.76,1175.59,1097.53,1260.38,1714.2,866.6,344.0,368.0,Sideways,Moderate,38.53,Cup and Handle,87,24-12-2025,18-05-2026,RimL:24-12-2025@1249.5 ; Btm:13-03-2026@880.45 ; RimR:27-04-2026@1237.35 ; Hdl:18-05-2026@1204.7,Flag Pattern (Bear Flag)(64),Cup and Handle(87) | Flag Pattern (Bear Flag)(64),170883095,Automobiles & Auto Parts
2026-05-27,MRF,127040.0,Stage 4 (Downtrend),39.44,141108.83,2911,38.47,0.41,False,36.98,311.0,-0.52,False,Equilibrium,42.78,22.35,False,Decreasing,0.0448,False,False,False,11.31,127700.0,False,162295.0,102659.4,127760.0,126900.0,132477.2,128165.75,130419.1,135899.2,144006.33,163600.0,123455.0,497.0,368.0,Sideways,Weak,15.71,Cup and Handle,87,05-03-2026,21-05-2026,RimL:05-03-2026@140215.0 ; Btm:23-03-2026@124975.0 ; RimR:17-04-2026@139855.0 ; Hdl:21-05-2026@126070.0,,Cup and Handle(87),333434,Automobiles & Auto Parts
2026-05-27,AARTIIND,500.75,Stage 2 (Uptrend),65.38,416.27,736246,52.39,0.59,False,36.87,312.0,1.79,True,Premium,63.4,4.27,False,Increasing,0.1281,False,True,True,17.52,491.95,False,513.1,340.0,501.4,490.0,426.55,483.67,453.49,432.53,406.18,523.1,338.05,256.0,279.0,Sideways,Moderate,32.49,Diamond Bottom,76,19-09-2025,15-05-2026,H1:19-09-2025@393.2 ; H2:02-01-2026@376.95 ; H3:01-05-2026@507.5 ; L1:17-10-2025@374.8 ; L2:23-01-2026@352.8 ; L3:15-05-2026@466.25,Long-term Rounding Bottom(75) | Ascending Channel(73) | Broadening Formation(68),Diamond Bottom(76) | Long-term Rounding Bottom(75) | Ascending Channel(73) | Broadening Formation(68),151752731,Chemicals
2026-05-27,M&MFIN,305.2,Stage 2 (Uptrend),99.28,33.09,1204418,45.51,0.88,False,36.76,313.0,-0.28,True,Premium,94.4,3.1,False,Increasing,2.5525,False,True,True,77.57,306.05,False,308.55,0.0,306.95,301.45,154.28,206.64,86.14,43.33,21.67,314.95,0.0,210.0,158.0,Uptrend,Strong,2992.42,No Clear Pattern,0,,,,,No Clear Pattern,24904537,Banking Services
2026-05-27,NSLNISP,46.01,Stage 2 (Uptrend),61.08,41.15,7945386,41.31,1.0,False,36.56,314.0,0.85,True,Near Discount,65.38,7.33,True,Increasing,0.0976,False,True,True,30.2,45.62,False,70.9,33.04,46.62,45.48,51.97,43.68,40.72,40.48,41.7,49.65,33.01,64.0,133.0,Uptrend,Strong,34.03,Cup and Handle,86,29-01-2026,12-05-2026,RimL:29-01-2026@43.55 ; Btm:30-03-2026@33.2 ; RimR:30-04-2026@42.72 ; Hdl:12-05-2026@41.9,Rounding Bottom(78),Cup and Handle(86) | Rounding Bottom(78),711366812,Metals & Mining
2026-05-27,NATCOPHARM,1175.8,Stage 2 (Uptrend),69.57,964.43,309647,42.91,0.53,False,36.41,315.0,-1.19,True,Premium,58.18,4.16,False,Decreasing,0.1101,False,True,True,27.49,1190.0,False,1206.0,746.5,1202.0,1170.3,976.25,1160.3,1089.7,993.01,927.71,1226.8,789.0,342.0,314.0,Uptrend,Strong,26.39,Long-term Cup and Handle,83,18-07-2025,23-03-2026,RimL:18-07-2025@1035.1 ; Btm:11-11-2025@792.95 ; RimR:10-03-2026@1039.2 ; Hdl:23-03-2026@927.55,,Long-term Cup and Handle(83),197238900,Pharmaceuticals
2026-05-27,ZFCVINDIA,14868.0,Stage 2 (Uptrend),55.23,14352.4,24234,70.26,1.39,False,36.03,316.0,-0.15,True,Near Premium,56.46,10.78,False,Increasing,0.058,False,True,True,17.46,14890.0,False,15974.0,9863.9,14959.0,14685.0,12918.95,14613.8,14367.84,14494.4,14104.85,16665.0,12302.0,478.0,82.0,Sideways,Moderate,20.02,Rounding Bottom,75,12-02-2026,27-05-2026,Start:12-02-2026@15816.0 ; Q1:10-03-2026@13995.0 ; Mid:06-04-2026@13744.0 ; Q3:01-05-2026@14699.0 ; End:27-05-2026@14868.0,,Rounding Bottom(75),-3256248,Automobiles & Auto Parts
2026-05-27,CEATLTD,3295.3,Stage 4 (Downtrend),41.39,3664.27,109286,39.58,0.54,False,36.01,317.0,-0.47,False,Equilibrium,47.53,25.75,False,Decreasing,0.1094,False,False,True,12.71,3311.0,False,4302.7,2091.0,3356.6,3289.1,3196.85,3270.88,3426.87,3571.83,3617.3,4438.0,3000.5,433.0,307.0,Sideways,Weak,37.26,Broadening Formation,68,19-12-2025,15-05-2026,H1:19-12-2025@3931.7 ; H2:17-04-2026@3716.1 ; L1:23-01-2026@3718.2 ; L2:15-05-2026@3212.2,,Broadening Formation(68),35951648,Automobiles & Auto Parts
2025-09-03,SWANENERGY,460.9,Stage 1/3 (Neutral),49.65,436.03,769547,33.09,0.38,False,35.47,318.0,0.55,False,Near Discount,52.52,43.08,False,Decreasing,0.1661,False,True,True,17.42,458.4,False,787.15,383.15,467.9,458.2,585.15,444.26,458.66,443.81,504.17,809.8,362.2,252.0,392.0,Sideways,Moderate,42.32,Double Bottom,86,20-06-2025,08-08-2025,P1:20-06-2025@418.8 ; P2:08-08-2025@415.15,,Double Bottom(86),363821914,Textiles & Apparel
2026-05-27,BEML,1832.6,Stage 1/3 (Neutral),53.14,1745.83,189834,39.84,0.63,False,34.79,319.0,-0.13,False,Near Discount,53.37,24.44,False,Decreasing,0.1182,False,True,False,21.16,1835.0,False,2588.21,1369.4,1874.0,1807.3,1978.8,1846.76,1703.5,1701.77,1844.48,2425.27,1355.0,391.0,249.0,Sideways,Moderate,38.81,Rounding Bottom,79,24-12-2025,27-05-2026,Start:24-12-2025@1867.9 ; Q1:02-02-2026@1736.4 ; Mid:12-03-2026@1614.2 ; Q3:20-04-2026@1744.2 ; End:27-05-2026@1832.6,Symmetrical Triangle(74),Rounding Bottom(79) | Symmetrical Triangle(74),101559780,"Machinery, Equipment & Components"
2026-05-27,REDINGTON,222.8,Stage 4 (Downtrend),44.04,250.66,1557325,45.69,0.44,False,34.7,320.0,-0.82,False,Near Discount,52.63,33.45,False,Decreasing,0.0753,False,True,True,10.57,224.65,False,329.7,199.95,226.6,222.02,264.82,219.86,216.8,237.6,253.56,334.8,191.31,182.0,356.0,Sideways,Weak,26.97,Broadening Formation,68,26-12-2025,08-05-2026,H1:30-01-2026@271.45 ; H2:08-05-2026@223.02 ; L1:26-12-2025@270.95 ; L2:01-05-2026@215.87,Diamond Top(60),Broadening Formation(68) | Diamond Top(60),1039266301,"Computers, Phones & Household Electronics"
2026-05-27,GNFC,516.15,Stage 2 (Uptrend),60.57,470.85,670839,31.15,0.75,False,34.63,321.0,-0.74,True,Near Discount,58.3,10.04,False,Decreasing,0.1665,False,True,True,29.47,520.0,False,801.2,366.45,539.6,515.0,583.83,501.79,458.69,457.85,479.72,573.75,365.0,260.0,201.0,Uptrend,Strong,42.79,Diamond Top,72,19-09-2025,17-04-2026,H1:19-09-2025@513.0 ; H2:05-12-2025@502.7 ; H3:17-04-2026@489.7 ; L1:26-09-2025@497.3 ; L2:07-11-2025@490.65 ; L3:27-03-2026@385.5,Rounding Bottom(71) | Broadening Formation(68),Diamond Top(72) | Rounding Bottom(71) | Broadening Formation(68),73177843,Chemicals
2026-05-27,SJVN,75.52,Stage 1/3 (Neutral),47.94,75.19,4499727,36.29,1.08,False,33.98,322.0,2.34,False,Near Discount,50.27,28.65,False,Decreasing,0.1311,False,True,False,19.29,73.79,False,153.78,63.35,76.13,73.75,108.56,76.44,73.8,73.7,79.79,105.85,63.02,100.0,111.0,Sideways,Moderate,31.54,Cup and Handle,87,12-02-2026,22-05-2026,RimL:12-02-2026@78.98 ; Btm:30-03-2026@63.35 ; RimR:28-04-2026@81.79 ; Hdl:22-05-2026@73.09,Rounding Bottom(79),Cup and Handle(87) | Rounding Bottom(79),2357215321,Electrical Utilities & IPPs
2026-05-27,JSL,722.2,Stage 4 (Downtrend),44.62,763.38,466816,52.02,0.95,False,33.71,323.0,-0.81,False,Equilibrium,35.48,18.3,False,Increasing,0.0926,False,False,False,30.94,728.1,False,865.65,512.6,736.1,720.0,689.12,747.86,747.62,760.11,767.12,884.0,633.35,301.0,145.0,Uptrend,Strong,19.15,Cup and Handle,79,26-02-2026,27-05-2026,RimL:26-02-2026@809.15 ; Btm:23-03-2026@695.7 ; RimR:20-04-2026@789.9 ; Hdl:27-05-2026@722.2,Double Top(78),Cup and Handle(79) | Double Top(78),115296293,Metals & Mining
2026-05-27,PETRONET,278.8,Stage 4 (Downtrend),50.24,279.12,1198057,41.17,0.41,False,33.4,324.0,-0.48,True,Equilibrium,55.99,14.58,False,Decreasing,0.0954,False,True,True,14.02,280.15,False,323.4,238.05,280.8,275.8,280.73,274.7,267.92,280.46,278.76,326.4,235.35,211.0,368.0,Sideways,Weak,24.14,Head and Shoulders,84,02-01-2026,08-05-2026,LS:02-01-2026@291.05 ; H:27-02-2026@323.4 ; RS:08-05-2026@283.8,Broadening Formation(68),Head and Shoulders(84) | Broadening Formation(68),473761111,Oil & Gas Related Equipment and Services
2026-05-27,LALPATHLAB,1617.2,Stage 2 (Uptrend),63.06,1446.84,202603,41.66,0.24,False,32.76,325.0,1.19,True,Near Premium,57.32,8.18,False,Decreasing,0.2137,False,True,True,40.28,1598.2,False,1793.81,1000.52,1636.8,1592.0,1397.16,1591.48,1459.8,1429.62,1493.45,1761.19,1272.6,384.0,467.0,Uptrend,Strong,63.78,Broadening Formation,68,14-11-2025,08-05-2026,H1:14-11-2025@1568.76 ; H2:08-05-2026@1649.8 ; L1:23-01-2026@1376.4 ; L2:01-05-2026@1367.2,,Broadening Formation(68),28615330,Healthcare Providers & Services
2026-05-27,BAJAJHLDNG,10556.0,Stage 4 (Downtrend),48.23,10716.63,30861,49.3,0.68,False,32.58,326.0,-1.39,False,Near Discount,56.85,28.5,False,Decreasing,0.0671,False,True,True,16.83,10705.0,False,14523.0,8746.0,10710.0,10500.0,11634.5,10418.4,9997.85,10364.02,11312.11,14763.0,8588.0,472.0,225.0,Sideways,Moderate,21.81,No Clear Pattern,0,,,,,No Clear Pattern,4812405,Holding Companies
2026-05-27,POONAWALLA,394.5,Stage 4 (Downtrend),42.9,436.34,802782,55.63,0.38,False,31.67,327.0,-0.85,False,Near Premium,37.2,30.84,False,Decreasing,0.1968,False,False,False,16.76,397.9,False,542.5,0.0,400.2,393.7,271.25,420.16,409.1,425.56,449.22,570.4,361.2,247.0,392.0,Sideways,Moderate,33.53,Broadening Formation,68,07-11-2025,08-05-2026,H1:28-11-2025@480.3 ; H2:08-05-2026@462.3 ; L1:07-11-2025@463.6 ; L2:27-03-2026@384.55,Double Top(66) | Rounding Top(59),Broadening Formation(68) | Double Top(66) | Rounding Top(59),239961045,Banking Services
2026-05-27,SARDAEN,521.55,Stage 1/3 (Neutral),47.32,525.42,606946,43.13,1.11,False,31.66,328.0,-2.12,False,Near Premium,35.53,18.48,False,Decreasing,0.1594,False,False,False,21.2,532.85,False,626.15,183.25,544.5,520.2,404.7,565.48,556.24,532.27,537.05,639.75,420.75,272.0,106.0,Sideways,Moderate,28.53,Rounding Top,71,02-04-2026,27-05-2026,Start:02-04-2026@519.2 ; Q1:16-04-2026@597.1 ; Mid:30-04-2026@591.55 ; Q3:14-05-2026@563.8 ; End:27-05-2026@521.55,,Rounding Top(71),188378378,Metals & Mining
2026-05-27,ABFRL,64.06,Stage 4 (Downtrend),45.52,68.68,4935432,47.34,0.89,False,31.62,329.0,-2.12,False,Near Discount,49.78,32.53,False,Decreasing,0.1117,False,True,False,13.79,65.45,False,117.84,53.89,65.75,63.55,85.87,64.66,62.06,64.7,72.84,94.95,53.51,93.0,157.0,Sideways,Weak,41.12,No Clear Pattern,0,,,,,No Clear Pattern,283070476,Specialty Retailers
2026-05-27,IRCON,139.66,Stage 4 (Downtrend),44.31,151.15,2261256,28.71,0.68,False,31.58,330.0,-0.06,False,Near Discount,40.94,38.07,False,Increasing,0.1979,False,False,False,20.17,139.75,False,336.8,115.24,140.95,138.61,226.02,147.72,140.02,145.23,156.8,225.52,114.5,144.0,225.0,Sideways,Moderate,29.99,Cup and Handle,87,12-02-2026,27-05-2026,RimL:12-02-2026@154.47 ; Btm:23-03-2026@115.24 ; RimR:06-05-2026@159.17 ; Hdl:27-05-2026@139.66,Broadening Formation(68),Cup and Handle(87) | Broadening Formation(68),1692671000,Construction & Engineering
2026-05-27,DEEPAKFERT,1448.3,Stage 1/3 (Neutral),65.97,1189.57,212341,46.19,0.41,False,30.75,331.0,-0.46,True,Near Premium,68.28,18.57,False,Decreasing,0.2167,False,True,True,36.51,1455.0,False,1743.5,872.1,1466.8,1439.0,1307.8,1329.21,1176.58,1116.79,1258.77,1778.6,866.4,378.0,368.0,Uptrend,Strong,45.58,No Clear Pattern,0,,,,,No Clear Pattern,144297110,Chemicals
2026-05-27,SWSOLAR,191.07,Stage 4 (Downtrend),44.71,200.58,1604643,50.75,1.08,False,30.66,332.0,-0.48,False,Near Discount,40.25,45.24,False,Increasing,0.1662,False,True,False,18.88,192.0,False,820.65,148.88,193.99,189.41,484.76,203.79,190.72,191.8,215.5,348.9,148.0,178.0,111.0,Sideways,Moderate,27.16,Rounding Bottom,79,24-12-2025,27-05-2026,Start:24-12-2025@219.99 ; Q1:02-02-2026@184.59 ; Mid:12-03-2026@179.31 ; Q3:20-04-2026@212.08 ; End:27-05-2026@191.07,Broadening Formation(68),Rounding Bottom(79) | Broadening Formation(68),269320355,Construction & Engineering
2026-05-27,NEWGEN,438.05,Stage 4 (Downtrend),31.47,623.76,699632,31.66,0.34,False,30.65,333.0,0.42,False,Near Discount,38.44,67.21,False,Decreasing,0.2117,False,False,False,13.88,436.2,False,1755.9,402.3,447.85,433.25,1079.1,470.81,459.17,514.05,701.04,1336.0,401.05,258.0,423.0,Sideways,Weak,37.39,Rounding Top,59,02-04-2026,27-05-2026,Start:02-04-2026@440.35 ; Q1:16-04-2026@478.25 ; Mid:30-04-2026@505.75 ; Q3:14-05-2026@456.85 ; End:27-05-2026@438.05,,Rounding Top(59),201808909,Software & IT Services
2026-05-27,360ONE,1112.1,Stage 1/3 (Neutral),52.85,1099.07,274760,45.77,0.31,False,30.56,334.0,-1.23,True,Near Premium,56.9,12.69,False,Decreasing,0.1,False,True,True,13.61,1125.9,False,1297.15,529.1,1129.5,1109.2,913.12,1095.12,1045.15,1078.91,1092.22,1273.8,906.05,353.0,435.0,Sideways,Weak,24.51,Rounding Bottom,71,12-02-2026,27-05-2026,Start:12-02-2026@1144.4 ; Q1:10-03-2026@1055.8 ; Mid:06-04-2026@929.45 ; Q3:01-05-2026@1034.65 ; End:27-05-2026@1112.1,Broadening Formation(68),Rounding Bottom(71) | Broadening Formation(68),44630810,Investment Banking & Investment Services
2026-05-27,SUMICHEM,495.5,Stage 1/3 (Neutral),60.26,434.13,610763,42.82,1.25,False,30.26,335.0,1.32,True,Equilibrium,64.04,25.49,False,Increasing,0.1903,False,True,True,17.74,489.05,False,652.25,364.45,501.3,467.0,508.35,465.43,431.07,421.2,466.63,665.0,362.6,271.0,91.0,Sideways,Moderate,51.02,Cup and Handle,79,22-01-2026,12-05-2026,RimL:22-01-2026@439.45 ; Btm:30-03-2026@364.45 ; RimR:23-04-2026@447.6 ; Hdl:12-05-2026@444.85,Flag Pattern (Bear Flag)(76) | Rounding Bottom(71) | Broadening Formation(68),Cup and Handle(79) | Flag Pattern (Bear Flag)(76) | Rounding Bottom(71) | Broadening Formation(68),81647726,Chemicals
2026-05-27,SBICARD,625.25,Stage 4 (Downtrend),29.4,760.44,476005,37.87,0.35,False,29.76,336.0,-0.48,False,Discount,38.05,39.13,False,Decreasing,0.0635,False,False,False,25.26,628.25,False,1017.0,620.2,632.5,622.25,818.6,633.83,654.13,712.82,790.12,1027.25,612.1,297.0,412.0,Downtrend,Strong,13.84,Broadening Formation,68,19-09-2025,17-04-2026,H1:05-12-2025@885.15 ; H2:17-04-2026@695.2 ; L1:19-09-2025@871.65 ; L2:03-04-2026@638.2,,Broadening Formation(68),31568076,Banking Services
2026-05-27,TATACHEM,774.55,Stage 1/3 (Neutral),53.47,737.75,382711,41.81,0.2,False,29.64,337.0,-0.95,False,Near Discount,57.07,24.56,False,Decreasing,0.1392,False,True,True,30.44,782.0,False,1315.25,583.25,787.25,773.0,949.25,773.0,710.84,712.27,790.75,1026.65,580.3,316.0,480.0,Uptrend,Strong,26.93,Rounding Bottom,79,24-12-2025,27-05-2026,Start:24-12-2025@765.45 ; Q1:02-02-2026@726.6 ; Mid:12-03-2026@683.15 ; Q3:20-04-2026@704.05 ; End:27-05-2026@774.55,,Rounding Bottom(79),196429665,Chemicals
2026-05-27,ACC,1426.6,Stage 4 (Downtrend),39.16,1585.78,206555,43.7,0.8,False,29.47,338.0,0.82,False,Near Discount,59.6,29.68,False,Increasing,0.0763,False,True,True,14.35,1415.0,False,2772.25,1254.6,1429.9,1397.8,2013.42,1384.03,1382.79,1500.66,1663.58,2028.8,1251.7,381.0,179.0,Sideways,Weak,19.1,Cup and Handle,87,05-03-2026,12-05-2026,RimL:05-03-2026@1523.6 ; Btm:30-03-2026@1254.6 ; RimR:22-04-2026@1446.4 ; Hdl:12-05-2026@1347.0,Broadening Formation(68),Cup and Handle(87) | Broadening Formation(68),21097914,Construction Materials
2026-05-27,BALRAMCHIN,530.2,Stage 2 (Uptrend),62.86,469.3,545763,60.57,0.55,False,28.94,339.0,-0.3,True,Equilibrium,52.71,15.55,False,Decreasing,0.0631,True,True,False,20.08,531.8,False,680.55,397.8,537.0,525.3,539.17,532.37,510.36,480.4,480.03,627.8,393.55,284.0,296.0,Sideways,Moderate,21.99,Flag Pattern (Bear Flag),76,17-09-2025,31-10-2025,PoleS:17-09-2025@515.85 ; PoleE:09-10-2025@479.7 ; Consol:31-10-2025@458.95,Broadening Formation(68),Flag Pattern (Bear Flag)(76) | Broadening Formation(68),126603643,Food & Tobacco
2026-05-27,GRAVITA,1668.5,Stage 2 (Uptrend),52.22,1643.57,173233,43.28,0.61,False,28.9,340.0,-0.02,True,Near Discount,53.51,14.39,False,Decreasing,0.1365,False,True,False,20.73,1668.9,False,2664.65,1295.1,1683.9,1646.6,1979.88,1685.3,1566.77,1576.0,1647.65,1949.0,1266.9,399.0,265.0,Sideways,Moderate,34.23,Head and Shoulders,84,19-09-2025,13-02-2026,LS:19-09-2025@1661.4 ; H:26-12-2025@1875.4 ; RS:13-02-2026@1653.6,Broadening Formation(68),Head and Shoulders(84) | Broadening Formation(68),40540596,Metals & Mining
2026-05-27,AFFLE,1477.2,Stage 4 (Downtrend),46.18,1553.03,195589,43.01,0.27,False,28.89,341.0,-1.26,False,Near Discount,52.24,32.42,False,Decreasing,0.1513,False,True,True,19.93,1496.0,False,2146.7,1268.7,1498.8,1453.0,1707.7,1474.93,1435.82,1486.24,1671.04,2185.9,1251.3,387.0,460.0,Sideways,Moderate,41.1,Broadening Formation,68,05-12-2025,08-05-2026,H1:06-02-2026@1647.4 ; H2:08-05-2026@1506.3 ; L1:05-12-2025@1632.8 ; L2:10-04-2026@1401.6,,Broadening Formation(68),55034224,Media & Publishing
2026-05-27,SUPREMEIND,3634.4,Stage 1/3 (Neutral),46.49,3623.99,78050,36.93,0.52,False,28.37,342.0,2.75,False,Near Discount,53.47,23.31,False,Decreasing,0.0821,False,False,True,15.61,3537.0,False,6186.3,3112.4,3640.7,3537.0,4649.35,3573.73,3669.29,3706.32,3823.11,4739.0,3182.0,448.0,318.0,Sideways,Moderate,20.14,Symmetrical Triangle,74,27-02-2026,15-05-2026,H1:27-02-2026@3975.2 ; H2:10-04-2026@3802.4 ; L1:03-04-2026@3642.1 ; L2:15-05-2026@3508.7,,Symmetrical Triangle(74),10956189,Chemicals
2026-05-27,IGL,164.61,Stage 4 (Downtrend),45.54,175.08,1697795,37.55,0.38,False,27.95,343.0,-0.84,False,Near Discount,56.29,28.12,False,Decreasing,0.1428,False,True,True,18.66,166.01,False,284.97,145.62,166.68,163.35,215.3,161.02,158.65,164.91,184.92,229.0,141.74,173.0,392.0,Sideways,Moderate,31.65,Cup and Handle,87,17-02-2026,18-05-2026,RimL:17-02-2026@172.41 ; Btm:30-03-2026@145.62 ; RimR:06-05-2026@169.46 ; Hdl:18-05-2026@151.64,Double Top(66) | Diamond Top(60) | Rounding Top(59),Cup and Handle(87) | Double Top(66) | Diamond Top(60) | Rounding Top(59),376760838,Natural Gas Utilities
2026-05-27,RCF,132.68,Stage 1/3 (Neutral),51.15,132.4,2089959,34.64,0.9,False,27.73,344.0,0.52,False,Near Discount,61.67,20.31,False,Decreasing,0.1073,False,True,True,19.03,132.0,False,235.03,106.67,134.4,131.62,170.85,127.89,124.36,127.02,137.32,166.5,106.0,151.0,155.0,Sideways,Moderate,27.09,Cup and Handle,87,17-02-2026,18-05-2026,RimL:17-02-2026@136.06 ; Btm:30-03-2026@106.67 ; RimR:22-04-2026@132.78 ; Hdl:18-05-2026@121.67,Symmetrical Triangle(74),Cup and Handle(87) | Symmetrical Triangle(74),1059963185,Chemicals
2026-05-27,PIIND,2847.3,Stage 4 (Downtrend),38.09,3148.36,96895,39.62,0.23,False,27.59,345.0,0.12,False,Near Discount,40.39,34.24,False,Decreasing,0.1614,False,False,False,21.63,2844.0,False,4731.35,2718.8,2863.7,2831.0,3725.08,2999.52,2956.7,3040.39,3290.68,4330.0,2700.0,440.0,472.0,Sideways,Moderate,37.49,Cup and Handle,87,05-03-2026,21-05-2026,RimL:05-03-2026@3089.0 ; Btm:30-03-2026@2718.8 ; RimR:17-04-2026@3139.7 ; Hdl:21-05-2026@2740.5,Rounding Top(59),Cup and Handle(87) | Rounding Top(59),-8970852,Chemicals
2026-05-27,CRAFTSMAN,8688.5,Stage 2 (Uptrend),63.61,7494.7,31339,43.76,0.12,False,27.23,346.0,0.33,True,Near Premium,66.72,10.78,False,Decreasing,0.1981,False,True,True,47.35,8660.0,False,8981.5,3837.1,8787.5,8570.5,6409.3,8406.52,7703.28,7647.38,7278.9,9738.0,5100.0,471.0,494.0,Uptrend,Strong,43.52,Cup and Handle,83,19-02-2026,18-05-2026,RimL:19-02-2026@8050.5 ; Btm:23-03-2026@6546.5 ; RimR:06-05-2026@7774.5 ; Hdl:18-05-2026@8428.5,Diamond Bottom(76) | Broadening Formation(68),Cup and Handle(83) | Diamond Bottom(76) | Broadening Formation(68),12230474,"Machinery, Equipment & Components"
2026-05-27,HUDCO,206.24,Stage 1/3 (Neutral),51.27,204.65,1313515,40.07,0.29,False,27.09,347.0,-0.19,False,Near Discount,48.01,18.72,False,Decreasing,0.1772,False,True,False,23.17,206.64,False,342.2,159.58,208.7,204.1,250.89,215.16,196.65,195.36,209.64,253.73,159.0,192.0,450.0,Sideways,Moderate,36.56,Rounding Bottom,79,24-12-2025,27-05-2026,Start:24-12-2025@216.23 ; Q1:02-02-2026@187.79 ; Mid:12-03-2026@176.66 ; Q3:20-04-2026@199.4 ; End:27-05-2026@206.24,Broadening Formation(68) | Diamond Top(60),Rounding Bottom(79) | Broadening Formation(68) | Diamond Top(60),709862867,Banking Services
2026-05-27,SAGILITY,41.36,Stage 4 (Downtrend),43.45,46.07,6481217,54.0,0.35,False,26.81,348.0,-0.93,False,Near Discount,45.3,28.55,False,Decreasing,0.0922,False,False,False,10.61,41.75,False,54.58,36.35,41.8,41.29,45.46,42.23,41.61,43.86,45.86,57.89,35.83,74.0,412.0,Sideways,Weak,26.14,Rounding Bottom,79,12-02-2026,27-05-2026,Start:12-02-2026@48.48 ; Q1:10-03-2026@39.02 ; Mid:06-04-2026@42.42 ; Q3:01-05-2026@41.74 ; End:27-05-2026@41.36,Long-term Rounding Top(59),Rounding Bottom(79) | Long-term Rounding Top(59),3293098544,Healthcare Providers & Services
2026-05-27,KIMS,784.45,Stage 2 (Uptrend),64.36,670.27,340290,51.66,0.57,False,26.69,349.0,2.54,True,Premium,64.65,1.75,False,Decreasing,0.2122,False,True,True,32.49,765.05,False,789.35,367.76,789.9,753.65,578.55,735.64,685.32,670.72,686.14,798.4,575.8,327.0,291.0,Uptrend,Strong,45.84,Symmetrical Triangle,74,27-02-2026,24-04-2026,H1:27-02-2026@745.05 ; H2:17-04-2026@682.15 ; L1:03-04-2026@626.25 ; L2:24-04-2026@651.2,,Symmetrical Triangle(74),28826236,Healthcare Providers & Services
2026-05-27,SUNDARMFIN,4354.6,Stage 1/3 (Neutral),39.82,4925.69,60624,52.58,0.97,False,26.4,350.0,0.65,False,Equilibrium,34.91,22.82,False,Decreasing,0.1039,False,False,False,30.16,4326.5,False,5581.5,3129.6,4363.9,4272.5,4355.55,4560.64,4666.84,4967.1,4840.28,5642.0,4200.0,456.0,141.0,Downtrend,Strong,23.15,Diamond Bottom,80,19-09-2025,01-05-2026,H1:19-09-2025@4576.9 ; H2:02-01-2026@5293.0 ; H3:17-04-2026@5028.8 ; L1:10-10-2025@4409.5 ; L2:23-01-2026@5029.5 ; L3:01-05-2026@4534.8,Broadening Formation(68),Diamond Bottom(80) | Broadening Formation(68),17747367,Banking Services
2026-05-27,ABSLAMC,1027.3,Stage 2 (Uptrend),61.44,879.68,250892,59.25,0.66,False,25.77,351.0,2.32,True,Near Premium,50.61,8.56,False,Decreasing,0.1008,False,True,False,18.8,1004.0,False,1088.6,444.3,1034.6,998.0,766.45,1036.73,1001.5,930.27,865.33,1123.5,708.0,358.0,235.0,Sideways,Moderate,38.38,Double Top,86,17-04-2026,08-05-2026,P1:17-04-2026@1068.25 ; P2:08-05-2026@1072.4,Diamond Bottom(76),Double Top(86) | Diamond Bottom(76),58831867,Investment Banking & Investment Services
2026-05-27,AAVAS,1369.0,Stage 4 (Downtrend),48.65,1387.18,187307,89.02,1.97,False,25.64,352.0,-1.51,False,Near Discount,50.96,36.41,False,Increasing,0.0841,False,True,False,37.83,1390.0,False,2220.5,1073.9,1402.5,1364.3,1647.2,1390.4,1294.53,1313.15,1454.28,2152.9,1060.4,392.0,49.0,Uptrend,Strong,28.14,Rounding Bottom,83,22-01-2026,27-05-2026,Start:22-01-2026@1462.8 ; Q1:23-02-2026@1285.4 ; Mid:26-03-2026@1135.5 ; Q3:27-04-2026@1384.9 ; End:27-05-2026@1369.0,Broadening Formation(72),Rounding Bottom(83) | Broadening Formation(72),14267970,Banking Services
2026-05-27,EMCURE,1725.3,Stage 2 (Uptrend),64.34,1516.08,145703,52.69,0.62,False,25.14,353.0,0.31,True,Near Premium,55.93,5.72,False,Increasing,0.0861,False,True,True,25.72,1720.0,False,1793.2,905.6,1730.7,1676.5,1349.4,1697.08,1635.04,1564.67,1475.48,1830.0,1228.9,416.0,255.0,Uptrend,Strong,47.22,Broadening Formation,68,10-10-2025,27-03-2026,H1:10-10-2025@1423.2 ; H2:27-03-2026@1652.7 ; L1:21-11-2025@1354.6 ; L2:06-03-2026@1415.8,,Broadening Formation(68),25604885,Pharmaceuticals
2026-05-27,BLS,264.85,Stage 4 (Downtrend),43.96,287.68,933023,47.94,0.35,False,24.71,354.0,-0.62,False,Near Discount,44.11,36.74,False,Decreasing,0.1583,False,False,False,13.52,266.5,False,505.5,221.75,266.5,262.35,363.62,271.89,271.69,273.57,304.5,418.7,218.9,235.0,412.0,Sideways,Weak,30.25,No Clear Pattern,0,,,,,No Clear Pattern,722508900,Professional & Commercial Services
2026-05-27,LEMONTREE,119.58,Stage 4 (Downtrend),45.33,130.72,2049788,56.24,0.86,False,24.51,355.0,2.16,False,Near Discount,60.22,33.82,False,Decreasing,0.1444,False,True,True,18.47,117.05,False,177.93,100.42,120.44,116.26,139.18,115.77,113.26,118.88,140.99,180.68,99.61,154.0,162.0,Sideways,Moderate,28.96,Rounding Bottom,79,12-02-2026,27-05-2026,Start:12-02-2026@131.23 ; Q1:10-03-2026@107.99 ; Mid:06-04-2026@109.71 ; Q3:01-05-2026@117.59 ; End:27-05-2026@119.58,,Rounding Bottom(79),602163733,Hotels & Entertainment Services
2026-05-27,DEEPAKNTR,1714.8,Stage 2 (Uptrend),53.62,1613.81,142911,54.53,0.62,False,24.51,355.0,-1.28,True,Near Discount,47.34,18.34,False,Decreasing,0.1158,False,True,False,29.65,1737.0,False,3102.6,1286.8,1740.0,1696.0,2194.7,1793.77,1602.39,1587.95,1657.56,2100.0,1280.0,417.0,255.0,Uptrend,Strong,28.92,No Clear Pattern,0,,,,,No Clear Pattern,23243830,Chemicals
2026-05-27,ASTERDM,741.25,Stage 2 (Uptrend),64.86,653.49,309927,64.59,0.25,False,22.97,357.0,-2.22,True,Near Premium,54.43,4.55,False,Decreasing,0.0882,False,True,False,28.47,758.1,False,764.85,321.75,760.5,737.15,543.3,741.93,699.09,654.62,649.84,776.55,519.1,341.0,465.0,Uptrend,Strong,27.95,Flag Pattern (Bull Flag),80,17-09-2025,31-10-2025,PoleS:17-09-2025@614.3 ; PoleE:09-10-2025@697.75 ; Consol:31-10-2025@678.05,,Flag Pattern (Bull Flag)(80),174365593,Healthcare Providers & Services
2026-05-27,MAPMYINDIA,845.4,Stage 4 (Downtrend),27.51,1252.41,271484,39.71,0.41,False,22.95,358.0,-0.19,False,Near Discount,36.82,57.69,False,Decreasing,0.2641,False,False,False,21.09,847.0,False,2531.5,801.1,857.85,828.05,1666.3,943.32,918.66,1064.14,1385.39,1998.0,795.0,354.0,368.0,Sideways,Moderate,64.77,Rounding Top,59,02-04-2026,27-05-2026,Start:02-04-2026@875.7 ; Q1:16-04-2026@921.95 ; Mid:30-04-2026@919.7 ; Q3:14-05-2026@1016.7 ; End:27-05-2026@845.4,,Rounding Top(59),23950624,Software & IT Services
2026-05-27,CROMPTON,288.25,Stage 2 (Uptrend),57.38,258.55,793176,43.88,0.15,False,22.86,359.0,0.05,True,Near Discount,56.9,20.37,False,Decreasing,0.1076,False,True,True,41.14,288.1,False,477.05,221.45,290.95,287.75,349.25,287.46,261.94,255.5,271.11,362.0,217.4,249.0,493.0,Uptrend,Strong,29.96,Cup and Handle,79,16-02-2026,12-05-2026,RimL:16-02-2026@272.66 ; Btm:30-03-2026@223.6 ; RimR:06-05-2026@284.05 ; Hdl:12-05-2026@282.05,Flag Pattern (Bear Flag)(76),Cup and Handle(79) | Flag Pattern (Bear Flag)(76),157128981,Household Goods
2026-05-27,MSUMI,39.7,Stage 4 (Downtrend),42.69,42.92,5736830,43.79,0.74,False,22.78,360.0,0.79,False,Near Discount,47.83,39.81,False,Increasing,0.1086,False,True,False,13.94,39.39,False,78.75,35.89,39.91,39.11,57.32,40.45,39.26,41.18,43.63,65.96,35.7,84.0,204.0,Sideways,Weak,25.02,Broadening Formation,68,21-11-2025,08-05-2026,H1:21-11-2025@48.42 ; H2:08-05-2026@42.5 ; L1:05-12-2025@45.6 ; L2:20-03-2026@36.98,Double Top(66) | Descending Channel(57),Broadening Formation(68) | Double Top(66) | Descending Channel(57),411071674,Automobiles & Auto Parts
2026-05-27,DALBHARAT,1792.1,Stage 4 (Downtrend),39.35,1977.94,127054,45.73,0.29,False,22.77,361.0,0.36,False,Near Discount,44.78,28.21,False,Decreasing,0.2035,False,False,False,31.51,1785.6,False,2476.2,1706.8,1804.4,1783.4,2091.5,1821.79,1865.65,1961.2,2071.44,2496.3,1675.1,430.0,450.0,Downtrend,Strong,38.04,Broadening Formation,68,26-12-2025,15-05-2026,H1:26-12-2025@2160.6 ; H2:17-04-2026@1971.7 ; L1:30-01-2026@2065.5 ; L2:15-05-2026@1727.5,,Broadening Formation(68),21191489,Construction Materials
2026-05-27,CHOLAHLDNG,1636.9,Stage 4 (Downtrend),48.61,1696.41,138602,43.53,0.51,False,22.69,362.0,-1.68,False,Near Discount,50.41,26.65,False,Increasing,0.1502,False,True,False,17.42,1664.9,False,2166.0,1350.9,1664.9,1600.0,1758.45,1668.05,1563.77,1618.57,1748.46,2231.6,1305.0,421.0,325.0,Sideways,Moderate,34.97,Rounding Bottom,79,12-02-2026,27-05-2026,Start:12-02-2026@1758.9 ; Q1:10-03-2026@1572.8 ; Mid:06-04-2026@1427.8 ; Q3:01-05-2026@1556.1 ; End:27-05-2026@1636.9,Broadening Formation(68) | Flag Pattern (Bear Flag)(64) | Diamond Top(60),Rounding Bottom(79) | Broadening Formation(68) | Flag Pattern (Bear Flag)(64) | Diamond Top(60),29258472,Banking Services
2026-05-27,PRAJIND,383.8,Stage 2 (Uptrend),57.39,332.23,578060,49.43,0.35,False,22.19,363.0,-2.84,True,Near Discount,50.8,28.66,False,Decreasing,0.1402,False,True,False,24.14,395.0,False,844.6,276.15,395.5,380.55,560.38,392.73,365.11,334.76,343.61,538.0,273.0,275.0,412.0,Sideways,Moderate,31.95,Inverse Head and Shoulders,84,12-12-2025,13-03-2026,LS:12-12-2025@303.7 ; H:23-01-2026@283.55 ; RS:13-03-2026@302.4,Flag Pattern (Bear Flag)(76) | Ascending Channel(69) | Broadening Formation(68),Inverse Head and Shoulders(84) | Flag Pattern (Bear Flag)(76) | Ascending Channel(69) | Broadening Formation(68),297305723,Construction & Engineering
2026-05-27,CUB,253.85,Stage 1/3 (Neutral),49.09,267.5,872260,59.46,0.44,False,22.14,364.0,-0.49,True,Near Premium,48.13,21.68,False,Decreasing,0.1529,False,False,False,15.16,255.1,False,301.75,126.8,255.65,250.85,214.28,256.78,254.52,265.26,252.9,324.1,187.05,239.0,356.0,Sideways,Moderate,26.04,Rounding Top,79,02-04-2026,27-05-2026,Start:02-04-2026@240.49 ; Q1:16-04-2026@249.82 ; Mid:30-04-2026@270.09 ; Q3:14-05-2026@246.8 ; End:27-05-2026@253.85,Symmetrical Triangle(74),Rounding Top(79) | Symmetrical Triangle(74),444981257,Banking Services
2026-05-27,BRIGADE,659.75,Stage 4 (Downtrend),34.27,782.17,335192,53.09,1.12,False,22.11,365.0,-1.84,False,Near Discount,32.78,50.47,False,Increasing,0.296,False,False,False,33.79,672.15,False,1431.15,634.7,672.9,653.25,1032.93,720.15,718.53,733.32,830.7,1332.0,601.0,330.0,104.0,Uptrend,Strong,30.3,No Clear Pattern,0,,,,,No Clear Pattern,71048720,Real Estate Operations
2026-05-27,IRB,21.69,Stage 4 (Downtrend),46.04,22.38,10176721,42.46,0.28,False,22.07,366.0,-0.05,False,Near Discount,52.82,26.07,False,Decreasing,0.1278,False,True,True,29.23,21.7,False,41.54,20.21,21.91,21.64,30.88,21.3,21.59,22.0,22.62,29.34,19.72,53.0,456.0,Downtrend,Strong,38.36,No Clear Pattern,0,,,,,No Clear Pattern,1869279090,Construction & Engineering
2026-05-27,CASTROLIND,185.37,Stage 4 (Downtrend),48.39,185.71,1187394,57.08,1.05,False,22.01,367.0,0.5,False,Near Discount,61.65,20.25,False,Increasing,0.0346,False,True,True,13.95,184.45,False,274.85,173.52,185.95,183.83,224.18,183.47,181.36,183.8,189.86,232.43,170.1,212.0,117.0,Sideways,Weak,8.07,Falling Wedge,85,19-12-2025,15-05-2026,UL1:26-12-2025@193.48 ; UL2:20-02-2026@187.74 ; UL3:20-03-2026@187.34 ; UL4:08-05-2026@184.88 ; LL1:19-12-2025@182.82 ; LL2:23-01-2026@183.68 ; LL3:27-03-2026@175.08 ; LL4:15-05-2026@181.44,Triple Top(70),Falling Wedge(85) | Triple Top(70),947059315,Oil & Gas
2026-05-27,LINDEINDIA,7259.0,Stage 2 (Uptrend),59.24,6580.38,29703,59.56,0.6,False,21.56,368.0,0.28,True,Near Premium,47.04,9.81,False,Increasing,0.1012,False,False,False,17.75,7239.0,False,7847.5,5383.65,7340.0,7200.0,6615.58,7413.0,7264.21,6844.18,6479.8,8049.0,5673.0,473.0,274.0,Sideways,Moderate,24.3,Broadening Formation,68,14-11-2025,08-05-2026,H1:16-01-2026@6101.0 ; H2:08-05-2026@7808.5 ; L1:14-11-2025@5743.0 ; L2:27-02-2026@6730.0,,Broadening Formation(68),9480144,Chemicals
2026-05-27,STARHEALTH,524.65,Stage 2 (Uptrend),62.64,476.48,395579,53.68,0.78,False,20.75,369.0,-0.45,True,Premium,61.19,10.51,False,Decreasing,0.0614,False,True,True,36.78,527.0,False,533.25,343.1,534.7,522.25,438.18,517.52,494.48,475.34,470.98,586.25,412.6,313.0,188.0,Uptrend,Strong,20.24,Flag Pattern (Bull Flag),80,17-09-2025,31-10-2025,PoleS:17-09-2025@450.45 ; PoleE:09-10-2025@478.6 ; Consol:31-10-2025@494.4,,Flag Pattern (Bull Flag)(80),56434844,Insurance
2026-05-27,CCL,1071.0,Stage 2 (Uptrend),56.5,1024.9,191657,54.61,0.68,False,20.53,370.0,0.75,True,Near Premium,43.31,12.03,False,Increasing,0.1455,False,False,False,18.21,1063.0,False,1207.8,550.8,1081.9,1045.1,879.3,1115.73,1099.64,1047.09,985.63,1217.5,779.5,389.0,225.0,Sideways,Moderate,36.54,Double Bottom,82,02-01-2026,23-01-2026,P1:02-01-2026@915.7 ; P2:23-01-2026@925.65,Rounding Top(79),Double Bottom(82) | Rounding Top(79),85395013,Food & Tobacco
2026-05-27,ECLERX,1540.9,Stage 4 (Downtrend),43.05,1887.48,133040,40.54,0.33,False,20.5,371.0,-1.55,False,Near Discount,50.25,38.3,False,Decreasing,0.1958,False,True,True,18.06,1565.1,False,2473.5,1021.55,1575.0,1529.8,1747.52,1539.35,1505.5,1720.94,1961.63,2497.5,1375.0,425.0,428.0,Sideways,Moderate,52.84,Double Bottom,86,03-04-2026,01-05-2026,P1:03-04-2026@1446.9 ; P2:01-05-2026@1429.0,,Double Bottom(86),21305032,Professional & Commercial Services
2026-05-27,HAPPSTMNDS,378.6,Stage 4 (Downtrend),41.47,417.3,537529,42.64,0.72,False,20.35,372.0,0.49,False,Near Discount,54.45,43.9,False,Decreasing,0.1124,False,True,True,13.87,376.75,False,945.3,337.5,384.25,376.55,641.4,371.96,377.65,385.03,453.1,674.85,330.2,287.0,212.0,Sideways,Weak,29.47,Double Bottom,86,24-04-2026,15-05-2026,P1:24-04-2026@361.15 ; P2:15-05-2026@361.25,Flag Pattern (Bear Flag)(64),Double Bottom(86) | Flag Pattern (Bear Flag)(64),130918330,Software & IT Services
2026-05-27,HOMEFIRST,1117.9,Stage 1/3 (Neutral),50.74,1102.72,180358,53.6,0.82,False,20.16,373.0,2.76,False,Near Discount,53.15,26.41,False,Increasing,0.1933,False,True,False,22.32,1087.9,False,1479.0,904.8,1128.6,1087.9,1191.9,1125.72,1072.85,1093.0,1145.55,1519.0,893.7,395.0,172.0,Sideways,Moderate,31.07,Rounding Bottom,79,12-02-2026,27-05-2026,Start:12-02-2026@1187.5 ; Q1:10-03-2026@1078.3 ; Mid:06-04-2026@978.65 ; Q3:01-05-2026@1161.7 ; End:27-05-2026@1117.9,Triple Top(70) | Broadening Formation(68) | Double Top(66),Rounding Bottom(79) | Triple Top(70) | Broadening Formation(68) | Double Top(66),46558612,Banking Services
2026-05-27,TATAINVEST,682.85,Stage 1/3 (Neutral),50.24,678.28,291541,45.27,0.55,False,19.91,374.0,-1.32,False,Near Discount,50.22,44.72,False,Decreasing,0.1464,False,True,False,22.57,692.0,False,1103.23,541.15,692.5,681.3,822.19,691.14,663.46,652.71,715.81,1235.35,538.85,347.0,296.0,Sideways,Moderate,25.2,Falling Wedge,85,19-09-2025,01-05-2026,UL1:03-10-2025@1042.96 ; UL2:20-02-2026@707.1 ; UL3:01-05-2026@719.5 ; LL1:19-09-2025@764.7 ; LL2:05-12-2025@708.5 ; LL3:23-01-2026@603.8 ; LL4:27-03-2026@567.5,Flag Pattern (Bull Flag)(84) | Double Top(66),Falling Wedge(85) | Flag Pattern (Bull Flag)(84) | Double Top(66),126260724,Investment Banking & Investment Services
2026-05-27,JKCEMENT,5301.0,Stage 4 (Downtrend),45.02,5522.93,36942,54.19,0.42,False,19.58,375.0,-0.26,False,Equilibrium,43.71,29.93,False,Decreasing,0.0764,False,False,False,10.45,5315.0,False,7539.0,3364.95,5385.0,5290.0,5451.98,5426.82,5403.45,5499.08,5849.28,7565.5,4822.5,467.0,363.0,Sideways,Weak,30.97,Cup and Handle,87,18-02-2026,27-05-2026,RimL:18-02-2026@5911.5 ; Btm:23-03-2026@4878.5 ; RimR:22-04-2026@5977.0 ; Hdl:27-05-2026@5301.0,Triple Top(70) | Broadening Formation(68) | Double Top(66) | Diamond Top(60),Cup and Handle(87) | Triple Top(70) | Broadening Formation(68) | Double Top(66) | Diamond Top(60),11887588,Construction Materials
2026-05-27,SOBHA,1395.0,Stage 4 (Downtrend),49.12,1433.64,139356,39.68,0.63,False,19.44,376.0,-2.22,False,Equilibrium,51.56,19.48,False,Increasing,0.0719,True,True,False,24.55,1426.7,False,1701.2,1094.6,1449.9,1388.0,1397.9,1409.69,1336.64,1386.62,1454.01,1732.5,1130.0,418.0,249.0,Sideways,Moderate,17.1,Rounding Bottom,79,12-02-2026,27-05-2026,Start:12-02-2026@1530.8 ; Q1:10-03-2026@1325.9 ; Mid:06-04-2026@1220.0 ; Q3:01-05-2026@1433.4 ; End:27-05-2026@1395.0,Broadening Formation(68),Rounding Bottom(79) | Broadening Formation(68),60444325,Real Estate Operations
2026-05-27,MMTC,65.99,Stage 1/3 (Neutral),53.66,62.17,2934441,28.58,1.14,False,19.36,377.0,1.35,True,Near Discount,56.77,25.17,False,Increasing,0.0844,False,True,True,23.99,65.11,False,120.91,48.41,67.23,65.11,84.66,64.96,62.0,62.27,63.2,88.19,50.1,125.0,102.0,Sideways,Moderate,30.7,Inverse Head and Shoulders,84,09-01-2026,15-05-2026,LS:09-01-2026@63.1 ; H:13-03-2026@53.29 ; RS:15-05-2026@62.99,Flag Pattern (Bull Flag)(76) | Rounding Bottom(71),Inverse Head and Shoulders(84) | Flag Pattern (Bull Flag)(76) | Rounding Bottom(71),1740669794,Metals & Mining
2026-05-27,ITI,301.4,Stage 1/3 (Neutral),54.39,290.86,640114,26.36,0.94,False,19.29,378.0,-0.53,True,Near Discount,60.86,19.16,False,Decreasing,0.0937,False,True,True,21.6,303.0,False,544.35,211.55,303.95,298.6,377.95,293.64,283.48,282.22,297.41,372.85,237.0,263.0,148.0,Sideways,Moderate,23.12,Inverse Head and Shoulders,84,23-01-2026,15-05-2026,LS:23-01-2026@279.65 ; H:13-03-2026@242.3 ; RS:15-05-2026@286.75,,Inverse Head and Shoulders(84),1343509273,Communications & Networking
2026-05-27,GICRE,390.6,Stage 2 (Uptrend),53.44,380.38,488307,41.75,1.25,False,19.07,379.0,-1.36,True,Near Discount,50.44,8.02,False,Increasing,0.0676,False,True,False,17.92,396.0,False,501.0,357.3,402.0,389.05,429.15,391.49,386.96,380.86,379.23,424.65,350.25,295.0,91.0,Sideways,Moderate,24.98,Triple Bottom,86,19-12-2025,13-03-2026,P1:19-12-2025@365.45 ; P2:16-01-2026@360.05 ; P3:13-03-2026@359.85,Cup and Handle(83) | Double Bottom(82) | Rounding Top(79) | Long-term Rounding Bottom(75) | Broadening Formation(68),Triple Bottom(86) | Cup and Handle(83) | Double Bottom(82) | Rounding Top(79) | Long-term Rounding Bottom(75) | Broadening Formation(68),346228338,Insurance
2026-05-27,ELECON,532.7,Stage 1/3 (Neutral),57.9,457.51,354129,39.05,0.37,False,18.86,380.0,1.44,True,Equilibrium,60.0,25.63,False,Decreasing,0.1918,False,True,True,27.23,525.15,False,731.25,354.75,539.7,525.15,543.0,518.27,458.61,435.7,487.96,716.25,352.0,325.0,400.0,Uptrend,Strong,49.17,Symmetrical Triangle,74,06-02-2026,15-05-2026,H1:06-02-2026@442.35 ; H2:08-05-2026@557.65 ; L1:27-03-2026@372.3 ; L2:15-05-2026@484.85,,Symmetrical Triangle(74),59720721,"Machinery, Equipment & Components"
2026-05-27,NCC,152.15,Stage 4 (Downtrend),44.6,156.77,1239054,40.41,0.52,False,18.85,381.0,1.1,False,Near Discount,44.41,37.17,False,Decreasing,0.2109,False,False,False,26.18,150.5,False,357.95,130.94,153.9,149.8,244.44,158.88,152.94,150.79,171.84,242.15,130.0,203.0,318.0,Uptrend,Strong,29.23,Cup and Handle,87,09-02-2026,22-05-2026,RimL:09-02-2026@158.05 ; Btm:30-03-2026@130.94 ; RimR:23-04-2026@165.14 ; Hdl:22-05-2026@146.17,,Cup and Handle(87),660410815,Construction & Engineering
2026-05-27,SIGNATURE,801.4,Stage 4 (Downtrend),39.35,944.78,234845,27.2,0.98,False,18.82,382.0,-0.07,False,Near Discount,37.98,38.8,False,Decreasing,0.153,False,False,False,13.76,802.0,False,1612.9,714.2,810.5,798.6,1163.55,855.21,818.05,868.76,984.27,1309.5,705.2,365.0,137.0,Sideways,Weak,29.0,Broadening Formation,68,10-10-2025,08-05-2026,H1:24-10-2025@1106.8 ; H2:08-05-2026@905.25 ; L1:10-10-2025@1030.2 ; L2:27-03-2026@743.25,,Broadening Formation(68),27439579,Real Estate Operations
2026-05-27,AEGISLOG,714.0,Stage 1/3 (Neutral),52.19,701.02,261465,46.16,0.55,False,18.67,383.0,-0.27,False,Near Discount,55.44,24.41,False,Decreasing,0.148,False,True,True,23.9,715.95,False,963.95,587.95,718.25,705.0,775.95,702.94,666.43,675.66,715.8,944.6,576.1,356.0,296.0,Sideways,Moderate,35.84,Rounding Bottom,79,22-01-2026,27-05-2026,Start:22-01-2026@658.4 ; Q1:23-02-2026@702.4 ; Mid:26-03-2026@611.75 ; Q3:27-04-2026@722.45 ; End:27-05-2026@714.0,Symmetrical Triangle(74) | Double Top(66),Rounding Bottom(79) | Symmetrical Triangle(74) | Double Top(66),101314625,Oil & Gas Related Equipment and Services
2026-05-27,KPIL,1274.4,Stage 2 (Uptrend),59.82,1180.29,146423,57.14,0.71,False,18.66,384.0,-2.41,True,Near Premium,56.07,4.58,False,Decreasing,0.0671,False,True,True,31.1,1305.9,False,1407.55,840.55,1314.2,1268.2,1124.05,1261.85,1196.59,1161.83,1198.7,1335.6,1007.1,415.0,216.0,Uptrend,Strong,26.85,Double Bottom,82,06-02-2026,20-03-2026,P1:06-02-2026@1091.3 ; P2:20-03-2026@1071.0,Broadening Formation(68),Double Bottom(82) | Broadening Formation(68),63799942,Construction & Engineering
2026-05-27,JBMA,640.8,Stage 1/3 (Neutral),55.75,594.49,290230,35.36,0.17,False,18.6,385.0,0.28,True,Near Discount,53.98,18.89,False,Decreasing,0.0996,False,True,True,24.73,639.0,False,1266.89,486.2,646.9,635.2,876.54,638.66,609.41,585.37,611.2,790.0,477.0,348.0,487.0,Sideways,Moderate,34.49,Flag Pattern (Bear Flag),84,17-09-2025,31-10-2025,PoleS:17-09-2025@735.95 ; PoleE:09-10-2025@652.85 ; Consol:31-10-2025@665.0,,Flag Pattern (Bear Flag)(84),307306231,Automobiles & Auto Parts
2026-05-27,SHREECEM,25400.0,Stage 4 (Downtrend),48.38,25692.33,7231,32.8,0.36,False,18.37,386.0,0.04,False,Near Discount,58.41,21.82,False,Decreasing,0.0642,False,True,True,11.92,25390.0,False,32345.0,22725.0,25600.0,25105.0,27535.0,24884.0,24475.5,25369.35,26814.38,32490.0,22550.0,494.0,406.0,Sideways,Weak,19.6,No Clear Pattern,0,,,,,No Clear Pattern,482564,Construction Materials
2026-05-27,UBL,1339.8,Stage 4 (Downtrend),32.34,1561.45,137002,53.5,0.47,False,18.36,387.0,-1.03,False,Discount,31.82,37.24,False,Decreasing,0.1381,False,False,False,33.57,1353.7,False,2238.9,1315.2,1365.3,1337.0,1777.05,1388.03,1461.35,1512.84,1635.24,2134.7,1312.7,423.0,339.0,Downtrend,Strong,16.2,No Clear Pattern,0,,,,,No Clear Pattern,9886838,Beverages
2026-05-27,MEDANTA,1207.8,Stage 1/3 (Neutral),55.99,1139.07,149495,51.17,0.5,False,18.06,388.0,-2.44,True,Equilibrium,55.4,17.08,False,Decreasing,0.1276,False,True,True,49.07,1238.0,False,1427.2,961.1,1238.0,1202.5,1194.15,1206.59,1111.77,1114.15,1200.63,1456.5,956.0,414.0,329.0,Uptrend,Strong,30.05,Cup and Handle,79,18-02-2026,12-05-2026,RimL:18-02-2026@1173.1 ; Btm:30-03-2026@961.1 ; RimR:06-05-2026@1181.6 ; Hdl:12-05-2026@1193.1,Rounding Bottom(71) | Broadening Formation(68),Cup and Handle(79) | Rounding Bottom(71) | Broadening Formation(68),24241455,Healthcare Providers & Services
2026-05-27,INTELLECT,710.1,Stage 4 (Downtrend),42.59,833.17,239388,36.04,0.31,False,17.0,389.0,0.01,False,Near Discount,49.6,43.42,False,Decreasing,0.1913,False,True,False,15.87,710.0,False,1227.9,598.55,718.05,701.4,913.22,727.35,692.4,734.1,877.98,1255.0,595.2,364.0,435.0,Sideways,Moderate,38.16,No Clear Pattern,0,,,,,No Clear Pattern,152874361,Financial Technology (Fintech) & Infrastructure
2026-05-27,LTTS,3491.6,Stage 4 (Downtrend),44.76,3806.5,48055,47.52,0.51,False,16.78,390.0,-1.39,False,Near Discount,46.47,26.12,False,Decreasing,0.1297,False,True,False,18.63,3540.7,False,5829.0,3075.6,3559.6,3479.8,4452.3,3610.04,3461.42,3557.02,3923.45,4726.0,3010.0,462.0,325.0,Sideways,Moderate,33.33,Rounding Bottom,79,22-01-2026,27-05-2026,Start:22-01-2026@3881.4 ; Q1:23-02-2026@3439.4 ; Mid:26-03-2026@3200.4 ; Q3:27-04-2026@3589.8 ; End:27-05-2026@3491.6,,Rounding Bottom(79),13860873,Construction & Engineering
2026-05-27,JMFINANCIL,131.5,Stage 4 (Downtrend),46.82,135.52,1268339,51.43,0.61,False,16.68,391.0,-1.65,False,Equilibrium,45.79,34.18,False,Decreasing,0.1634,False,True,False,17.91,133.7,False,193.02,71.95,134.1,131.15,132.49,136.14,131.31,130.8,146.99,199.8,112.0,199.0,265.0,Sideways,Moderate,30.1,No Clear Pattern,0,,,,,No Clear Pattern,1422018071,Investment Banking & Investment Services
2026-05-27,AFCONS,318.05,Stage 4 (Downtrend),44.14,342.81,523641,29.24,0.29,False,16.65,392.0,-1.09,False,Near Discount,49.08,33.66,False,Decreasing,0.1783,False,True,False,21.88,321.55,False,545.55,271.2,324.6,316.05,408.38,326.4,312.66,317.44,371.0,479.4,265.8,291.0,450.0,Sideways,Moderate,43.2,Rounding Bottom,79,22-01-2026,27-05-2026,Start:22-01-2026@345.65 ; Q1:23-02-2026@312.9 ; Mid:26-03-2026@282.65 ; Q3:27-04-2026@315.75 ; End:27-05-2026@318.05,Diamond Top(60),Rounding Bottom(79) | Diamond Top(60),190134370,Construction & Engineering
2026-05-27,JYOTHYLAB,208.6,Stage 4 (Downtrend),35.28,254.03,794607,41.6,0.75,False,16.58,393.0,1.02,False,Near Discount,33.05,42.82,False,Decreasing,0.422,False,False,False,35.79,206.5,False,579.2,197.25,209.65,205.1,388.22,231.81,227.98,236.85,273.81,364.8,196.15,248.0,201.0,Downtrend,Strong,37.5,Broadening Formation,68,26-09-2025,01-05-2026,H1:24-10-2025@320.6 ; H2:01-05-2026@265.64 ; L1:26-09-2025@310.5 ; L2:27-03-2026@203.85,Rounding Top(59),Broadening Formation(68) | Rounding Top(59),76034417,Personal & Household Products & Services
2026-05-27,ENDURANCE,2749.5,Stage 1/3 (Neutral),61.16,2521.02,60006,55.19,0.31,False,16.5,394.0,0.42,True,Near Premium,66.45,10.73,False,Decreasing,0.2204,False,True,True,33.12,2738.0,False,3041.2,1710.6,2771.6,2717.6,2375.9,2547.62,2410.61,2452.6,2611.8,3079.9,2142.8,458.0,435.0,Uptrend,Strong,40.85,Cup and Handle,79,05-03-2026,18-05-2026,RimL:05-03-2026@2509.0 ; Btm:06-04-2026@2201.2 ; RimR:11-05-2026@2628.9 ; Hdl:18-05-2026@2526.7,Rounding Bottom(71),Cup and Handle(79) | Rounding Bottom(71),20580322,Automobiles & Auto Parts
2026-05-27,RAILTEL,324.3,Stage 4 (Downtrend),50.23,324.72,507838,40.06,0.37,False,16.47,395.0,-0.37,False,Near Discount,52.19,32.29,False,Decreasing,0.1133,False,True,False,18.65,325.5,False,596.9,246.1,328.2,323.0,421.5,327.74,305.44,313.5,336.37,478.95,245.0,292.0,400.0,Sideways,Moderate,30.67,Cup and Handle,87,12-02-2026,19-05-2026,RimL:12-02-2026@336.25 ; Btm:30-03-2026@246.1 ; RimR:06-05-2026@343.15 ; Hdl:19-05-2026@317.35,Rounding Bottom(79),Cup and Handle(87) | Rounding Bottom(79),1124143995,Telecommunications Services
2026-05-27,PVRINOX,957.8,Stage 4 (Downtrend),43.53,1017.85,170408,51.01,0.53,False,16.32,396.0,-1.21,False,Near Discount,34.33,23.36,False,Increasing,0.144,False,False,False,18.93,969.5,False,1811.55,848.7,979.3,949.9,1330.12,1022.84,986.99,998.22,1049.73,1249.7,907.4,403.0,314.0,Sideways,Moderate,24.77,Triple Bottom,82,23-01-2026,17-04-2026,P1:23-01-2026@931.0 ; P2:27-03-2026@938.0 ; P3:17-04-2026@937.65,Cup and Handle(79) | Double Top(78) | Rounding Bottom(71),Triple Bottom(82) | Cup and Handle(79) | Double Top(78) | Rounding Bottom(71),4232024,Hotels & Entertainment Services
2026-05-27,ACE,906.25,Stage 1/3 (Neutral),48.91,902.32,180016,45.6,0.35,False,16.31,397.0,1.48,False,Near Discount,55.11,29.03,False,Decreasing,0.0754,False,True,True,19.13,893.0,False,1606.4,748.95,909.05,893.0,1177.68,892.37,871.45,868.95,948.77,1277.0,745.1,396.0,412.0,Sideways,Moderate,30.82,Cup and Handle,87,17-02-2026,21-05-2026,RimL:17-02-2026@919.35 ; Btm:30-03-2026@748.95 ; RimR:22-04-2026@934.4 ; Hdl:21-05-2026@867.7,Rounding Bottom(79) | Symmetrical Triangle(74) | Triple Top(70) | Diamond Top(60),Cup and Handle(87) | Rounding Bottom(79) | Symmetrical Triangle(74) | Triple Top(70) | Diamond Top(60),44138411,"Machinery, Equipment & Components"
2026-05-27,WHIRLPOOL,849.55,Stage 4 (Downtrend),41.0,921.23,190403,60.46,0.62,False,16.18,398.0,-0.75,False,Near Discount,40.46,42.36,False,Decreasing,0.2634,False,False,False,25.09,856.0,False,2407.65,773.8,863.0,845.1,1590.72,900.48,874.71,864.47,1024.06,1473.8,756.85,390.0,255.0,Uptrend,Strong,32.26,No Clear Pattern,0,,,,,No Clear Pattern,25401939,Household Goods
2026-05-27,RHIM,414.4,Stage 4 (Downtrend),49.7,423.78,388637,40.73,1.62,False,16.11,399.0,1.77,False,Near Discount,61.41,22.93,False,Decreasing,0.0972,False,True,True,19.39,407.2,False,809.3,334.1,420.9,407.2,571.7,398.83,386.72,408.26,436.56,537.7,323.05,315.0,69.0,Sideways,Moderate,26.12,No Clear Pattern,0,,,,,No Clear Pattern,110899940,Construction Materials
2026-05-27,NAVA,615.0,Stage 2 (Uptrend),51.46,582.6,258001,46.34,0.37,False,15.87,400.0,0.0,True,Near Premium,42.76,16.82,False,Decreasing,0.2714,False,False,False,24.26,615.0,False,730.4,189.57,622.45,613.0,459.99,657.91,626.29,594.61,601.95,739.4,475.15,357.0,400.0,Sideways,Moderate,51.0,Flag Pattern (Bear Flag),84,17-09-2025,31-10-2025,PoleS:17-09-2025@705.5 ; PoleE:09-10-2025@626.15 ; Consol:31-10-2025@618.8,Double Bottom(82) | Broadening Formation(68),Flag Pattern (Bear Flag)(84) | Double Bottom(82) | Broadening Formation(68),130742090,Consumer Goods Conglomerates
2026-05-27,CONCORDBIO,1099.6,Stage 4 (Downtrend),42.08,1227.12,137624,58.83,0.82,False,15.13,401.0,-3.13,False,Near Discount,45.18,48.87,False,Increasing,0.1115,False,True,False,15.62,1135.1,False,2601.1,1014.8,1145.5,1096.2,1807.95,1151.12,1089.17,1152.45,1332.33,2150.4,987.0,422.0,172.0,Sideways,Moderate,43.14,Cup and Handle,87,06-03-2026,27-05-2026,RimL:06-03-2026@1207.2 ; Btm:27-03-2026@1014.8 ; RimR:06-05-2026@1222.0 ; Hdl:27-05-2026@1099.6,Rounding Bottom(79) | Diamond Top(60) | Descending Channel(57),Cup and Handle(87) | Rounding Bottom(79) | Diamond Top(60) | Descending Channel(57),40523099,Pharmaceuticals
2026-05-27,CAPLIPOINT,2023.3,Stage 1/3 (Neutral),63.01,1808.72,72577,46.38,0.31,False,14.68,402.0,-0.93,True,Equilibrium,65.85,15.52,False,Decreasing,0.2582,False,True,True,40.59,2042.3,False,2600.15,1504.8,2063.7,2014.6,2052.48,1911.22,1757.55,1749.52,1887.82,2395.0,1500.3,450.0,435.0,Uptrend,Strong,43.63,Inverse Head and Shoulders,84,23-01-2026,01-05-2026,LS:23-01-2026@1723.0 ; H:27-03-2026@1558.4 ; RS:01-05-2026@1709.0,Flag Pattern (Bear Flag)(76) | Rounding Bottom(71),Inverse Head and Shoulders(84) | Flag Pattern (Bear Flag)(76) | Rounding Bottom(71),31269179,Pharmaceuticals
2026-05-27,PTCIL,16687.0,Stage 4 (Downtrend),50.66,17198.47,8624,47.05,0.71,False,14.39,403.0,-0.07,False,Near Premium,55.67,13.93,False,Decreasing,0.1055,False,True,True,14.99,16699.0,False,19176.0,4932.0,16941.0,16607.0,12054.0,16487.0,16099.08,16981.08,16706.74,19387.0,13251.0,493.0,216.0,Sideways,Weak,28.96,Flag Pattern (Bull Flag),76,17-09-2025,31-10-2025,PoleS:17-09-2025@15465.0 ; PoleE:09-10-2025@16676.0 ; Consol:31-10-2025@17283.0,Descending Channel(69),Flag Pattern (Bull Flag)(76) | Descending Channel(69),1657158,Metals & Mining
2026-05-27,ABBOTINDIA,27735.0,Stage 1/3 (Neutral),52.48,27448.17,5170,58.53,0.41,False,14.34,404.0,-0.23,False,Near Discount,61.93,25.04,False,Decreasing,0.1369,False,True,True,36.36,27800.0,False,35670.0,25180.0,27825.0,27455.0,30425.0,27024.25,26341.3,26743.95,28338.0,37000.0,25150.0,495.0,368.0,Uptrend,Strong,25.08,Rounding Bottom,79,12-02-2026,27-05-2026,Start:12-02-2026@26660.0 ; Q1:10-03-2026@26810.0 ; Mid:06-04-2026@25895.0 ; Q3:01-05-2026@25435.0 ; End:27-05-2026@27735.0,Broadening Formation(68),Rounding Bottom(79) | Broadening Formation(68),767507,Pharmaceuticals
2026-05-27,ALOKINDS,12.88,Stage 4 (Downtrend),39.95,14.76,11114070,42.55,1.68,False,14.31,405.0,1.18,False,Near Discount,42.79,45.19,False,Increasing,0.1975,False,False,False,22.03,12.73,False,37.5,11.18,13.2,12.65,24.34,13.43,13.27,13.99,15.64,23.5,11.11,47.0,65.0,Sideways,Moderate,29.38,Broadening Formation,72,19-12-2025,08-05-2026,H1:26-12-2025@16.28 ; H2:08-05-2026@14.09 ; L1:19-12-2025@16.04 ; L2:24-04-2026@13.52,Double Top(70) | Flag Pattern (Bear Flag)(68) | Diamond Top(64) | Descending Channel(61),Broadening Formation(72) | Double Top(70) | Flag Pattern (Bear Flag)(68) | Diamond Top(64) | Descending Channel(61),2203644835,Textiles & Apparel
2026-05-27,CYIENT,917.5,Stage 4 (Downtrend),44.36,1004.62,153501,47.47,0.46,False,14.08,406.0,-0.87,False,Near Discount,56.33,32.96,False,Decreasing,0.083,False,True,True,13.03,925.55,False,2388.1,752.85,927.3,915.25,1570.48,894.49,874.03,952.21,1060.05,1368.6,750.3,411.0,347.0,Sideways,Weak,26.15,Flag Pattern (Bear Flag),64,17-09-2025,31-10-2025,PoleS:17-09-2025@1260.6 ; PoleE:09-10-2025@1176.7 ; Consol:31-10-2025@1162.5,,Flag Pattern (Bear Flag)(64),-6555183,Software & IT Services
2026-05-27,COHANCE,428.75,Stage 4 (Downtrend),45.58,431.34,327873,47.35,0.08,False,14.06,407.0,-1.41,False,Near Discount,51.08,61.76,False,Decreasing,0.2311,False,True,False,34.45,434.9,False,1108.8,279.9,437.8,427.45,694.35,452.38,386.62,368.67,559.43,1121.15,266.7,332.0,498.0,Uptrend,Strong,47.35,Rounding Bottom,79,24-12-2025,27-05-2026,Start:24-12-2025@536.2 ; Q1:02-02-2026@370.7 ; Mid:12-03-2026@289.35 ; Q3:20-04-2026@369.2 ; End:27-05-2026@428.75,,Rounding Bottom(79),79629534,Pharmaceuticals
2026-05-27,IGIL,369.9,Stage 2 (Uptrend),56.7,332.42,376562,47.47,0.52,False,13.93,408.0,-3.92,True,Near Discount,58.61,16.31,False,Decreasing,0.2174,False,True,True,20.33,385.0,False,620.4,291.0,385.0,367.1,455.7,350.02,343.61,332.05,336.4,442.0,287.0,318.0,318.0,Sideways,Moderate,49.13,Flag Pattern (Bear Flag),76,17-09-2025,31-10-2025,PoleS:17-09-2025@386.3 ; PoleE:09-10-2025@345.15 ; Consol:31-10-2025@337.7,,Flag Pattern (Bear Flag)(76),183966346,Professional & Commercial Services
2026-05-27,CRISIL,3987.3,Stage 4 (Downtrend),40.07,4350.11,34579,65.43,0.61,False,13.79,409.0,-0.69,False,Near Discount,38.89,35.05,False,Decreasing,0.0816,False,False,False,14.66,4015.0,False,6653.1,3705.9,4039.7,3976.3,5179.5,4127.34,4074.46,4299.24,4515.86,6139.0,3686.0,469.0,265.0,Sideways,Weak,20.33,Broadening Formation,68,28-11-2025,17-04-2026,H1:12-12-2025@4498.6 ; H2:17-04-2026@4335.4 ; L1:28-11-2025@4423.7 ; L2:03-04-2026@3705.9,,Broadening Formation(68),4665166,Professional & Commercial Services
2026-05-27,RAMCOCEM,886.8,Stage 4 (Downtrend),37.01,1019.91,153390,40.62,0.46,False,13.6,410.0,-1.04,False,Near Discount,37.55,26.98,False,Decreasing,0.0996,False,False,False,19.83,896.1,False,1204.9,730.9,905.55,883.0,967.9,921.18,942.24,1017.79,1027.61,1214.5,860.1,412.0,347.0,Sideways,Moderate,26.09,Broadening Formation,68,03-10-2025,17-04-2026,H1:24-10-2025@1046.8 ; H2:17-04-2026@1011.05 ; L1:03-10-2025@989.75 ; L2:27-03-2026@910.5,,Broadening Formation(68),45357663,Construction Materials
2026-05-27,PCBL,287.5,Stage 4 (Downtrend),47.35,291.67,472249,32.25,0.22,False,13.58,411.0,-0.86,False,Near Discount,50.59,34.26,False,Decreasing,0.1575,False,True,False,14.04,290.0,False,577.6,232.15,292.8,285.6,404.88,290.65,277.32,280.5,316.92,437.3,226.5,300.0,474.0,Sideways,Weak,47.48,Rounding Bottom,79,12-02-2026,27-05-2026,Start:12-02-2026@314.85 ; Q1:10-03-2026@275.45 ; Mid:06-04-2026@259.76 ; Q3:01-05-2026@290.58 ; End:27-05-2026@287.5,Double Top(66),Rounding Bottom(79) | Double Top(66),755531361,Chemicals
2026-05-27,CARBORUNIV,1035.0,Stage 2 (Uptrend),63.25,871.58,129301,57.8,0.4,False,13.38,412.0,1.45,True,Near Premium,57.37,11.27,False,Decreasing,0.1661,False,True,True,51.31,1020.25,False,1102.4,748.35,1051.0,1005.0,925.38,1029.3,927.5,868.05,883.92,1166.4,735.2,429.0,381.0,Uptrend,Strong,33.4,Double Bottom,82,06-02-2026,13-03-2026,P1:06-02-2026@771.4 ; P2:13-03-2026@755.6,Broadening Formation(68),Double Bottom(82) | Broadening Formation(68),24615137,Chemicals
2026-05-27,BERGEPAINT,526.95,Stage 1/3 (Neutral),58.19,494.57,250085,52.92,0.24,False,13.18,413.0,2.44,True,Equilibrium,64.36,12.9,False,Decreasing,0.1624,False,True,True,33.7,514.4,False,625.15,404.5,527.9,511.05,514.83,500.76,465.8,467.44,505.25,605.0,391.1,359.0,467.0,Uptrend,Strong,39.32,Cup and Handle,79,23-02-2026,12-05-2026,RimL:23-02-2026@464.8 ; Btm:16-03-2026@404.5 ; RimR:20-04-2026@483.95 ; Hdl:12-05-2026@488.1,,Cup and Handle(79),37151931,Chemicals
2026-05-27,KPRMILL,937.55,Stage 1/3 (Neutral),51.35,927.3,139173,46.57,0.65,False,13.05,414.0,-1.1,False,Near Discount,52.42,25.41,False,Decreasing,0.0832,False,True,False,24.65,948.0,False,1306.25,810.9,955.05,933.0,1058.58,940.91,900.2,891.56,958.02,1257.0,796.1,420.0,239.0,Sideways,Moderate,29.89,Falling Wedge,85,19-09-2025,15-05-2026,UL1:19-09-2025@1133.45 ; UL2:21-11-2025@1087.9 ; UL3:06-02-2026@977.3 ; UL4:08-05-2026@955.75 ; LL1:10-10-2025@1004.3 ; LL2:09-01-2026@828.55 ; LL3:20-03-2026@823.1 ; LL4:15-05-2026@923.45,,Falling Wedge(85),58951713,Textiles & Apparel
2026-05-27,RKFORGE,566.1,Stage 2 (Uptrend),52.26,537.7,230577,48.44,0.33,False,13.05,414.0,-0.53,True,Near Discount,47.84,18.13,False,Decreasing,0.1551,False,True,False,15.56,569.1,False,1047.9,462.7,575.15,561.0,755.3,586.97,548.78,543.43,544.33,691.5,460.15,366.0,428.0,Sideways,Moderate,31.16,Broadening Formation,68,19-12-2025,08-05-2026,H1:02-01-2026@531.4 ; H2:08-05-2026@610.25 ; L1:19-12-2025@477.95 ; L2:27-03-2026@487.95,,Broadening Formation(68),124861960,Metals & Mining
2026-05-27,SAPPHIRE,182.1,Stage 4 (Downtrend),42.27,206.01,714534,71.17,0.35,False,13.01,416.0,-1.11,False,Near Discount,51.08,50.52,False,Decreasing,0.1829,False,True,False,14.06,184.14,False,381.6,150.42,185.34,180.25,266.01,184.64,173.59,187.5,234.24,368.0,139.91,257.0,412.0,Sideways,Weak,77.32,Flag Pattern (Bear Flag),64,17-09-2025,31-10-2025,PoleS:17-09-2025@321.35 ; PoleE:09-10-2025@286.65 ; Consol:31-10-2025@286.05,,Flag Pattern (Bear Flag)(64),104754191,Hotels & Entertainment Services
2026-05-27,LATENTVIEW,316.9,Stage 4 (Downtrend),43.62,377.51,404609,34.26,0.28,False,12.82,417.0,0.6,False,Near Discount,55.47,38.76,False,Decreasing,0.159,False,True,True,21.24,315.0,False,559.7,249.6,322.3,314.55,404.65,307.43,295.12,336.21,390.91,517.5,248.0,311.0,456.0,Sideways,Moderate,41.59,No Clear Pattern,0,,,,,No Clear Pattern,265274621,Software & IT Services
2026-05-27,VIJAYA,1261.4,Stage 2 (Uptrend),66.07,1031.55,100290,44.96,0.24,False,12.65,418.0,0.57,True,Near Premium,60.67,8.55,False,Decreasing,0.1963,False,True,True,55.5,1254.2,False,1342.6,861.4,1270.2,1230.6,1102.0,1244.06,1077.08,1028.37,1026.05,1379.3,848.0,439.0,467.0,Uptrend,Strong,41.91,Flag Pattern (Bear Flag),84,17-09-2025,31-10-2025,PoleS:17-09-2025@1049.9 ; PoleE:09-10-2025@981.4 ; Consol:31-10-2025@988.65,Broadening Formation(68),Flag Pattern (Bear Flag)(84) | Broadening Formation(68),90225819,Healthcare Providers & Services
2026-05-27,RENUKA,23.4,Stage 4 (Downtrend),39.08,25.89,5321983,49.1,0.45,False,12.45,419.0,0.43,False,Discount,31.81,34.73,False,Decreasing,0.3704,False,False,False,32.98,23.3,False,54.47,23.05,23.74,23.15,38.76,25.8,26.64,25.51,27.15,35.85,22.85,90.0,353.0,Downtrend,Strong,37.09,Rounding Top,59,05-03-2026,27-05-2026,Start:05-03-2026@24.52 ; Q1:26-03-2026@25.11 ; Mid:16-04-2026@27.9 ; Q3:07-05-2026@28.55 ; End:27-05-2026@23.4,,Rounding Top(59),1222716220,Food & Tobacco
2026-05-27,BALKRISIND,2194.7,Stage 4 (Downtrend),45.77,2311.76,56430,42.8,0.39,False,12.38,420.0,-1.01,False,Near Discount,50.11,21.65,False,Decreasing,0.0815,False,True,True,13.62,2217.0,False,3345.85,2040.2,2234.0,2187.0,2693.02,2180.86,2187.3,2306.21,2326.84,2801.3,2015.4,459.0,388.0,Sideways,Weak,30.32,Cup and Handle,87,05-03-2026,13-05-2026,RimL:05-03-2026@2308.6 ; Btm:23-03-2026@2040.2 ; RimR:16-04-2026@2342.4 ; Hdl:13-05-2026@2105.1,Falling Wedge(85) | Flag Pattern (Bear Flag)(64) | Descending Channel(57),Cup and Handle(87) | Falling Wedge(85) | Flag Pattern (Bear Flag)(64) | Descending Channel(57),-1520704,Automobiles & Auto Parts
2026-05-27,RAYMONDLSL,710.5,Stage 4 (Downtrend),33.57,918.76,168682,56.61,0.77,False,11.98,421.0,-0.51,False,Discount,34.91,49.68,False,Increasing,0.1855,False,False,False,11.92,714.15,False,2869.0,710.5,724.8,709.0,1789.75,767.37,781.82,848.11,999.63,1411.9,709.0,405.0,192.0,Sideways,Weak,34.46,Flag Pattern (Bear Flag),64,17-09-2025,31-10-2025,PoleS:17-09-2025@1321.1 ; PoleE:09-10-2025@1215.4 ; Consol:31-10-2025@1182.3,,Flag Pattern (Bear Flag)(64),13206142,Specialty Retailers
2026-05-27,GUJGASLTD,369.8,Stage 4 (Downtrend),45.72,388.76,321304,50.29,0.54,False,11.88,422.0,-1.65,False,Near Discount,48.8,27.3,False,Decreasing,0.1299,False,True,False,17.07,376.0,False,680.0,307.25,377.15,368.2,493.62,378.16,355.27,380.74,398.76,508.7,301.5,337.0,307.0,Sideways,Moderate,33.83,No Clear Pattern,0,,,,,No Clear Pattern,52973469,Natural Gas Utilities
2026-05-27,BSOFT,328.1,Stage 4 (Downtrend),39.2,387.06,359967,36.41,0.3,False,11.81,423.0,0.98,False,Near Discount,40.98,30.78,False,Decreasing,0.2674,False,False,False,19.79,324.9,False,853.4,309.6,329.25,324.55,581.5,339.32,354.85,378.74,383.33,474.0,306.4,323.0,443.0,Sideways,Moderate,35.85,No Clear Pattern,0,,,,,No Clear Pattern,79295362,Software & IT Services
2026-05-27,AKUMS,535.25,Stage 2 (Uptrend),59.06,472.2,217730,53.54,0.74,False,11.65,424.0,0.04,True,Near Discount,54.2,10.34,False,Decreasing,0.107,False,True,True,22.82,535.05,False,1119.95,414.05,548.5,535.0,767.0,535.02,518.6,489.47,470.2,597.0,409.3,375.0,204.0,Sideways,Moderate,25.26,Double Bottom,82,24-04-2026,15-05-2026,P1:24-04-2026@514.3 ; P2:15-05-2026@516.95,Diamond Bottom(76) | Broadening Formation(68),Double Bottom(82) | Diamond Bottom(76) | Broadening Formation(68),23649934,Pharmaceuticals
2026-05-27,IPCALAB,1572.4,Stage 2 (Uptrend),56.08,1493.53,74100,43.14,0.23,False,11.65,424.0,-0.29,True,Near Premium,51.52,6.31,False,Decreasing,0.1149,False,True,False,32.16,1577.0,False,1656.2,1268.7,1592.4,1567.0,1462.45,1572.98,1534.34,1513.05,1443.68,1678.3,1251.6,449.0,472.0,Uptrend,Strong,25.64,Triple Top,90,27-03-2026,15-05-2026,P1:27-03-2026@1586.0 ; P2:24-04-2026@1555.9 ; P3:15-05-2026@1605.0,,Triple Top(90),34169964,Pharmaceuticals
2026-05-27,CAMPUS,253.8,Stage 1/3 (Neutral),51.62,253.62,457870,34.64,0.98,False,11.62,426.0,1.12,False,Near Discount,62.77,16.62,False,Decreasing,0.1127,False,True,True,22.77,251.0,False,367.15,218.85,256.2,246.21,293.0,242.78,239.47,247.62,259.14,304.4,215.2,304.0,137.0,Sideways,Moderate,29.89,Broadening Formation,68,26-09-2025,08-05-2026,H1:17-10-2025@282.25 ; H2:08-05-2026@250.89 ; L1:26-09-2025@264.9 ; L2:27-03-2026@223.75,Rounding Top(59) | Descending Channel(57),Broadening Formation(68) | Rounding Top(59) | Descending Channel(57),163557544,Textiles & Apparel
2026-05-27,DEVYANI,117.16,Stage 4 (Downtrend),45.57,124.15,989931,39.17,0.37,False,11.6,427.0,1.26,False,Near Discount,53.21,38.66,False,Decreasing,0.0996,False,True,False,20.35,115.7,False,221.58,94.59,118.39,115.7,158.08,118.1,110.25,117.21,137.06,191.0,91.55,229.0,400.0,Sideways,Moderate,56.56,Flag Pattern (Bear Flag),64,17-09-2025,31-10-2025,PoleS:17-09-2025@179.05 ; PoleE:09-10-2025@165.0 ; Consol:31-10-2025@161.8,,Flag Pattern (Bear Flag)(64),438208592,Hotels & Entertainment Services
2026-05-27,BATAINDIA,692.6,Stage 4 (Downtrend),31.67,827.71,162268,48.32,1.46,False,11.24,428.0,-0.76,False,Near Discount,43.08,46.1,False,Increasing,0.0826,False,False,False,14.53,697.9,False,1674.35,607.5,708.8,690.0,1140.92,704.27,698.16,761.73,922.61,1284.9,605.0,408.0,75.0,Sideways,Weak,15.74,No Clear Pattern,0,,,,,No Clear Pattern,6393029,Textiles & Apparel
2026-05-27,ABREL,1252.8,Stage 4 (Downtrend),39.85,1444.75,89183,45.24,0.3,False,11.17,429.0,-1.35,False,Near Discount,39.61,50.64,False,Decreasing,0.3341,False,False,False,28.92,1270.0,False,3052.8,1094.9,1277.9,1246.1,2073.85,1364.02,1317.9,1322.82,1534.18,2537.9,1080.1,444.0,443.0,Uptrend,Strong,49.11,Broadening Formation,68,31-10-2025,01-05-2026,H1:31-10-2025@1876.7 ; H2:01-05-2026@1486.2 ; L1:21-11-2025@1741.5 ; L2:27-03-2026@1130.7,Rounding Top(59),Broadening Formation(68) | Rounding Top(59),8434799,Paper & Forest Products
2026-05-27,ALKYLAMINE,1692.0,Stage 1/3 (Neutral),58.52,1552.9,64353,40.34,0.17,False,10.89,430.0,-2.31,True,Near Discount,55.41,30.62,False,Decreasing,0.1994,False,True,True,37.12,1732.0,False,2701.35,1231.6,1760.0,1682.0,1966.48,1679.37,1502.01,1502.77,1673.82,2438.8,1212.0,454.0,487.0,Uptrend,Strong,64.05,Flag Pattern (Bear Flag),76,17-09-2025,31-10-2025,PoleS:17-09-2025@2093.8 ; PoleE:09-10-2025@1837.9 ; Consol:31-10-2025@1860.0,Rounding Bottom(71),Flag Pattern (Bear Flag)(76) | Rounding Bottom(71),21490070,Chemicals
2026-05-27,ZENSARTECH,491.3,Stage 4 (Downtrend),32.31,619.98,220218,33.85,0.49,False,10.82,431.0,0.73,False,Discount,38.34,45.04,False,Decreasing,0.1146,False,False,False,28.52,487.75,False,920.3,484.95,498.0,485.0,702.62,502.09,531.94,577.4,669.84,894.0,470.1,372.0,334.0,Downtrend,Strong,21.43,Broadening Formation,68,07-11-2025,15-05-2026,H1:28-11-2025@749.65 ; H2:17-04-2026@602.65 ; L1:07-11-2025@697.65 ; L2:15-05-2026@488.4,Flag Pattern (Bear Flag)(64) | Descending Channel(57),Broadening Formation(68) | Flag Pattern (Bear Flag)(64) | Descending Channel(57),192182267,Software & IT Services
2026-05-27,SCHAEFFLER,4157.7,Stage 2 (Uptrend),53.7,3963.42,25652,48.79,0.27,False,10.67,432.0,-1.24,True,Near Premium,54.26,6.94,False,Decreasing,0.0771,False,True,True,13.99,4210.0,False,4357.2,2711.3,4246.5,4131.3,3534.25,4116.21,4048.25,3971.71,3969.32,4467.7,3518.4,477.0,460.0,Sideways,Weak,26.06,Inverse Head and Shoulders,88,17-10-2025,13-03-2026,LS:17-10-2025@3877.5 ; H:23-01-2026@3616.4 ; RS:13-03-2026@3830.6,Double Top(86) | Cup and Handle(83),Inverse Head and Shoulders(88) | Double Top(86) | Cup and Handle(83),10952193,"Machinery, Equipment & Components"
2026-05-27,IKS,1637.5,Stage 2 (Uptrend),55.01,1570.0,63999,59.53,0.19,False,10.48,433.0,-0.5,True,Equilibrium,55.05,12.71,False,Decreasing,0.0897,False,True,False,32.55,1645.8,False,2145.7,1274.9,1660.0,1634.1,1710.3,1653.81,1512.4,1532.9,1563.89,1876.0,1262.0,455.0,483.0,Uptrend,Strong,41.08,Cup and Handle,83,12-02-2026,22-05-2026,RimL:12-02-2026@1659.4 ; Btm:23-03-2026@1274.9 ; RimR:05-05-2026@1686.6 ; Hdl:22-05-2026@1585.9,Rounding Bottom(75) | Broadening Formation(68),Cup and Handle(83) | Rounding Bottom(75) | Broadening Formation(68),24663472,Software & IT Services
2026-05-27,WELSPUNLIV,139.45,Stage 2 (Uptrend),58.9,129.99,736880,46.64,0.31,False,10.28,434.0,-0.39,True,Near Discount,59.42,8.77,False,Decreasing,0.1357,False,True,True,19.51,139.99,False,207.26,108.32,141.36,138.84,157.79,135.92,127.06,127.02,126.96,152.85,107.1,255.0,435.0,Sideways,Moderate,29.5,Rounding Bottom,75,22-01-2026,27-05-2026,Start:22-01-2026@125.56 ; Q1:23-02-2026@139.34 ; Mid:26-03-2026@113.41 ; Q3:27-04-2026@132.74 ; End:27-05-2026@139.45,Broadening Formation(68),Rounding Bottom(75) | Broadening Formation(68),895946074,Textiles & Apparel
2026-05-27,TRIDENT,24.67,Stage 4 (Downtrend),43.92,25.99,4111359,39.25,0.71,False,10.14,435.0,0.98,False,Near Discount,44.64,26.71,False,Decreasing,0.134,False,False,False,18.64,24.43,False,49.65,22.06,24.84,24.38,35.85,25.29,25.07,25.3,26.72,33.66,21.98,108.0,216.0,Sideways,Moderate,20.94,Rounding Top,59,02-04-2026,27-05-2026,Start:02-04-2026@24.12 ; Q1:16-04-2026@25.88 ; Mid:30-04-2026@25.97 ; Q3:14-05-2026@25.15 ; End:27-05-2026@24.67,,Rounding Top(59),1457505092,Textiles & Apparel
2026-05-27,KNRCON,131.69,Stage 4 (Downtrend),44.37,139.87,769811,54.22,0.34,False,10.14,435.0,-1.47,False,Near Discount,55.87,46.25,False,Decreasing,0.098,False,True,True,15.03,133.66,False,409.6,109.62,133.89,131.0,259.61,129.8,123.49,130.64,155.36,245.0,108.65,251.0,423.0,Sideways,Moderate,33.74,No Clear Pattern,0,,,,,No Clear Pattern,435891892,Construction & Engineering
2026-05-27,FIVESTAR,454.45,Stage 4 (Downtrend),46.17,486.13,219692,48.85,0.28,False,9.98,437.0,-0.15,False,Near Discount,48.71,45.11,False,Decreasing,0.111,False,True,False,19.11,455.15,False,900.4,347.3,457.55,450.05,623.85,463.9,436.06,441.56,503.63,828.0,338.15,373.0,456.0,Sideways,Moderate,22.22,Rounding Bottom,79,22-01-2026,27-05-2026,Start:22-01-2026@514.2 ; Q1:23-02-2026@435.35 ; Mid:26-03-2026@382.6 ; Q3:27-04-2026@511.3 ; End:27-05-2026@454.45,,Rounding Bottom(79),85402856,Banking Services
2026-05-27,MGL,1103.2,Stage 4 (Downtrend),48.65,1110.04,89498,52.07,0.44,False,9.87,438.0,0.66,False,Near Discount,53.61,30.48,False,Decreasing,0.1525,False,True,True,19.6,1096.0,False,1964.95,908.4,1105.6,1092.2,1436.68,1100.44,1058.35,1077.7,1159.14,1586.9,900.0,443.0,356.0,Sideways,Moderate,33.72,Cup and Handle,87,27-02-2026,13-05-2026,RimL:27-02-2026@1219.8 ; Btm:23-03-2026@908.4 ; RimR:22-04-2026@1147.25 ; Hdl:13-05-2026@1046.9,Rounding Bottom(79) | Broadening Formation(68),Cup and Handle(87) | Rounding Bottom(79) | Broadening Formation(68),41787732,Natural Gas Utilities
2026-05-27,NIACL,160.56,Stage 1/3 (Neutral),52.04,154.88,603901,38.28,0.59,False,9.7,439.0,-1.37,False,Near Discount,48.97,25.23,False,Decreasing,0.0529,False,True,False,32.11,162.79,False,304.4,117.82,163.9,160.02,211.11,163.44,151.85,148.97,164.72,214.74,116.97,273.0,279.0,Uptrend,Strong,26.8,No Clear Pattern,0,,,,,No Clear Pattern,672342185,Insurance
2026-05-27,UCOBANK,25.54,Stage 4 (Downtrend),42.22,27.87,3747300,37.3,0.77,False,9.57,440.0,0.91,False,Near Discount,48.77,27.19,False,Decreasing,0.1347,False,True,False,18.39,25.31,False,68.4,22.45,25.69,25.3,45.42,25.78,25.45,26.91,28.53,35.08,22.22,114.0,192.0,Sideways,Moderate,23.52,Broadening Formation,68,26-09-2025,01-05-2026,H1:28-11-2025@30.78 ; H2:01-05-2026@26.79 ; L1:26-09-2025@29.44 ; L2:27-03-2026@23.6,Rounding Top(59),Broadening Formation(68) | Rounding Top(59),1756551078,Banking Services
2026-05-27,RAINBOW,1377.1,Stage 1/3 (Neutral),62.86,1260.06,69295,48.22,0.35,False,9.54,441.0,1.18,True,Equilibrium,70.41,16.32,False,Decreasing,0.1232,False,True,True,30.15,1361.0,False,1677.25,1103.8,1379.9,1345.8,1390.52,1312.7,1252.17,1223.0,1306.84,1645.7,1084.0,451.0,412.0,Uptrend,Strong,19.3,No Clear Pattern,0,,,,,No Clear Pattern,27371279,Healthcare Providers & Services
2026-05-27,IOB,33.88,Stage 4 (Downtrend),44.39,35.34,2722431,42.31,0.77,False,9.22,442.0,0.74,False,Near Discount,47.62,20.84,False,Increasing,0.0734,False,False,False,20.69,33.63,False,79.65,31.38,33.97,33.53,55.52,34.14,33.91,34.43,36.4,42.8,31.2,127.0,192.0,Sideways,Moderate,14.22,Cup and Handle,87,26-02-2026,18-05-2026,RimL:26-02-2026@36.79 ; Btm:30-03-2026@31.38 ; RimR:22-04-2026@35.39 ; Hdl:18-05-2026@33.43,Broadening Formation(68) | Diamond Top(60) | Rounding Top(59) | Descending Channel(57),Cup and Handle(87) | Broadening Formation(68) | Diamond Top(60) | Rounding Top(59) | Descending Channel(57),1870078872,Banking Services
2026-05-27,CHALET,799.9,Stage 4 (Downtrend),47.37,826.31,113268,68.13,0.81,False,9.06,443.0,1.42,False,Near Discount,57.5,26.07,False,Decreasing,0.1003,False,True,True,14.53,788.7,False,1064.6,702.3,805.0,782.0,883.45,779.04,763.86,797.08,868.78,1082.0,691.35,432.0,177.0,Sideways,Weak,29.89,Flag Pattern (Bear Flag),64,17-09-2025,31-10-2025,PoleS:17-09-2025@1062.1 ; PoleE:09-10-2025@941.15 ; Consol:31-10-2025@949.75,Descending Channel(57),Flag Pattern (Bear Flag)(64) | Descending Channel(57),25152176,Hotels & Entertainment Services
2026-05-27,TANLA,522.85,Stage 1/3 (Neutral),52.27,501.97,171859,54.67,0.21,False,8.99,444.0,-2.03,False,Near Discount,52.9,31.74,False,Decreasing,0.1561,False,True,False,17.77,533.7,False,1207.8,377.45,533.7,521.05,792.62,526.94,484.08,475.18,547.7,766.0,365.9,402.0,478.0,Sideways,Moderate,44.97,Rounding Bottom,79,24-12-2025,27-05-2026,Start:24-12-2025@547.3 ; Q1:02-02-2026@491.25 ; Mid:12-03-2026@431.8 ; Q3:20-04-2026@482.65 ; End:27-05-2026@522.85,,Rounding Bottom(79),257770092,Software & IT Services
2026-05-27,3MINDIA,33225.0,Stage 1/3 (Neutral),51.46,33895.5,2695,34.81,0.47,False,8.95,445.0,-0.08,True,Equilibrium,58.45,12.63,False,Decreasing,0.1072,False,True,True,18.38,33250.0,False,37635.0,25982.5,33610.0,33110.0,31808.75,32281.25,31758.5,33377.0,32895.85,38030.0,28275.0,498.0,339.0,Sideways,Moderate,24.59,Diamond Bottom,76,19-09-2025,15-05-2026,H1:19-09-2025@29915.0 ; H2:12-12-2025@35465.0 ; H3:01-05-2026@33300.0 ; L1:03-10-2025@29135.0 ; L2:05-12-2025@34125.0 ; L3:15-05-2026@31245.0,Rounding Bottom(75) | Broadening Formation(68),Diamond Bottom(76) | Rounding Bottom(75) | Broadening Formation(68),373175,Consumer Goods Conglomerates
2026-05-27,MANYAVAR,416.1,Stage 4 (Downtrend),37.78,481.37,214741,50.09,0.87,False,8.94,446.0,0.98,False,Near Discount,43.3,51.04,False,Increasing,0.1411,False,True,False,25.25,412.05,False,1458.75,337.1,424.0,412.05,897.92,433.94,412.7,429.9,547.21,849.9,329.2,377.0,160.0,Uptrend,Strong,29.85,Cup and Handle,87,12-02-2026,26-05-2026,RimL:12-02-2026@479.5 ; Btm:16-03-2026@337.1 ; RimR:23-04-2026@462.3 ; Hdl:26-05-2026@415.0,,Cup and Handle(87),3797776,Specialty Retailers
2026-05-27,INDGN,518.9,Stage 1/3 (Neutral),54.68,497.13,172270,52.51,0.59,False,8.94,446.0,-1.01,True,Near Discount,56.19,18.01,False,Increasing,0.096,False,True,False,23.52,524.2,False,732.7,423.5,532.0,514.35,578.1,520.15,491.84,485.44,514.77,632.9,414.0,401.0,279.0,Sideways,Moderate,30.84,Rounding Bottom,71,24-12-2025,27-05-2026,Start:24-12-2025@523.35 ; Q1:02-02-2026@490.75 ; Mid:12-03-2026@443.45 ; Q3:20-04-2026@482.5 ; End:27-05-2026@518.9,Broadening Formation(68),Rounding Bottom(71) | Broadening Formation(68),22405416,Professional & Commercial Services
2026-05-27,EMAMILTD,400.45,Stage 4 (Downtrend),34.58,472.51,222476,56.44,0.5,False,8.91,448.0,-0.88,False,Discount,32.77,36.86,False,Decreasing,0.1717,False,False,False,27.54,404.0,False,839.75,393.1,405.0,400.1,616.42,431.62,426.62,453.21,501.7,634.2,385.5,370.0,329.0,Downtrend,Strong,27.43,Broadening Formation,68,10-10-2025,24-04-2026,H1:17-10-2025@551.5 ; H2:24-04-2026@460.15 ; L1:10-10-2025@542.4 ; L2:27-03-2026@393.1,Rounding Top(59),Broadening Formation(68) | Rounding Top(59),70435324,Personal & Household Products & Services
2026-05-27,CANFINHOME,832.95,Stage 1/3 (Neutral),45.63,878.32,105466,52.72,0.68,False,8.78,449.0,-0.73,False,Near Premium,42.61,14.26,False,Decreasing,0.1018,False,False,False,21.05,839.05,False,950.2,574.8,840.2,828.0,762.5,855.35,850.19,868.42,853.17,971.5,708.6,437.0,225.0,Sideways,Moderate,27.55,Symmetrical Triangle,74,09-01-2026,24-04-2026,H1:30-01-2026@932.45 ; H2:24-04-2026@909.6 ; L1:09-01-2026@891.7 ; L2:13-03-2026@819.65,Rounding Top(71),Symmetrical Triangle(74) | Rounding Top(71),34862697,Banking Services
2026-05-27,AADHARHFC,477.8,Stage 1/3 (Neutral),50.19,477.2,173436,56.47,0.49,False,8.29,450.0,-0.97,False,Near Premium,47.97,12.78,False,Decreasing,0.1137,False,True,False,13.15,482.5,False,539.85,329.45,482.5,474.65,434.65,485.21,476.16,473.78,488.32,547.8,411.3,398.0,334.0,Sideways,Weak,26.19,Inverse Head and Shoulders,92,23-01-2026,15-05-2026,LS:23-01-2026@468.4 ; H:03-04-2026@439.1 ; RS:15-05-2026@464.15,Rounding Bottom(79),Inverse Head and Shoulders(92) | Rounding Bottom(79),157212846,Banking Services
2026-05-27,CLEAN,756.55,Stage 4 (Downtrend),41.38,813.2,109104,46.46,0.33,False,8.25,451.0,1.28,False,Near Discount,44.06,52.72,False,Decreasing,0.2305,False,False,False,22.82,747.0,False,1649.8,656.4,761.8,746.95,1153.1,800.82,757.45,772.48,898.23,1600.0,652.0,435.0,428.0,Sideways,Moderate,42.48,Rounding Bottom,79,22-01-2026,27-05-2026,Start:22-01-2026@878.2 ; Q1:23-02-2026@728.55 ; Mid:26-03-2026@701.2 ; Q3:27-04-2026@810.2 ; End:27-05-2026@756.55,Flag Pattern (Bear Flag)(64),Rounding Bottom(79) | Flag Pattern (Bear Flag)(64),-8157587,Chemicals
2026-05-27,ATUL,7002.5,Stage 2 (Uptrend),64.56,6343.65,11464,42.99,0.41,False,8.03,452.0,-0.22,True,Near Premium,55.99,10.09,False,Decreasing,0.0508,True,True,True,29.08,7018.0,False,8036.35,5166.8,7088.0,6935.0,6601.58,6980.15,6645.85,6467.7,6272.95,7788.0,5560.5,492.0,368.0,Uptrend,Strong,24.25,Flag Pattern (Bear Flag),84,17-09-2025,31-10-2025,PoleS:17-09-2025@6543.0 ; PoleE:09-10-2025@5988.5 ; Consol:31-10-2025@5762.5,Broadening Formation(68),Flag Pattern (Bear Flag)(84) | Broadening Formation(68),4507670,Chemicals
2026-05-27,VTL,595.5,Stage 2 (Uptrend),65.62,503.94,129644,46.42,0.29,False,7.72,453.0,-0.63,True,Near Premium,49.77,7.96,False,Decreasing,0.0763,False,True,False,20.88,599.25,False,636.05,364.45,604.15,594.0,500.25,608.02,573.52,529.52,479.15,647.0,383.7,428.0,450.0,Sideways,Moderate,31.39,Ascending Channel,73,14-11-2025,08-05-2026,UL1:14-11-2025@452.8 ; UL2:19-12-2025@453.0 ; UL3:27-02-2026@542.55 ; UL4:01-05-2026@612.0 ; LL1:05-12-2025@432.65 ; LL2:23-01-2026@403.45 ; LL3:27-03-2026@527.2 ; LL4:08-05-2026@580.7,Broadening Formation(68),Ascending Channel(73) | Broadening Formation(68),148530876,Textiles & Apparel
2026-05-27,SONATSOFTW,265.75,Stage 4 (Downtrend),43.95,300.17,290028,44.44,0.12,False,7.71,454.0,-2.39,False,Near Discount,49.9,41.31,False,Decreasing,0.1624,False,True,False,23.78,272.25,False,857.65,209.6,272.65,265.0,533.62,269.04,253.97,273.42,319.09,452.8,207.15,349.0,494.0,Sideways,Moderate,53.56,Rounding Bottom,79,12-02-2026,27-05-2026,Start:12-02-2026@288.65 ; Q1:10-03-2026@250.45 ; Mid:06-04-2026@232.31 ; Q3:01-05-2026@255.03 ; End:27-05-2026@265.75,Broadening Formation(68),Rounding Bottom(79) | Broadening Formation(68),195584539,Software & IT Services
2026-05-27,METROPOLIS,536.15,Stage 2 (Uptrend),63.69,469.22,139350,56.3,0.16,False,7.47,455.0,-1.37,True,Near Premium,60.89,10.64,False,Decreasing,0.1778,False,True,True,36.0,543.6,False,559.9,360.44,549.1,534.0,460.17,521.1,480.93,468.9,477.62,600.0,398.31,419.0,490.0,Uptrend,Strong,42.39,Broadening Formation,68,02-01-2026,08-05-2026,H1:02-01-2026@468.11 ; H2:08-05-2026@549.5 ; L1:23-01-2026@439.08 ; L2:24-04-2026@467.1,,Broadening Formation(68),29678703,Healthcare Providers & Services
2026-05-27,BHARTIHEXA,1534.0,Stage 4 (Downtrend),44.34,1635.1,48617,47.87,0.34,False,7.46,456.0,-0.45,False,Near Discount,48.99,25.28,False,Decreasing,0.1095,False,True,True,13.47,1541.0,False,1984.6,1464.7,1548.9,1525.9,1724.65,1529.45,1532.57,1579.52,1672.77,2052.9,1439.3,461.0,423.0,Sideways,Weak,24.42,Falling Wedge,85,12-12-2025,15-05-2026,UL1:26-12-2025@1828.0 ; UL2:06-02-2026@1699.7 ; UL3:17-04-2026@1538.2 ; UL4:15-05-2026@1562.3 ; LL1:12-12-2025@1683.4 ; LL2:30-01-2026@1544.8 ; LL3:13-03-2026@1472.5 ; LL4:08-05-2026@1498.0,Rounding Bottom(79),Falling Wedge(85) | Rounding Bottom(79),89004884,Telecommunications Services
2026-05-27,RTNINDIA,35.38,Stage 4 (Downtrend),48.02,36.01,2062670,28.64,0.8,False,7.3,457.0,2.11,False,Near Discount,55.18,49.24,False,Increasing,0.1679,False,True,True,18.72,34.65,False,90.35,24.82,35.8,34.65,57.58,35.35,32.81,32.92,41.2,69.7,24.4,153.0,179.0,Sideways,Moderate,44.64,Inverse Head and Shoulders,92,23-01-2026,15-05-2026,LS:23-01-2026@32.94 ; H:06-03-2026@25.57 ; RS:15-05-2026@33.9,Rounding Bottom(79) | Flag Pattern (Bear Flag)(64),Inverse Head and Shoulders(92) | Rounding Bottom(79) | Flag Pattern (Bear Flag)(64),941985822,Software & IT Services
2026-05-27,KIRLOSBROS,1652.4,Stage 1/3 (Neutral),50.1,1616.37,43737,49.65,0.66,False,7.23,458.0,2.13,False,Near Discount,50.94,33.24,False,Decreasing,0.1342,False,True,False,23.76,1618.0,False,2603.15,1339.1,1657.9,1610.5,1971.12,1662.94,1615.26,1592.46,1712.42,2475.0,1335.0,463.0,235.0,Sideways,Moderate,33.46,No Clear Pattern,0,,,,,No Clear Pattern,33284949,"Machinery, Equipment & Components"
2026-05-27,TTML,43.07,Stage 4 (Downtrend),46.39,44.74,1661486,32.04,0.72,False,7.16,459.0,0.4,False,Near Discount,54.74,46.91,False,Decreasing,0.0768,False,True,True,35.39,42.9,False,106.07,31.36,43.89,42.76,68.72,42.68,40.78,41.79,48.05,81.12,31.22,174.0,212.0,Uptrend,Strong,26.55,Rounding Bottom,79,22-01-2026,27-05-2026,Start:22-01-2026@43.48 ; Q1:23-02-2026@42.71 ; Mid:26-03-2026@34.89 ; Q3:27-04-2026@44.66 ; End:27-05-2026@43.07,,Rounding Bottom(79),2025644504,Telecommunications Services
2026-05-27,TRIVENI,381.55,Stage 2 (Uptrend),50.4,375.37,186805,52.35,0.52,False,7.13,460.0,2.02,True,Near Discount,46.17,14.94,False,Decreasing,0.1651,False,False,False,18.01,374.0,False,507.5,327.55,383.0,374.0,417.52,389.76,389.88,378.44,368.03,448.55,317.55,393.0,318.0,Sideways,Moderate,26.57,Inverse Head and Shoulders,88,05-12-2025,13-03-2026,LS:05-12-2025@350.5 ; H:23-01-2026@330.9 ; RS:13-03-2026@348.7,Rounding Top(79) | Diamond Bottom(76),Inverse Head and Shoulders(88) | Rounding Top(79) | Diamond Bottom(76),140754351,Food & Tobacco
2026-05-27,RITES,205.96,Stage 4 (Downtrend),43.59,220.68,345022,39.65,0.55,False,7.11,461.0,-0.02,False,Near Discount,42.2,34.82,False,Decreasing,0.1597,False,False,False,19.71,206.0,False,438.39,175.63,208.12,204.15,307.01,214.11,206.97,212.1,229.97,316.0,175.0,326.0,296.0,Sideways,Moderate,24.24,Cup and Handle,87,12-02-2026,22-05-2026,RimL:12-02-2026@222.65 ; Btm:30-03-2026@175.63 ; RimR:06-05-2026@226.42 ; Hdl:22-05-2026@203.95,Broadening Formation(68),Cup and Handle(87) | Broadening Formation(68),386539668,Professional & Commercial Services
2026-05-27,ALIVUS,1070.3,Stage 2 (Uptrend),60.85,955.23,64789,49.33,0.58,False,6.93,462.0,-1.87,True,Equilibrium,52.76,6.8,False,Decreasing,0.1088,False,True,False,20.02,1090.7,False,1237.15,860.05,1110.4,1065.7,1048.6,1074.38,1039.46,975.49,949.56,1148.4,819.0,453.0,285.0,Sideways,Moderate,31.14,Long-term Rounding Bottom,75,30-05-2025,27-05-2026,Start:30-05-2025@1040.9 ; Q1:29-08-2025@944.8 ; Mid:02-12-2025@886.3 ; Q3:02-03-2026@914.35 ; End:27-05-2026@1070.3,Broadening Formation(68),Long-term Rounding Bottom(75) | Broadening Formation(68),6292204,Pharmaceuticals
2026-05-27,BLUEDART,4773.0,Stage 4 (Downtrend),37.69,5430.74,14397,60.61,0.92,False,6.87,463.0,-1.99,False,Discount,31.15,32.58,False,Increasing,0.2451,False,False,False,26.62,4870.0,False,9253.65,4747.0,4902.5,4750.0,7000.32,5177.47,5143.34,5327.22,5527.23,7080.0,4683.0,489.0,151.0,Downtrend,Strong,32.75,Head and Shoulders,72,19-09-2025,02-01-2026,LS:19-09-2025@5762.0 ; H:31-10-2025@6572.0 ; RS:02-01-2026@5593.5,Rounding Top(59) | Descending Channel(57),Head and Shoulders(72) | Rounding Top(59) | Descending Channel(57),11129017,Freight & Logistics Services
2026-05-27,LTFOODS,404.7,Stage 1/3 (Neutral),49.92,398.22,166028,49.99,0.52,False,6.72,464.0,-1.29,False,Near Premium,45.9,21.96,False,Decreasing,0.1114,False,False,False,20.37,410.0,False,509.05,162.6,411.15,404.0,335.82,415.16,405.31,396.47,406.63,518.55,333.15,407.0,318.0,Sideways,Moderate,23.3,Inverse Head and Shoulders,92,12-12-2025,27-03-2026,LS:12-12-2025@382.0 ; H:23-01-2026@345.9 ; RS:27-03-2026@372.2,Broadening Formation(68) | Double Top(66),Inverse Head and Shoulders(92) | Broadening Formation(68) | Double Top(66),132700591,Food & Tobacco
2026-05-27,KANSAINER,218.34,Stage 1/3 (Neutral),53.46,213.67,305005,58.98,0.31,False,6.66,465.0,0.13,False,Near Discount,62.5,17.3,False,Decreasing,0.1727,False,True,True,36.86,218.06,False,344.3,159.07,220.0,215.94,251.68,212.54,196.05,202.97,221.89,264.0,157.91,343.0,435.0,Uptrend,Strong,30.66,Cup and Handle,87,27-02-2026,07-05-2026,RimL:27-02-2026@203.51 ; Btm:23-03-2026@159.07 ; RimR:21-04-2026@206.24 ; Hdl:07-05-2026@211.55,Rounding Bottom(79),Cup and Handle(87) | Rounding Bottom(79),41019945,Chemicals
2026-05-27,TIMKEN,3636.9,Stage 2 (Uptrend),60.19,3249.32,18164,48.83,0.19,False,6.61,466.0,-0.28,True,Near Premium,55.99,3.66,False,Decreasing,0.1103,False,True,True,21.91,3647.2,False,3750.2,2270.45,3652.0,3606.6,3010.32,3552.41,3457.06,3318.54,3169.33,3775.0,2800.5,483.0,483.0,Sideways,Moderate,30.98,No Clear Pattern,0,,,,,No Clear Pattern,13822921,"Machinery, Equipment & Components"
2026-05-27,NIVABUPA,83.61,Stage 2 (Uptrend),59.64,76.44,761597,50.82,0.16,False,6.37,467.0,-0.56,True,Equilibrium,60.08,11.05,False,Decreasing,0.1141,False,True,True,36.89,84.08,False,100.0,68.4,84.49,83.15,84.2,81.46,77.06,76.55,77.39,94.0,67.5,253.0,490.0,Uptrend,Strong,26.98,Triple Top,82,09-01-2026,17-04-2026,P1:09-01-2026@79.17 ; P2:30-01-2026@78.87 ; P3:17-04-2026@80.11,Cup and Handle(79) | Broadening Formation(68),Triple Top(82) | Cup and Handle(79) | Broadening Formation(68),200365423,Insurance
2026-05-27,VGUARD,315.35,Stage 4 (Downtrend),43.45,327.17,199604,67.87,0.45,False,6.29,468.0,-0.17,False,Near Discount,44.92,23.04,False,Decreasing,0.1308,False,False,False,22.39,315.9,False,524.15,300.35,316.9,312.9,412.25,321.63,323.43,322.14,338.31,409.75,290.0,386.0,353.0,Sideways,Moderate,21.37,Falling Wedge,85,10-10-2025,08-05-2026,UL1:24-10-2025@372.2 ; UL2:30-01-2026@351.95 ; UL3:20-03-2026@324.85 ; UL4:08-05-2026@331.4 ; LL1:10-10-2025@348.35 ; LL2:16-01-2026@305.6 ; LL3:06-03-2026@311.65 ; LL4:27-03-2026@316.2,Flag Pattern (Bear Flag)(64) | Rounding Top(59),Falling Wedge(85) | Flag Pattern (Bear Flag)(64) | Rounding Top(59),20198189,"Machinery, Equipment & Components"
2026-05-27,MAHSEAMLES,635.2,Stage 2 (Uptrend),61.65,574.83,96096,58.02,0.76,False,6.1,469.0,0.83,True,Near Discount,50.66,17.91,False,Decreasing,0.0424,True,True,False,26.08,630.0,False,1064.8,506.45,640.0,627.0,785.62,640.02,620.74,578.14,585.73,773.8,500.7,441.0,197.0,Uptrend,Strong,16.41,Inverse Head and Shoulders,84,07-11-2025,13-03-2026,LS:07-11-2025@548.55 ; H:23-01-2026@508.55 ; RS:13-03-2026@549.8,,Inverse Head and Shoulders(84),40657977,Metals & Mining
2026-05-27,PFIZER,4622.6,Stage 4 (Downtrend),43.34,4857.86,12918,54.13,0.55,False,5.97,470.0,-0.99,False,Near Discount,42.9,22.87,False,Decreasing,0.0745,False,False,False,12.65,4669.0,False,6318.3,3913.75,4689.2,4610.9,5116.02,4730.47,4767.27,4796.24,4967.05,5993.0,4460.0,490.0,296.0,Sideways,Weak,30.41,Triple Top,70,27-02-2026,15-05-2026,P1:27-02-2026@5062.2 ; P2:17-04-2026@4960.7 ; P3:15-05-2026@4954.7,Broadening Formation(68) | Double Top(66) | Descending Channel(57),Triple Top(70) | Broadening Formation(68) | Double Top(66) | Descending Channel(57),7177890,Pharmaceuticals
2026-05-27,JUBLPHARMA,991.75,Stage 1/3 (Neutral),53.66,975.69,60216,50.39,0.42,False,5.97,470.0,0.59,False,Equilibrium,58.32,20.53,False,Decreasing,0.1205,False,True,True,25.45,985.95,False,1254.55,807.65,993.95,977.45,1031.1,984.18,921.39,922.59,1006.33,1248.0,786.05,457.0,363.0,Uptrend,Strong,20.94,Broadening Formation,68,26-09-2025,08-05-2026,H1:10-10-2025@1124.2 ; H2:08-05-2026@1008.2 ; L1:26-09-2025@1042.9 ; L2:06-03-2026@818.05,,Broadening Formation(68),78777300,Pharmaceuticals
2026-05-27,INDIAMART,2020.1,Stage 4 (Downtrend),40.39,2169.29,29167,63.04,0.34,False,5.89,472.0,-0.51,False,Near Discount,44.92,27.83,False,Decreasing,0.0962,False,False,False,20.26,2030.4,False,3152.45,1949.0,2035.0,2000.0,2550.72,2032.26,2057.94,2117.7,2262.15,2799.0,1911.0,474.0,423.0,Sideways,Moderate,18.75,Cup and Handle,87,09-03-2026,18-05-2026,RimL:09-03-2026@2183.5 ; Btm:24-03-2026@1963.9 ; RimR:20-04-2026@2184.6 ; Hdl:18-05-2026@1949.0,Double Bottom(86) | Broadening Formation(68) | Rounding Top(59),Cup and Handle(87) | Double Bottom(86) | Broadening Formation(68) | Rounding Top(59),6448829,Software & IT Services
2026-05-27,JUSTDIAL,534.5,Stage 4 (Downtrend),36.71,623.76,109157,43.58,0.78,False,5.83,473.0,0.2,False,Near Discount,53.15,44.2,False,Increasing,0.0651,False,True,True,17.01,533.45,False,1354.75,490.7,537.9,527.4,922.72,528.22,530.7,579.67,681.12,957.9,480.5,434.0,188.0,Sideways,Moderate,15.08,Rounding Top,59,19-03-2026,27-05-2026,Start:19-03-2026@516.45 ; Q1:06-04-2026@520.05 ; Mid:23-04-2026@544.3 ; Q3:11-05-2026@537.8 ; End:27-05-2026@534.5,,Rounding Top(59),82664609,Software & IT Services
2026-05-27,BASF,3430.2,Stage 4 (Downtrend),39.38,3743.5,16178,61.37,0.38,False,5.55,474.0,-0.9,False,Near Discount,36.62,35.47,False,Decreasing,0.174,False,False,False,19.07,3461.2,False,8555.7,3163.4,3507.9,3422.5,5859.55,3712.98,3574.57,3588.55,3976.85,5315.9,3122.2,484.0,392.0,Sideways,Moderate,38.92,Inverse Head and Shoulders,92,16-01-2026,01-05-2026,LS:16-01-2026@3633.3 ; H:27-03-2026@3291.4 ; RS:01-05-2026@3641.9,Rounding Bottom(79),Inverse Head and Shoulders(92) | Rounding Bottom(79),6159340,Chemicals
2026-05-27,ROUTE,514.75,Stage 4 (Downtrend),39.73,575.85,105654,58.32,0.47,False,5.44,475.0,-0.41,False,Near Discount,49.4,55.55,False,Decreasing,0.1593,False,True,False,14.58,516.85,False,1879.55,415.6,517.95,511.3,1147.58,526.62,498.97,526.56,642.89,1158.0,410.7,436.0,339.0,Sideways,Weak,36.86,Cup and Handle,87,12-02-2026,18-05-2026,RimL:12-02-2026@568.05 ; Btm:30-03-2026@415.6 ; RimR:06-05-2026@560.9 ; Hdl:18-05-2026@500.8,,Cup and Handle(87),44377744,Software & IT Services
2026-05-27,APTUS,262.7,Stage 1/3 (Neutral),50.96,258.34,205683,45.08,0.1,False,5.4,476.0,0.65,False,Near Discount,53.0,27.83,False,Decreasing,0.1235,False,True,False,34.47,261.0,False,389.65,194.57,264.0,259.75,292.11,266.12,240.71,246.53,277.23,364.0,193.03,382.0,497.0,Uptrend,Strong,37.97,Rounding Bottom,79,22-01-2026,27-05-2026,Start:22-01-2026@265.15 ; Q1:23-02-2026@243.7 ; Mid:26-03-2026@207.25 ; Q3:27-04-2026@260.57 ; End:27-05-2026@262.7,Triple Top(70),Rounding Bottom(79) | Triple Top(70),-69013620,Banking Services
2026-05-27,BIKAJI,637.8,Stage 4 (Downtrend),41.21,672.41,82913,44.19,0.64,False,5.29,477.0,-0.58,False,Near Discount,40.76,22.1,False,Decreasing,0.0897,False,False,False,15.67,641.5,False,978.7,603.45,643.0,632.85,791.08,664.14,650.86,651.0,696.84,818.7,592.55,445.0,243.0,Sideways,Moderate,24.74,No Clear Pattern,0,,,,,No Clear Pattern,39293820,Food & Tobacco
2026-05-27,DBREALTY,120.28,Stage 1/3 (Neutral),50.62,114.96,429894,,0.11,False,5.17,478.0,1.93,False,Near Discount,53.6,52.4,False,Decreasing,0.3515,False,True,False,20.2,118.0,False,248.35,83.97,123.1,117.32,166.16,122.23,108.14,109.17,129.16,252.67,83.5,308.0,496.0,Sideways,Moderate,94.15,Rounding Bottom,79,22-01-2026,27-05-2026,Start:22-01-2026@101.34 ; Q1:23-02-2026@116.95 ; Mid:26-03-2026@94.63 ; Q3:27-04-2026@106.75 ; End:27-05-2026@120.28,Broadening Formation(68) | Flag Pattern (Bear Flag)(64),Rounding Bottom(79) | Broadening Formation(68) | Flag Pattern (Bear Flag)(64),404306798,Real Estate Operations
2026-05-27,ERIS,1350.8,Stage 4 (Downtrend),43.67,1434.48,37418,49.79,0.21,False,5.05,479.0,-0.84,False,Near Discount,48.05,29.28,False,Decreasing,0.0861,False,False,False,20.2,1362.2,False,1847.7,1271.0,1374.9,1350.0,1559.35,1361.96,1355.0,1373.67,1498.97,1910.0,1200.0,466.0,478.0,Sideways,Moderate,43.25,Cup and Handle,87,12-02-2026,13-05-2026,RimL:12-02-2026@1510.4 ; Btm:23-03-2026@1271.0 ; RimR:16-04-2026@1465.5 ; Hdl:13-05-2026@1330.6,Diamond Top(60),Cup and Handle(87) | Diamond Top(60),24006442,Pharmaceuticals
2026-05-27,GODREJIND,1134.1,Stage 2 (Uptrend),58.75,995.86,41277,46.02,0.06,False,4.68,480.0,-0.6,True,Near Premium,58.99,18.41,False,Decreasing,0.2885,False,True,True,47.97,1140.95,False,1359.5,749.0,1149.0,1128.65,1054.25,1101.14,965.08,971.58,1040.43,1390.0,744.2,464.0,499.0,Uptrend,Strong,83.83,Cup and Handle,79,24-02-2026,13-05-2026,RimL:24-02-2026@1050.3 ; Btm:30-03-2026@749.0 ; RimR:06-05-2026@1022.4 ; Hdl:13-05-2026@1073.15,Flag Pattern (Bear Flag)(76) | Rounding Bottom(71) | Broadening Formation(68),Cup and Handle(79) | Flag Pattern (Bear Flag)(76) | Rounding Bottom(71) | Broadening Formation(68),88391167,Consumer Goods Conglomerates
2026-05-27,PNCINFRA,211.72,Stage 4 (Downtrend),44.79,223.97,208793,58.24,0.41,False,4.42,481.0,-0.55,False,Near Discount,49.72,36.19,False,Decreasing,0.0795,False,True,False,25.88,212.9,False,559.3,160.55,214.8,211.0,359.92,216.27,200.18,208.4,243.96,331.8,158.17,379.0,368.0,Uptrend,Strong,21.92,Rounding Bottom,79,22-01-2026,27-05-2026,Start:22-01-2026@225.15 ; Q1:23-02-2026@217.5 ; Mid:26-03-2026@178.19 ; Q3:27-04-2026@217.99 ; End:27-05-2026@211.72,Double Top(66),Rounding Bottom(79) | Double Top(66),135988765,Construction & Engineering
2026-05-27,SBFC,90.77,Stage 4 (Downtrend),44.98,97.41,474513,58.27,0.31,False,4.31,482.0,-1.12,False,Near Discount,44.37,26.2,False,Decreasing,0.0998,False,False,False,19.78,91.8,False,119.02,80.95,92.29,90.21,99.98,92.86,90.87,93.26,100.64,123.0,79.6,298.0,435.0,Sideways,Moderate,25.53,Triple Top,70,13-02-2026,08-05-2026,P1:13-02-2026@96.75 ; P2:17-04-2026@97.35 ; P3:08-05-2026@98.77,Broadening Formation(68),Triple Top(70) | Broadening Formation(68),180470368,Banking Services
2026-05-27,EIHOTEL,313.2,Stage 4 (Downtrend),43.76,336.89,131398,61.2,1.09,False,4.12,483.0,-1.51,False,Near Discount,42.4,27.97,False,Increasing,0.076,False,False,False,12.96,318.0,False,492.1,273.55,319.0,312.15,382.83,322.98,314.24,321.2,352.67,434.8,271.15,426.0,109.0,Sideways,Weak,22.01,Rounding Bottom,79,12-02-2026,27-05-2026,Start:12-02-2026@333.8 ; Q1:10-03-2026@315.4 ; Mid:06-04-2026@303.6 ; Q3:01-05-2026@318.95 ; End:27-05-2026@313.2,Broadening Formation(68) | Double Top(66) | Diamond Top(60),Rounding Bottom(79) | Broadening Formation(68) | Double Top(66) | Diamond Top(60),164671791,Hotels & Entertainment Services
2026-05-27,GODIGIT,304.4,Stage 4 (Downtrend),34.85,330.44,133818,68.52,0.55,False,4.07,484.0,-0.39,False,Near Discount,37.25,20.19,False,Decreasing,0.0436,False,False,False,13.41,305.6,False,398.4,278.5,307.95,302.8,338.45,308.96,316.63,322.95,338.08,381.4,300.35,424.0,296.0,Sideways,Weak,19.6,Cup and Handle,87,05-01-2026,06-05-2026,RimL:05-01-2026@349.85 ; Btm:06-02-2026@311.85 ; RimR:12-03-2026@344.5 ; Hdl:06-05-2026@303.7,Broadening Formation(68) | Descending Channel(57),Cup and Handle(87) | Broadening Formation(68) | Descending Channel(57),177529092,Insurance
2026-05-27,DOMS,2209.4,Stage 4 (Downtrend),41.77,2394.91,18330,38.39,0.34,False,4.05,485.0,0.34,False,Near Discount,39.83,20.24,False,Decreasing,0.0964,False,False,False,13.72,2202.0,False,3069.0,2055.8,2224.0,2190.0,2562.4,2276.97,2312.54,2328.67,2436.46,2770.0,2023.9,482.0,423.0,Sideways,Weak,22.92,Cup and Handle,87,10-02-2026,26-05-2026,RimL:10-02-2026@2483.8 ; Btm:09-03-2026@2055.8 ; RimR:22-04-2026@2419.1 ; Hdl:26-05-2026@2202.7,Triple Top(70) | Broadening Formation(68),Cup and Handle(87) | Triple Top(70) | Broadening Formation(68),41939930,Professional & Commercial Services
2026-05-27,GODREJAGRO,588.15,Stage 1/3 (Neutral),47.68,581.15,67106,53.42,0.27,False,3.95,486.0,0.54,False,Near Discount,53.29,32.89,False,Decreasing,0.0712,False,True,True,14.55,585.0,False,865.5,513.0,589.95,583.0,689.25,579.17,580.95,580.6,616.49,876.35,506.1,452.0,460.0,Sideways,Weak,23.48,Cup and Handle,87,05-03-2026,18-05-2026,RimL:05-03-2026@609.95 ; Btm:30-03-2026@534.7 ; RimR:17-04-2026@615.75 ; Hdl:18-05-2026@562.7,Broadening Formation(68) | Flag Pattern (Bear Flag)(64),Cup and Handle(87) | Broadening Formation(68) | Flag Pattern (Bear Flag)(64),50621034,Food & Tobacco
2026-05-27,INDIACEM,400.6,Stage 1/3 (Neutral),50.39,410.2,93447,48.42,0.38,False,3.74,487.0,-1.81,False,Near Premium,50.39,17.54,False,Decreasing,0.0531,True,True,True,18.61,408.0,False,478.55,184.7,409.45,400.0,331.62,400.18,389.14,409.37,404.99,485.8,297.05,442.0,392.0,Sideways,Moderate,25.3,Double Top,78,17-04-2026,08-05-2026,P1:17-04-2026@415.6 ; P2:08-05-2026@408.8,Rounding Bottom(71) | Broadening Formation(68),Double Top(78) | Rounding Bottom(71) | Broadening Formation(68),571477761,Construction Materials
2026-05-27,APLLTD,754.2,Stage 4 (Downtrend),45.38,787.07,49295,48.06,0.27,False,3.72,488.0,-1.28,False,Near Discount,49.49,31.93,False,Decreasing,0.084,False,True,False,29.52,763.95,False,1247.7,646.55,763.95,749.0,947.12,764.88,732.78,744.16,828.98,1107.9,635.8,460.0,460.0,Uptrend,Strong,34.99,Cup and Handle,87,12-02-2026,18-05-2026,RimL:12-02-2026@789.9 ; Btm:23-03-2026@646.55 ; RimR:06-05-2026@785.5 ; Hdl:18-05-2026@724.4,Rounding Bottom(79) | Triple Top(70),Cup and Handle(87) | Rounding Bottom(79) | Triple Top(70),59666922,Pharmaceuticals
2026-05-27,BBTC,1536.6,Stage 4 (Downtrend),41.67,1683.2,22342,43.88,0.4,False,3.43,489.0,0.67,False,Near Discount,53.35,28.7,False,Decreasing,0.0626,False,True,True,13.32,1526.3,False,2884.9,1322.0,1543.6,1525.5,2103.45,1523.58,1484.38,1603.24,1743.7,2155.0,1314.6,479.0,381.0,Sideways,Weak,25.86,Cup and Handle,87,05-03-2026,12-05-2026,RimL:05-03-2026@1627.3 ; Btm:30-03-2026@1322.0 ; RimR:07-05-2026@1564.3 ; Hdl:12-05-2026@1465.6,Head and Shoulders(72) | Broadening Formation(68),Cup and Handle(87) | Head and Shoulders(72) | Broadening Formation(68),40838774,Food & Tobacco
2026-05-27,SUNDRMFAST,870.05,Stage 4 (Downtrend),49.27,884.58,37880,49.61,0.41,False,3.3,490.0,0.21,False,Near Discount,59.55,19.44,False,Decreasing,0.0673,False,True,True,16.84,868.2,False,1479.45,749.05,875.55,858.0,1114.25,851.16,817.19,859.48,917.37,1080.0,730.1,465.0,368.0,Sideways,Moderate,30.49,Cup and Handle,87,05-03-2026,12-05-2026,RimL:05-03-2026@852.95 ; Btm:30-03-2026@749.05 ; RimR:04-05-2026@881.0 ; Hdl:12-05-2026@826.45,Triple Top(70) | Broadening Formation(68) | Double Top(66),Cup and Handle(87) | Triple Top(70) | Broadening Formation(68) | Double Top(66),2014058,Automobiles & Auto Parts
2026-05-27,TBOTEK,1225.0,Stage 4 (Downtrend),44.14,1391.26,26416,43.0,0.36,False,3.24,491.0,2.0,False,Near Discount,53.72,30.59,False,Decreasing,0.1422,False,True,True,20.14,1201.0,False,1928.6,1013.5,1229.6,1201.0,1471.05,1214.69,1183.46,1279.48,1431.07,1764.8,1004.2,476.0,406.0,Sideways,Moderate,30.64,Broadening Formation,68,21-11-2025,15-05-2026,H1:21-11-2025@1710.0 ; H2:17-04-2026@1293.8 ; L1:05-12-2025@1625.3 ; L2:15-05-2026@1177.0,,Broadening Formation(68),44351049,Hotels & Entertainment Services
2026-05-27,UTIAMC,952.1,Stage 4 (Downtrend),40.54,1036.01,32046,47.58,0.22,False,3.05,492.0,0.49,False,Near Discount,46.29,36.31,False,Decreasing,0.0529,False,False,False,18.91,947.5,False,1475.4,906.65,960.0,947.5,1191.03,959.11,963.89,996.09,1122.97,1494.8,896.5,470.0,474.0,Sideways,Moderate,15.4,Double Bottom,86,27-03-2026,24-04-2026,P1:27-03-2026@936.65 ; P2:24-04-2026@925.25,Broadening Formation(68) | Rounding Top(59) | Descending Channel(57),Double Bottom(86) | Broadening Formation(68) | Rounding Top(59) | Descending Channel(57),30031642,Investment Banking & Investment Services
2026-05-27,CERA,5797.5,Stage 1/3 (Neutral),60.26,5230.5,4891,54.53,0.2,False,2.84,493.0,0.83,True,Near Discount,60.42,20.31,False,Decreasing,0.1658,False,True,True,39.43,5750.0,False,10420.45,4524.3,5829.5,5740.0,7472.38,5642.41,5255.31,5116.18,5502.83,7275.0,4461.1,496.0,480.0,Uptrend,Strong,39.32,Cup and Handle,79,10-02-2026,04-05-2026,RimL:10-02-2026@5287.4 ; Btm:13-03-2026@4524.3 ; RimR:22-04-2026@5488.9 ; Hdl:04-05-2026@5300.5,Broadening Formation(68),Cup and Handle(79) | Broadening Formation(68),2581924,Homebuilding & Construction Supplies
2026-05-27,CENTURYPLY,770.35,Stage 2 (Uptrend),52.22,764.54,35556,41.38,0.24,False,2.74,494.0,-1.21,True,Equilibrium,50.28,10.32,False,Decreasing,0.0783,False,True,False,18.81,779.75,False,916.5,645.75,789.4,765.8,781.12,780.16,750.36,748.49,767.66,859.0,618.5,468.0,467.0,Sideways,Moderate,26.66,Double Top,86,30-01-2026,01-05-2026,P1:30-01-2026@803.8 ; P2:01-05-2026@797.65,Rounding Bottom(75),Double Top(86) | Rounding Bottom(75),37219380,Paper & Forest Products
2026-05-27,JSWHL,12602.0,Stage 4 (Downtrend),36.17,16241.87,2162,61.15,0.64,False,2.72,495.0,0.81,False,Near Discount,45.94,46.77,False,Decreasing,0.0629,True,False,True,17.17,12501.0,False,26420.0,11302.0,12697.0,12458.0,18861.0,12592.65,12762.4,14966.55,16684.72,23675.0,11250.0,499.0,243.0,Sideways,Moderate,23.72,Flag Pattern (Bear Flag),64,17-09-2025,31-10-2025,PoleS:17-09-2025@18724.0 ; PoleE:09-10-2025@16332.0 ; Consol:31-10-2025@16382.0,,Flag Pattern (Bear Flag)(64),1741366,Investment Banking & Investment Services
2026-05-27,SKFINDIA,1688.3,Stage 4 (Downtrend),44.96,1749.0,15977,63.96,0.49,False,2.7,496.0,-1.33,False,Near Discount,50.71,26.6,False,Decreasing,0.0611,False,True,False,13.5,1711.0,False,3131.76,1413.7,1722.0,1684.8,2272.73,1695.52,1638.44,1683.17,1858.68,2300.0,1404.0,485.0,334.0,Sideways,Weak,24.7,Rounding Bottom,79,12-02-2026,27-05-2026,Start:12-02-2026@1717.8 ; Q1:10-03-2026@1620.9 ; Mid:06-04-2026@1519.8 ; Q3:01-05-2026@1715.0 ; End:27-05-2026@1688.3,Triple Top(70) | Double Top(66),Rounding Bottom(79) | Triple Top(70) | Double Top(66),4002346,"Machinery, Equipment & Components"
2026-05-27,MASTEK,1632.4,Stage 4 (Downtrend),40.84,1848.94,15011,51.79,0.3,False,2.45,497.0,0.01,False,Near Discount,49.83,42.07,False,Decreasing,0.1164,False,True,False,14.5,1632.2,False,3270.85,1342.2,1653.1,1625.0,2306.52,1639.15,1595.07,1713.14,1987.72,2818.0,1334.2,486.0,443.0,Sideways,Weak,34.15,Flag Pattern (Bear Flag),64,17-09-2025,31-10-2025,PoleS:17-09-2025@2454.6 ; PoleE:09-10-2025@2117.9 ; Consol:31-10-2025@2139.6,,Flag Pattern (Bear Flag)(64),24819859,Software & IT Services
2026-05-27,DCMSHRIRAM,1079.3,Stage 4 (Downtrend),43.31,1158.98,21429,47.99,0.18,False,2.31,498.0,-0.98,False,Near Discount,34.41,28.16,False,Decreasing,0.2425,False,False,False,23.85,1090.0,False,1442.1,854.25,1108.5,1073.0,1148.18,1169.34,1151.27,1126.95,1180.78,1502.3,945.1,480.0,486.0,Sideways,Moderate,37.77,Rounding Bottom,79,24-12-2025,27-05-2026,Start:24-12-2025@1258.6 ; Q1:02-02-2026@1160.8 ; Mid:12-03-2026@1015.7 ; Q3:20-04-2026@1199.6 ; End:27-05-2026@1079.3,Broadening Formation(68) | Rounding Top(59),Rounding Bottom(79) | Broadening Formation(68) | Rounding Top(59),31274214,Chemicals
2026-05-27,WESTLIFE,469.3,Stage 4 (Downtrend),40.27,502.42,18986,51.82,0.16,False,0.89,499.0,-0.12,False,Near Discount,46.31,42.71,False,Decreasing,0.1165,False,True,False,16.98,469.85,False,944.35,416.85,474.6,466.2,680.6,480.12,467.37,481.39,551.94,819.2,398.4,481.0,490.0,Sideways,Moderate,24.24,Descending Channel,57,28-11-2025,08-05-2026,UL1:28-11-2025@567.2 ; UL2:06-02-2026@542.25 ; UL3:10-04-2026@466.35 ; UL4:08-05-2026@505.2 ; LL1:19-12-2025@520.25 ; LL2:16-01-2026@487.5 ; LL3:20-03-2026@437.55 ; LL4:24-04-2026@462.75,,Descending Channel(57),29786272,Hotels & Entertainment Services
